ticker,strategy,position,entry_date,exit_date,entry_spot,exit_spot,call_strike,put_strike,entry_premium,exit_premium,vol,pnl,entry_cashflow,exit_cashflow,capital_required,cum_pnl,series_id,initial_balance,equity,return_pct,prev_equity,trade_return_pct,equity_before_entry,capital_used_pct,free_cash_after_entry
SPY,equity,long,2024-01-29,2024-01-30,491.2699890136719,490.55999755859375,,,0.0,0.0,,-70.9991455078125,-49126.99890136719,49055.999755859375,49126.99890136719,-70.9991455078125,SPY|long|equity,100000.0,99929.00085449219,-0.0007099914550781072,100000.0,-0.000709991455078125,100000.0,0.49126998901367186,50873.00109863281
SPY,equity,long,2024-01-30,2024-01-31,490.8900146484375,488.6199951171875,,,0.0,0.0,,-227.001953125,-49089.00146484375,48861.99951171875,49089.00146484375,-298.0010986328125,SPY|long|equity,100000.0,99701.99890136719,-0.002980010986328163,99929.00085449219,-0.002271632370822363,99929.00085449219,0.49123878999173454,50839.99938964844
SPY,equity,long,2024-01-31,2024-02-01,482.8800048828125,484.6300048828125,,,0.0,0.0,,175.0,-48288.00048828125,48463.00048828125,48288.00048828125,-123.0010986328125,SPY|long|equity,100000.0,99876.99890136719,-0.0012300109863281339,99701.99890136719,0.0017552306064908822,99701.99890136719,0.48432329361873094,51413.99841308594
SPY,equity,long,2024-02-01,2024-02-02,489.20001220703125,489.6499938964844,,,0.0,0.0,,44.9981689453125,-48920.001220703125,48964.99938964844,48920.001220703125,-78.0029296875,SPY|long|equity,100000.0,99921.9970703125,-0.00078002929687504,99876.99890136719,0.000450535853502668,99876.99890136719,0.48980247463195925,50956.99768066406
SPY,equity,long,2024-02-02,2024-02-05,494.3500061035156,493.70001220703125,,,0.0,0.0,,-64.9993896484375,-49435.00061035156,49370.001220703125,49435.00061035156,-143.0023193359375,SPY|long|equity,100000.0,99856.99768066406,-0.0014300231933593865,99921.9970703125,-0.0006505013065611482,99921.9970703125,0.49473591461112854,50486.99645996094
SPY,equity,long,2024-02-05,2024-02-06,492.54998779296875,493.5199890136719,,,0.0,0.0,,97.0001220703125,-49254.998779296875,49351.99890136719,49254.998779296875,-46.002197265625,SPY|long|equity,100000.0,99953.99780273438,-0.000460021972656266,99856.99768066406,0.0009713903314068418,99856.99768066406,0.4932553543899951,50601.99890136719
SPY,equity,long,2024-02-06,2024-02-07,493.9800109863281,496.2900085449219,,,0.0,0.0,,230.999755859375,-49398.00109863281,49629.00085449219,49398.00109863281,184.99755859375,SPY|long|equity,100000.0,100184.99755859375,0.00184997558593758,99953.99780273438,0.002311060697294648,99953.99780273438,0.49420735722970216,50555.99670410156
SPY,equity,long,2024-02-07,2024-02-08,498.1000061035156,498.1000061035156,,,0.0,0.0,,0.0,-49810.00061035156,49810.00061035156,49810.00061035156,184.99755859375,SPY|long|equity,100000.0,100184.99755859375,0.00184997558593758,100184.99755859375,0.0,100184.99755859375,0.49718023480731144,50374.99694824219
SPY,equity,long,2024-02-08,2024-02-09,498.32000732421875,498.8399963378906,,,0.0,0.0,,51.9989013671875,-49832.000732421875,49883.99963378906,49832.000732421875,236.9964599609375,SPY|long|equity,100000.0,100236.99645996094,0.0023699645996093643,100184.99755859375,0.0005190288230208885,100184.99755859375,0.49739982978267133,50352.996826171875
SPY,equity,long,2024-02-09,2024-02-12,501.20001220703125,501.1700134277344,,,0.0,0.0,,-2.9998779296875,-50120.001220703125,50117.00134277344,50120.001220703125,233.99658203125,SPY|long|equity,100000.0,100233.99658203125,0.002339965820312484,100236.99645996094,-2.992785134863636e-05,100236.99645996094,0.5000149943710979,50116.99523925781
SPY,equity,long,2024-02-12,2024-02-13,500.9800109863281,494.5299987792969,,,0.0,0.0,,-645.001220703125,-50098.00109863281,49452.99987792969,50098.00109863281,-411.004638671875,SPY|long|equity,100000.0,99588.99536132812,-0.0041100463867187464,100233.99658203125,-0.006434954633134453,100233.99658203125,0.4998104715662289,50135.99548339844
SPY,equity,long,2024-02-13,2024-02-14,494.0799865722656,496.7900085449219,,,0.0,0.0,,271.002197265625,-49407.99865722656,49679.00085449219,49407.99865722656,-140.00244140625,SPY|long|equity,100000.0,99859.99755859375,-0.0014000244140625062,99588.99536132812,0.0027212062565987,99588.99536132812,0.4961190589177528,50180.99670410156
SPY,equity,long,2024-02-14,2024-02-15,498.57000732421875,499.2900085449219,,,0.0,0.0,,72.0001220703125,-49857.000732421875,49929.00085449219,49857.000732421875,-68.0023193359375,SPY|long|equity,100000.0,99931.99768066406,-0.0006800231933593581,99859.99755859375,0.0007210106532204327,99859.99755859375,0.4992689961079544,50002.996826171875
SPY,equity,long,2024-02-15,2024-02-16,502.010009765625,501.70001220703125,,,0.0,0.0,,-30.999755859375,-50201.0009765625,50170.001220703125,50201.0009765625,-99.0020751953125,SPY|long|equity,100000.0,99900.99792480469,-0.0009900207519530912,99931.99768066406,-0.0003102085075736775,99931.99768066406,0.5023516205187994,49730.99670410156
SPY,equity,long,2024-02-16,2024-02-20,499.510009765625,497.7200012207031,,,0.0,0.0,,-179.0008544921875,-49951.0009765625,49772.00012207031,49951.0009765625,-278.0029296875,SPY|long|equity,100000.0,99721.9970703125,-0.0027800292968750417,99900.99792480469,-0.0017917824467271201,99900.99792480469,0.5000050251165713,49949.99694824219
SPY,equity,long,2024-02-20,2024-02-21,496.760009765625,495.4200134277344,,,0.0,0.0,,-133.9996337890625,-49676.0009765625,49542.00134277344,49676.0009765625,-412.0025634765625,SPY|long|equity,100000.0,99587.99743652344,-0.004120025634765656,99721.9970703125,-0.0013437319520845671,99721.9970703125,0.4981448670902237,50045.99609375
SPY,equity,long,2024-02-21,2024-02-22,497.2099914550781,504.010009765625,,,0.0,0.0,,680.0018310546875,-49720.99914550781,50401.0009765625,49720.99914550781,267.999267578125,SPY|long|equity,100000.0,100267.99926757812,0.0026799926757812287,99587.99743652344,0.006828150465502784,99587.99743652344,0.4992669842286925,49866.998291015625
SPY,equity,long,2024-02-22,2024-02-23,507.5,509.2699890136719,,,0.0,0.0,,176.9989013671875,-50750.0,50926.99890136719,50750.0,444.9981689453125,SPY|long|equity,100000.0,100444.99816894531,0.0044499816894532085,100267.99926757812,0.0017652581347997484,100267.99926757812,0.5061435390225256,49517.999267578125
SPY,equity,long,2024-02-23,2024-02-26,507.8500061035156,508.29998779296875,,,0.0,0.0,,44.9981689453125,-50785.00061035156,50829.998779296875,50785.00061035156,489.996337890625,SPY|long|equity,100000.0,100489.99633789062,0.004899963378906191,100444.99816894531,0.0004479881503868117,100444.99816894531,0.5056000949388519,49659.99755859375
SPY,equity,long,2024-02-26,2024-02-27,505.989990234375,506.70001220703125,,,0.0,0.0,,71.002197265625,-50598.9990234375,50670.001220703125,50598.9990234375,560.99853515625,SPY|long|equity,100000.0,100560.99853515625,0.005609985351562541,100489.99633789062,0.0007065598552405659,100489.99633789062,0.503522747212587,49890.997314453125
SPY,equity,long,2024-02-27,2024-02-28,506.92999267578125,505.3299865722656,,,0.0,0.0,,-160.0006103515625,-50692.999267578125,50532.99865722656,50692.999267578125,400.9979248046875,SPY|long|equity,100000.0,100400.99792480469,0.004009979248046802,100560.99853515625,-0.0015910801670851159,100560.99853515625,0.5041019879079243,49867.999267578125
SPY,equity,long,2024-02-28,2024-02-29,506.260009765625,508.07000732421875,,,0.0,0.0,,180.999755859375,-50626.0009765625,50807.000732421875,50626.0009765625,581.9976806640625,SPY|long|equity,100000.0,100581.99768066406,0.005819976806640703,100400.99792480469,0.0018027684943424042,100400.99792480469,0.5042380257463062,49774.99694824219
SPY,equity,long,2024-02-29,2024-03-01,508.0799865722656,508.9800109863281,,,0.0,0.0,,90.00244140625,-50807.99865722656,50898.00109863281,50807.99865722656,672.0001220703125,SPY|long|equity,100000.0,100672.00012207031,0.006720001220703153,100581.99768066406,0.0008948166021915482,100581.99768066406,0.5051400830050716,49773.9990234375
SPY,equity,long,2024-03-01,2024-03-04,512.8499755859375,512.030029296875,,,0.0,0.0,,-81.99462890625,-51284.99755859375,51203.0029296875,51284.99755859375,590.0054931640625,SPY|long|equity,100000.0,100590.00549316406,0.005900054931640586,100672.00012207031,-0.0008144730293112983,100672.00012207031,0.5094266280237592,49387.00256347656
SPY,equity,long,2024-03-04,2024-03-05,512.2999877929688,510.239990234375,,,0.0,0.0,,-205.999755859375,-51229.998779296875,51023.9990234375,51229.998779296875,384.0057373046875,SPY|long|equity,100000.0,100384.00573730469,0.0038400573730468235,100590.00549316406,-0.0020479147490788676,100590.00549316406,0.5092951186167137,49360.00671386719
SPY,equity,long,2024-03-05,2024-03-06,507.17999267578125,510.54998779296875,,,0.0,0.0,,336.99951171875,-50717.999267578125,51054.998779296875,50717.999267578125,721.0052490234375,SPY|long|equity,100000.0,100721.00524902344,0.00721005249023432,100384.00573730469,0.003357103646577378,100384.00573730469,0.5052398426926922,49666.00646972656
SPY,equity,long,2024-03-06,2024-03-07,509.75,513.1400146484375,,,0.0,0.0,,339.00146484375,-50975.0,51314.00146484375,50975.0,1060.0067138671875,SPY|long|equity,100000.0,101060.00671386719,0.010600067138671898,100721.00524902344,0.003365747432778297,100721.00524902344,0.5061009853304084,49746.00524902344
SPY,equity,long,2024-03-07,2024-03-08,514.8099975585938,515.4600219726562,,,0.0,0.0,,65.00244140625,-51480.999755859375,51546.002197265625,51480.999755859375,1125.0091552734375,SPY|long|equity,100000.0,101125.00915527344,0.011250091552734265,101060.00671386719,0.000643206383216384,101060.00671386719,0.5094102150776454,49579.00695800781
SPY,equity,long,2024-03-08,2024-03-11,511.7200012207031,510.4800109863281,,,0.0,0.0,,-123.9990234375,-51172.00012207031,51048.00109863281,51172.00012207031,1001.0101318359375,SPY|long|equity,100000.0,101001.01013183594,0.010010101318359332,101125.00915527344,-0.0012261954235979788,101125.00915527344,0.5060271494610966,49953.009033203125
SPY,equity,long,2024-03-11,2024-03-12,511.2799987792969,513.4500122070312,,,0.0,0.0,,217.0013427734375,-51127.99987792969,51345.001220703125,51127.99987792969,1218.011474609375,SPY|long|equity,100000.0,101218.01147460938,0.012180114746093818,101001.01013183594,0.002148506658400615,101001.01013183594,0.5062127577852207,49873.01025390625
SPY,equity,long,2024-03-12,2024-03-13,516.780029296875,517.1099853515625,,,0.0,0.0,,32.99560546875,-51678.0029296875,51710.99853515625,51678.0029296875,1251.007080078125,SPY|long|equity,100000.0,101251.00708007812,0.012510070800781259,101218.01147460938,0.000325985513724768,101218.01147460938,0.5105613336678816,49540.008544921875
SPY,equity,long,2024-03-13,2024-03-14,515.969970703125,516.969970703125,,,0.0,0.0,,100.0,-51596.9970703125,51696.9970703125,51596.9970703125,1351.007080078125,SPY|long|equity,100000.0,101351.00708007812,0.013510070800781149,101251.00708007812,0.0009876444974113816,101251.00708007812,0.5095949023944532,49654.010009765625
SPY,equity,long,2024-03-14,2024-03-15,514.9500122070312,510.2099914550781,,,0.0,0.0,,-474.0020751953125,-51495.001220703125,51020.99914550781,51495.001220703125,877.0050048828125,SPY|long|equity,100000.0,100877.00500488281,0.008770050048828137,101351.00708007812,-0.004676836361584451,101351.00708007812,0.5080857379149333,49856.005859375
SPY,equity,long,2024-03-15,2024-03-18,509.8299865722656,514.0,,,0.0,0.0,,417.0013427734375,-50982.99865722656,51400.0,50982.99865722656,1294.00634765625,SPY|long|equity,100000.0,101294.00634765625,0.012940063476562402,100877.00500488281,0.004133760144378326,100877.00500488281,0.5053976241142251,49894.00634765625
SPY,equity,long,2024-03-18,2024-03-19,512.8599853515625,512.1500244140625,,,0.0,0.0,,-70.99609375,-51285.99853515625,51215.00244140625,51285.99853515625,1223.01025390625,SPY|long|equity,100000.0,101223.01025390625,0.012230102539062537,101294.00634765625,-0.0007008913588266095,101294.00634765625,0.5063083235066742,50008.0078125
SPY,equity,long,2024-03-19,2024-03-20,515.7100219726562,515.77001953125,,,0.0,0.0,,5.999755859375,-51571.002197265625,51577.001953125,51571.002197265625,1229.010009765625,SPY|long|equity,100000.0,101229.01000976562,0.012290100097656298,101223.01025390625,5.9272648030574315e-05,101223.01025390625,0.5094790410590014,49652.008056640625
SPY,equity,long,2024-03-20,2024-03-21,520.47998046875,523.3900146484375,,,0.0,0.0,,291.00341796875,-52047.998046875,52339.00146484375,52047.998046875,1520.013427734375,SPY|long|equity,100000.0,101520.01342773438,0.01520013427734379,101229.01000976562,0.0028747037824500775,101229.01000976562,0.5141608916441432,49181.011962890625
SPY,equity,long,2024-03-21,2024-03-22,522.2000122070312,522.1099853515625,,,0.0,0.0,,-9.002685546875,-52220.001220703125,52210.99853515625,52220.001220703125,1511.0107421875,SPY|long|equity,100000.0,101511.0107421875,0.015110107421874908,101520.01342773438,-8.867892391763164e-05,101520.01342773438,0.514381346667918,49300.01220703125
SPY,equity,long,2024-03-22,2024-03-25,521.2100219726562,519.7999877929688,,,0.0,0.0,,-141.00341796875,-52121.002197265625,51979.998779296875,52121.002197265625,1370.00732421875,SPY|long|equity,100000.0,101370.00732421875,0.013700073242187472,101511.0107421875,-0.0013890455521801798,101511.0107421875,0.5134517114566014,49390.008544921875
SPY,equity,long,2024-03-25,2024-03-26,519.77001953125,521.22998046875,,,0.0,0.0,,145.99609375,-51977.001953125,52122.998046875,51977.001953125,1516.00341796875,SPY|long|equity,100000.0,101516.00341796875,0.015160034179687587,101370.00732421875,0.0014402296853254684,101370.00732421875,0.512745370402148,49393.00537109375
SPY,equity,long,2024-03-26,2024-03-27,518.8099975585938,521.7100219726562,,,0.0,0.0,,290.00244140625,-51880.999755859375,52171.002197265625,51880.999755859375,1806.005859375,SPY|long|equity,100000.0,101806.005859375,0.01806005859375004,101516.00341796875,0.0028567164943662307,101516.00341796875,0.5110622759866867,49635.003662109375
SPY,equity,long,2024-03-27,2024-03-28,523.1699829101562,523.2100219726562,,,0.0,0.0,,4.00390625,-52316.998291015625,52321.002197265625,52316.998291015625,1810.009765625,SPY|long|equity,100000.0,101810.009765625,0.01810009765624998,101806.005859375,3.932878238569353e-05,101806.005859375,0.5138891153757793,49489.007568359375
SPY,equity,long,2024-03-28,2024-04-01,523.0700073242188,523.8300170898438,,,0.0,0.0,,76.0009765625,-52307.000732421875,52383.001708984375,52307.000732421875,1886.0107421875,SPY|long|equity,100000.0,101886.0107421875,0.01886010742187505,101810.009765625,0.0007464980775216552,101810.009765625,0.513770707348294,49503.009033203125
SPY,equity,long,2024-04-01,2024-04-02,522.1599731445312,518.239990234375,,,0.0,0.0,,-391.998291015625,-52215.997314453125,51823.9990234375,52215.997314453125,1494.012451171875,SPY|long|equity,100000.0,101494.01245117188,0.014940124511718667,101886.0107421875,-0.0038474201527777746,101886.0107421875,0.5124942760452224,49670.013427734375
SPY,equity,long,2024-04-02,2024-04-03,518.8400268554688,517.719970703125,,,0.0,0.0,,-112.005615234375,-51884.002685546875,51771.9970703125,51884.002685546875,1382.0068359375,SPY|long|equity,100000.0,101382.0068359375,0.013820068359374993,101494.01245117188,-0.0011035686985797334,101494.01245117188,0.5112025964143249,49610.009765625
SPY,equity,long,2024-04-03,2024-04-04,519.4099731445312,523.52001953125,,,0.0,0.0,,411.004638671875,-51940.997314453125,52352.001953125,51940.997314453125,1793.011474609375,SPY|long|equity,100000.0,101793.01147460938,0.01793011474609374,101382.0068359375,0.004054019559279267,101382.0068359375,0.512329543826324,49441.009521484375
SPY,equity,long,2024-04-04,2024-04-05,513.0700073242188,514.4600219726562,,,0.0,0.0,,139.00146484375,-51307.000732421875,51446.002197265625,51307.000732421875,1932.012939453125,SPY|long|equity,100000.0,101932.01293945312,0.019320129394531316,101793.01147460938,0.0013655305293568377,101793.01147460938,0.5040326441783244,50486.0107421875
SPY,equity,long,2024-04-05,2024-04-08,518.4299926757812,519.1500244140625,,,0.0,0.0,,72.003173828125,-51842.999267578125,51915.00244140625,51842.999267578125,2004.01611328125,SPY|long|equity,100000.0,102004.01611328125,0.020040161132812484,101932.01293945312,0.0007063843021612294,101932.01293945312,0.508603703317156,50089.013671875
SPY,equity,long,2024-04-08,2024-04-09,518.719970703125,520.5,,,0.0,0.0,,178.0029296875,-51871.9970703125,52050.0,51871.9970703125,2182.01904296875,SPY|long|equity,100000.0,102182.01904296875,0.021820190429687525,102004.01611328125,0.0017450580523203875,102004.01611328125,0.5085289682389142,50132.01904296875
SPY,equity,long,2024-04-09,2024-04-10,519.3200073242188,513.47998046875,,,0.0,0.0,,-584.002685546875,-51932.000732421875,51347.998046875,51932.000732421875,1598.016357421875,SPY|long|equity,100000.0,101598.01635742188,0.01598016357421872,102182.01904296875,-0.005715317538414415,102182.01904296875,0.5082303248537676,50250.018310546875
SPY,equity,long,2024-04-10,2024-04-11,514.1199951171875,515.6799926757812,,,0.0,0.0,,155.999755859375,-51411.99951171875,51567.999267578125,51411.99951171875,1754.01611328125,SPY|long|equity,100000.0,101754.01611328125,0.017540161132812537,101598.01635742188,0.0015354606463040359,101598.01635742188,0.5060334970601327,50186.016845703125
SPY,equity,long,2024-04-11,2024-04-12,518.0,514.3699951171875,,,0.0,0.0,,-363.00048828125,-51800.0,51436.99951171875,51800.0,1391.015625,SPY|long|equity,100000.0,101391.015625,0.013910156249999917,101754.01611328125,-0.0035674315584470584,101754.01611328125,0.5090708158617722,49954.01611328125
SPY,equity,long,2024-04-12,2024-04-15,510.8500061035156,515.1300048828125,,,0.0,0.0,,427.9998779296875,-51085.00061035156,51513.00048828125,51085.00061035156,1819.0155029296875,SPY|long|equity,100000.0,101819.01550292969,0.018190155029296884,101391.015625,0.0042212801133452256,101391.015625,0.5038414922214817,50306.01501464844
SPY,equity,long,2024-04-15,2024-04-16,504.45001220703125,504.94000244140625,,,0.0,0.0,,48.9990234375,-50445.001220703125,50494.000244140625,50445.001220703125,1868.0145263671875,SPY|long|equity,100000.0,101868.01452636719,0.018680145263671788,101819.01550292969,0.00048123646840889095,101819.01550292969,0.4954379196413625,51374.01428222656
SPY,equity,long,2024-04-16,2024-04-17,503.5299987792969,506.04998779296875,,,0.0,0.0,,251.9989013671875,-50352.99987792969,50604.998779296875,50352.99987792969,2120.013427734375,SPY|long|equity,100000.0,102120.01342773438,0.021200134277343796,101868.01452636719,0.002473778472456248,101868.01452636719,0.4942964689362477,51515.0146484375
SPY,equity,long,2024-04-17,2024-04-18,500.54998779296875,501.9800109863281,,,0.0,0.0,,143.0023193359375,-50054.998779296875,50198.00109863281,50054.998779296875,2263.0157470703125,SPY|long|equity,100000.0,102263.01574707031,0.02263015747070307,102120.01342773438,0.0014003358845730435,102120.01342773438,0.49015856049332085,52065.0146484375
SPY,equity,long,2024-04-18,2024-04-19,499.5199890136719,499.44000244140625,,,0.0,0.0,,-7.9986572265625,-49951.99890136719,49944.000244140625,49951.99890136719,2255.01708984375,SPY|long|equity,100000.0,102255.01708984375,0.02255017089843747,102263.01574707031,-7.821652009897479e-05,102263.01574707031,0.488465928140773,52311.016845703125
SPY,equity,long,2024-04-19,2024-04-22,495.1600036621094,497.8299865722656,,,0.0,0.0,,266.998291015625,-49516.00036621094,49782.99865722656,49516.00036621094,2522.015380859375,SPY|long|equity,100000.0,102522.01538085938,0.02522015380859366,102255.01708984375,0.0026111021113128735,102255.01708984375,0.48424030209397917,52739.01672363281
SPY,equity,long,2024-04-22,2024-04-23,499.7200012207031,501.7799987792969,,,0.0,0.0,,205.999755859375,-49972.00012207031,50177.99987792969,49972.00012207031,2728.01513671875,SPY|long|equity,100000.0,102728.01513671875,0.027280151367187422,102522.01538085938,0.002009322145044709,102522.01538085938,0.4874270168844142,52550.01525878906
SPY,equity,long,2024-04-23,2024-04-24,505.6499938964844,506.55999755859375,,,0.0,0.0,,91.0003662109375,-50564.99938964844,50655.999755859375,50564.99938964844,2819.0155029296875,SPY|long|equity,100000.0,102819.01550292969,0.028190155029296893,102728.01513671875,0.0008858378709043181,102728.01513671875,0.49222210048887294,52163.01574707031
SPY,equity,long,2024-04-24,2024-04-25,505.4100036621094,499.17999267578125,,,0.0,0.0,,-623.0010986328125,-50541.00036621094,49917.999267578125,50541.00036621094,2196.014404296875,SPY|long|equity,100000.0,102196.01440429688,0.021960144042968643,102819.01550292969,-0.0060592011661020125,102819.01550292969,0.4915530470603547,52278.01513671875
SPY,equity,long,2024-04-25,2024-04-26,503.489990234375,506.3500061035156,,,0.0,0.0,,286.0015869140625,-50348.9990234375,50635.00061035156,50348.9990234375,2482.0159912109375,SPY|long|equity,100000.0,102482.01599121094,0.024820159912109396,102196.01440429688,0.002798559108015835,102196.01440429688,0.4926708670286515,51847.015380859375
SPY,equity,long,2024-04-26,2024-04-29,508.260009765625,510.0899963378906,,,0.0,0.0,,182.9986572265625,-50826.0009765625,51008.99963378906,50826.0009765625,2665.0146484375,SPY|long|equity,100000.0,102665.0146484375,0.026650146484374915,102482.01599121094,0.0017856660552253074,102482.01599121094,0.49595044052335424,51656.01501464844
SPY,equity,long,2024-04-29,2024-04-30,510.05999755859375,508.55999755859375,,,0.0,0.0,,-150.0,-51005.999755859375,50855.999755859375,51005.999755859375,2515.0146484375,SPY|long|equity,100000.0,102515.0146484375,0.02515014648437508,102665.0146484375,-0.0014610624711217815,102665.0146484375,0.49681968030221924,51659.014892578125
SPY,equity,long,2024-04-30,2024-05-01,501.9800109863281,501.3800048828125,,,0.0,0.0,,-60.0006103515625,-50198.00109863281,50138.00048828125,50198.00109863281,2455.0140380859375,SPY|long|equity,100000.0,102455.01403808594,0.024550140380859453,102515.0146484375,-0.0005852860730433209,102515.0146484375,0.4896648678320987,52317.01354980469
SPY,equity,long,2024-05-01,2024-05-02,500.3500061035156,504.1499938964844,,,0.0,0.0,,379.998779296875,-50035.00061035156,50414.99938964844,50035.00061035156,2835.0128173828125,SPY|long|equity,100000.0,102835.01281738281,0.028350128173828093,102455.01403808594,0.0037089329679425628,102455.01403808594,0.4883606827846599,52420.013427734375
SPY,equity,long,2024-05-02,2024-05-03,505.0299987792969,511.1600036621094,,,0.0,0.0,,613.00048828125,-50502.99987792969,51116.00036621094,50502.99987792969,3448.0133056640625,SPY|long|equity,100000.0,103448.01330566406,0.03448013305664066,102835.01281738281,0.005961009499457473,102835.01281738281,0.4911070509381302,52332.012939453125
SPY,equity,long,2024-05-03,2024-05-06,511.2900085449219,513.75,,,0.0,0.0,,245.9991455078125,-51129.00085449219,51375.0,51129.00085449219,3694.012451171875,SPY|long|equity,100000.0,103694.01245117188,0.036940124511718686,103448.01330566406,0.002377997775374806,103448.01330566406,0.4942482626845453,52319.012451171875
SPY,equity,long,2024-05-06,2024-05-07,516.5700073242188,517.5599975585938,,,0.0,0.0,,98.9990234375,-51657.000732421875,51755.999755859375,51657.000732421875,3793.011474609375,SPY|long|equity,100000.0,103793.01147460938,0.03793011474609376,103694.01245117188,0.0009547226604247503,103694.01245117188,0.49816763293585986,52037.01171875
SPY,equity,long,2024-05-07,2024-05-08,517.1400146484375,515.260009765625,,,0.0,0.0,,-188.00048828125,-51714.00146484375,51526.0009765625,51714.00146484375,3605.010986328125,SPY|long|equity,100000.0,103605.01098632812,0.03605010986328128,103793.01147460938,-0.0018113019904739934,103793.01147460938,0.4982416516307981,52079.010009765625
SPY,equity,long,2024-05-08,2024-05-09,517.1900024414062,517.3800048828125,,,0.0,0.0,,19.000244140625,-51719.000244140625,51738.00048828125,51719.000244140625,3624.01123046875,SPY|long|equity,100000.0,103624.01123046875,0.0362401123046876,103605.01098632812,0.00018339116959441567,103605.01098632812,0.49919400376267076,51886.0107421875
SPY,equity,long,2024-05-09,2024-05-10,520.1699829101562,521.8099975585938,,,0.0,0.0,,164.00146484375,-52016.998291015625,52180.999755859375,52016.998291015625,3788.0126953125,SPY|long|equity,100000.0,103788.0126953125,0.03788012695312504,103624.01123046875,0.0015826589117361668,103624.01123046875,0.5019782352887819,51607.012939453125
SPY,equity,long,2024-05-10,2024-05-13,520.8400268554688,522.5599975585938,,,0.0,0.0,,171.9970703125,-52084.002685546875,52255.999755859375,52084.002685546875,3960.009765625,SPY|long|equity,100000.0,103960.009765625,0.039600097656250055,103788.0126953125,0.0016571959116071225,103788.0126953125,0.5018306192878785,51704.010009765625
SPY,equity,long,2024-05-13,2024-05-14,520.9099731445312,521.1099853515625,,,0.0,0.0,,20.001220703125,-52090.997314453125,52110.99853515625,52090.997314453125,3980.010986328125,SPY|long|equity,100000.0,103980.01098632812,0.0398001098632812,103960.009765625,0.00019239340923704417,103960.009765625,0.5010676454522355,51869.012451171875
SPY,equity,long,2024-05-14,2024-05-15,523.2999877929688,525.8300170898438,,,0.0,0.0,,253.0029296875,-52329.998779296875,52583.001708984375,52329.998779296875,4233.013916015625,SPY|long|equity,100000.0,104233.01391601562,0.042330139160156266,103980.01098632812,0.0024331881415243,103980.01098632812,0.5032697946740697,51650.01220703125
SPY,equity,long,2024-05-15,2024-05-16,529.780029296875,529.8800048828125,,,0.0,0.0,,9.99755859375,-52978.0029296875,52988.00048828125,52978.0029296875,4243.011474609375,SPY|long|equity,100000.0,104243.01147460938,0.042430114746093706,104233.01391601562,9.591547071454157e-05,104233.01391601562,0.5082650970101836,51255.010986328125
SPY,equity,long,2024-05-16,2024-05-17,528.6900024414062,528.8099975585938,,,0.0,0.0,,11.99951171875,-52869.000244140625,52880.999755859375,52869.000244140625,4255.010986328125,SPY|long|equity,100000.0,104255.01098632812,0.04255010986328123,104243.01147460938,0.00011511094651820126,104243.01147460938,0.5071706917927827,51374.01123046875
SPY,equity,long,2024-05-17,2024-05-20,529.4500122070312,529.5700073242188,,,0.0,0.0,,11.99951171875,-52945.001220703125,52957.000732421875,52945.001220703125,4267.010498046875,SPY|long|equity,100000.0,104267.01049804688,0.04267010498046875,104255.01098632812,0.00011509769751329843,104255.01098632812,0.507841308727561,51310.009765625
SPY,equity,long,2024-05-20,2024-05-21,530.0599975585938,529.280029296875,,,0.0,0.0,,-77.996826171875,-53005.999755859375,52928.0029296875,53005.999755859375,4189.013671875,SPY|long|equity,100000.0,104189.013671875,0.04189013671875008,104267.01049804688,-0.0007480489351263795,104267.01049804688,0.5083678864740472,51261.0107421875
SPY,equity,long,2024-05-21,2024-05-22,531.3599853515625,530.6500244140625,,,0.0,0.0,,-70.99609375,-53135.99853515625,53065.00244140625,53135.99853515625,4118.017578125,SPY|long|equity,100000.0,104118.017578125,0.041180175781249995,104189.013671875,-0.0006814163149061928,104189.013671875,0.509996175820406,51053.01513671875
SPY,equity,long,2024-05-22,2024-05-23,529.8300170898438,532.9600219726562,,,0.0,0.0,,313.00048828125,-52983.001708984375,53296.002197265625,52983.001708984375,4431.01806640625,SPY|long|equity,100000.0,104431.01806640625,0.04431018066406245,104118.017578125,0.0030062086808980005,104118.017578125,0.5088744766891913,51135.015869140625
SPY,equity,long,2024-05-23,2024-05-24,525.9600219726562,527.8499755859375,,,0.0,0.0,,188.995361328125,-52596.002197265625,52784.99755859375,52596.002197265625,4620.013427734375,SPY|long|equity,100000.0,104620.01342773438,0.04620013427734371,104431.01806640625,0.0018097627010391247,104431.01806640625,0.5036434880278631,51835.015869140625
SPY,equity,long,2024-05-24,2024-05-28,529.4400024414062,530.27001953125,,,0.0,0.0,,83.001708984375,-52944.000244140625,53027.001953125,52944.000244140625,4703.01513671875,SPY|long|equity,100000.0,104703.01513671875,0.04703015136718758,104620.01342773438,0.0007933635856557017,104620.01342773438,0.5060599641454966,51676.01318359375
SPY,equity,long,2024-05-28,2024-05-29,529.8099975585938,525.6799926757812,,,0.0,0.0,,-413.00048828125,-52980.999755859375,52567.999267578125,52980.999755859375,4290.0146484375,SPY|long|equity,100000.0,104290.0146484375,0.04290014648437501,104703.01513671875,-0.003944494700004232,104703.01513671875,0.5060121686722968,51722.015380859375
SPY,equity,long,2024-05-29,2024-05-30,526.0999755859375,524.52001953125,,,0.0,0.0,,-157.99560546875,-52609.99755859375,52452.001953125,52609.99755859375,4132.01904296875,SPY|long|equity,100000.0,104132.01904296875,0.0413201904296876,104290.0146484375,-0.0015149638822216536,104290.0146484375,0.5044586266091005,51680.01708984375
SPY,equity,long,2024-05-30,2024-05-31,522.6099853515625,523.5900268554688,,,0.0,0.0,,98.004150390625,-52260.99853515625,52359.002685546875,52260.99853515625,4230.023193359375,SPY|long|equity,100000.0,104230.02319335938,0.04230023193359367,104132.01904296875,0.0009411528873764066,104132.01904296875,0.5018725173627088,51871.0205078125
SPY,equity,long,2024-05-31,2024-06-03,527.3699951171875,529.02001953125,,,0.0,0.0,,165.00244140625,-52736.99951171875,52902.001953125,52736.99951171875,4395.025634765625,SPY|long|equity,100000.0,104395.02563476562,0.04395025634765615,104230.02319335938,0.0015830605841864814,104230.02319335938,0.5059674544433824,51493.023681640625
SPY,equity,long,2024-06-03,2024-06-04,527.7999877929688,526.4600219726562,,,0.0,0.0,,-133.99658203125,-52779.998779296875,52646.002197265625,52779.998779296875,4261.029052734375,SPY|long|equity,100000.0,104261.02905273438,0.042610290527343775,104395.02563476562,-0.0012835533227420989,104395.02563476562,0.5055796333050574,51615.02685546875
SPY,equity,long,2024-06-04,2024-06-05,528.3900146484375,530.77001953125,,,0.0,0.0,,238.00048828125,-52839.00146484375,53077.001953125,52839.00146484375,4499.029541015625,SPY|long|equity,100000.0,104499.02954101562,0.0449902954101562,104261.02905273438,0.0022827368043803913,104261.02905273438,0.5067953188733464,51422.027587890625
SPY,equity,long,2024-06-05,2024-06-06,534.6699829101562,534.97998046875,,,0.0,0.0,,30.999755859375,-53466.998291015625,53497.998046875,53466.998291015625,4530.029296875,SPY|long|equity,100000.0,104530.029296875,0.045300292968750044,104499.02954101562,0.0002966511363362247,104499.02954101562,0.5116506682009899,51032.03125
SPY,equity,long,2024-06-06,2024-06-07,534.6599731445312,533.6599731445312,,,0.0,0.0,,-100.0,-53465.997314453125,53365.997314453125,53465.997314453125,4430.029296875,SPY|long|equity,100000.0,104430.029296875,0.04430029296874993,104530.029296875,-0.0009566628907755369,104530.029296875,0.5114893554904182,51064.031982421875
SPY,equity,long,2024-06-07,2024-06-10,534.010009765625,533.1799926757812,,,0.0,0.0,,-83.001708984375,-53401.0009765625,53317.999267578125,53401.0009765625,4347.027587890625,SPY|long|equity,100000.0,104347.02758789062,0.043470275878906284,104430.029296875,-0.000794806910839953,104430.029296875,0.5113567556775596,51029.0283203125
SPY,equity,long,2024-06-10,2024-06-11,535.6599731445312,534.0700073242188,,,0.0,0.0,,-158.99658203125,-53565.997314453125,53407.000732421875,53565.997314453125,4188.031005859375,SPY|long|equity,100000.0,104188.03100585938,0.04188031005859383,104347.02758789062,-0.0015237289044705037,104347.02758789062,0.5133447358558914,50781.0302734375
SPY,equity,long,2024-06-11,2024-06-12,536.9500122070312,541.6300048828125,,,0.0,0.0,,467.999267578125,-53695.001220703125,54163.00048828125,53695.001220703125,4656.0302734375,SPY|long|equity,100000.0,104656.0302734375,0.04656030273437506,104188.03100585938,0.0044918716963928945,104188.03100585938,0.5153663112961929,50493.02978515625
SPY,equity,long,2024-06-12,2024-06-13,541.3599853515625,543.1500244140625,,,0.0,0.0,,179.00390625,-54135.99853515625,54315.00244140625,54135.99853515625,4835.0341796875,SPY|long|equity,100000.0,104835.0341796875,0.04835034179687492,104656.0302734375,0.0017104022174576265,104656.0302734375,0.5172754822986667,50520.03173828125
SPY,equity,long,2024-06-13,2024-06-14,542.4500122070312,540.8800048828125,,,0.0,0.0,,-157.000732421875,-54245.001220703125,54088.00048828125,54245.001220703125,4678.033447265625,SPY|long|equity,100000.0,104678.03344726562,0.04678033447265628,104835.0341796875,-0.0014975979513945248,104835.0341796875,0.5174319982356954,50590.032958984375
SPY,equity,long,2024-06-14,2024-06-17,542.780029296875,542.0800170898438,,,0.0,0.0,,-70.001220703125,-54278.0029296875,54208.001708984375,54278.0029296875,4608.0322265625,SPY|long|equity,100000.0,104608.0322265625,0.04608032226562497,104678.03344726562,-0.0006687288478569862,104678.03344726562,0.5185233342870499,50400.030517578125
SPY,equity,long,2024-06-17,2024-06-18,547.0999755859375,547.1599731445312,,,0.0,0.0,,5.999755859375,-54709.99755859375,54715.997314453125,54709.99755859375,4614.031982421875,SPY|long|equity,100000.0,104614.03198242188,0.046140319824218734,104608.0322265625,5.7354638374045594e-05,104608.0322265625,0.5229999684928741,49898.03466796875
SPY,equity,long,2024-06-18,2024-06-20,548.489990234375,549.4400024414062,,,0.0,0.0,,95.001220703125,-54848.9990234375,54944.000244140625,54848.9990234375,4709.033203125,SPY|long|equity,100000.0,104709.033203125,0.047090332031249904,104614.03198242188,0.000908111645281848,104614.03198242188,0.5242986813915526,49765.032958984375
SPY,equity,long,2024-06-20,2024-06-21,547.0,544.4000244140625,,,0.0,0.0,,-259.99755859375,-54700.0,54440.00244140625,54700.0,4449.03564453125,SPY|long|equity,100000.0,104449.03564453125,0.04449035644531252,104709.033203125,-0.0024830480297662653,104709.033203125,0.522400010072555,50009.033203125
SPY,equity,long,2024-06-21,2024-06-24,544.510009765625,544.3300170898438,,,0.0,0.0,,-17.999267578125,-54451.0009765625,54433.001708984375,54451.0009765625,4431.036376953125,SPY|long|equity,100000.0,104431.03637695312,0.044310363769531236,104449.03564453125,-0.00017232583783139416,104449.03564453125,0.521316454867752,49998.03466796875
SPY,equity,long,2024-06-24,2024-06-25,542.739990234375,543.989990234375,,,0.0,0.0,,125.0,-54273.9990234375,54398.9990234375,54273.9990234375,4556.036376953125,SPY|long|equity,100000.0,104556.03637695312,0.04556036376953121,104431.03637695312,0.0011969621707937606,104431.03637695312,0.5197113895100176,50157.037353515625
SPY,equity,long,2024-06-25,2024-06-26,544.8300170898438,543.6900024414062,,,0.0,0.0,,-114.00146484375,-54483.001708984375,54369.000244140625,54483.001708984375,4442.034912109375,SPY|long|equity,100000.0,104442.03491210938,0.044420349121093716,104556.03637695312,-0.0010903384328069163,104556.03637695312,0.5210890121404205,50073.03466796875
SPY,equity,long,2024-06-26,2024-06-27,545.510009765625,545.3699951171875,,,0.0,0.0,,-14.00146484375,-54551.0009765625,54536.99951171875,54551.0009765625,4428.033447265625,SPY|long|equity,100000.0,104428.03344726562,0.044280334472656335,104442.03491210938,-0.00013405967104655313,104442.03491210938,0.5223088675212864,49891.033935546875
SPY,equity,long,2024-06-27,2024-06-28,546.3699951171875,547.1599731445312,,,0.0,0.0,,78.997802734375,-54636.99951171875,54715.997314453125,54636.99951171875,4507.03125,SPY|long|equity,100000.0,104507.03125,0.04507031250000004,104428.03344726562,0.0007564808043068966,104428.03344726562,0.5232024170914747,49791.033935546875
SPY,equity,long,2024-06-28,2024-07-01,544.219970703125,545.6300048828125,,,0.0,0.0,,141.00341796875,-54421.9970703125,54563.00048828125,54421.9970703125,4648.03466796875,SPY|long|equity,100000.0,104648.03466796875,0.04648034667968748,104507.03125,0.00134922422235346,104507.03125,0.5207496224835351,50085.0341796875
SPY,equity,long,2024-07-01,2024-07-02,545.3400268554688,543.7000122070312,,,0.0,0.0,,-164.00146484375,-54534.002685546875,54370.001220703125,54534.002685546875,4484.033203125,SPY|long|equity,100000.0,104484.033203125,0.04484033203125004,104648.03466796875,-0.0015671719527662422,104648.03466796875,0.5211182690489546,50114.031982421875
SPY,equity,long,2024-07-02,2024-07-03,549.010009765625,548.6900024414062,,,0.0,0.0,,-32.000732421875,-54901.0009765625,54869.000244140625,54901.0009765625,4452.032470703125,SPY|long|equity,100000.0,104452.03247070312,0.044520324707031156,104484.033203125,-0.0003062739008137551,104484.033203125,0.5254487149230804,49583.0322265625
SPY,equity,long,2024-07-03,2024-07-05,551.4600219726562,551.77001953125,,,0.0,0.0,,30.999755859375,-55146.002197265625,55177.001953125,55146.002197265625,4483.0322265625,SPY|long|equity,100000.0,104483.0322265625,0.044830322265625,104452.03247070312,0.0002967846113293187,104452.03247070312,0.5279552814133422,49306.0302734375
SPY,equity,long,2024-07-05,2024-07-08,554.6400146484375,555.4400024414062,,,0.0,0.0,,79.998779296875,-55464.00146484375,55544.000244140625,55464.00146484375,4563.031005859375,SPY|long|equity,100000.0,104563.03100585938,0.04563031005859375,104483.0322265625,0.0007656628793410638,104483.0322265625,0.530842188275842,49019.03076171875
SPY,equity,long,2024-07-08,2024-07-09,555.280029296875,556.260009765625,,,0.0,0.0,,97.998046875,-55528.0029296875,55626.0009765625,55528.0029296875,4661.029052734375,SPY|long|equity,100000.0,104661.02905273438,0.04661029052734378,104563.03100585938,0.000937215055190094,104563.03100585938,0.5310481380993622,49035.028076171875
SPY,equity,long,2024-07-09,2024-07-10,555.8200073242188,557.0700073242188,,,0.0,0.0,,125.0,-55582.000732421875,55707.000732421875,55582.000732421875,4786.029052734375,SPY|long|equity,100000.0,104786.02905273438,0.04786029052734375,104661.02905273438,0.0011943318456864938,104661.02905273438,0.5310668281736117,49079.0283203125
SPY,equity,long,2024-07-10,2024-07-11,561.3200073242188,561.4400024414062,,,0.0,0.0,,11.99951171875,-56132.000732421875,56144.000244140625,56132.000732421875,4798.028564453125,SPY|long|equity,100000.0,104798.02856445312,0.04798028564453127,104786.02905273438,0.00011451442360423023,104786.02905273438,0.5356821060961573,48654.0283203125
SPY,equity,long,2024-07-11,2024-07-12,556.47998046875,557.6300048828125,,,0.0,0.0,,115.00244140625,-55647.998046875,55763.00048828125,55647.998046875,4913.031005859375,SPY|long|equity,100000.0,104913.03100585938,0.04913031005859381,104798.02856445312,0.0010973721832517197,104798.02856445312,0.5310023366770706,49150.030517578125
SPY,equity,long,2024-07-12,2024-07-15,559.989990234375,562.030029296875,,,0.0,0.0,,204.00390625,-55998.9990234375,56203.0029296875,55998.9990234375,5117.034912109375,SPY|long|equity,100000.0,105117.03491210938,0.05117034912109375,104913.03100585938,0.0019445049322672455,104913.03100585938,0.5337659057844775,48914.031982421875
SPY,equity,long,2024-07-15,2024-07-16,561.530029296875,562.8699951171875,,,0.0,0.0,,133.99658203125,-56153.0029296875,56286.99951171875,56153.0029296875,5251.031494140625,SPY|long|equity,100000.0,105251.03149414062,0.052510314941406344,105117.03491210938,0.0012747370789452674,105117.03491210938,0.5341950805275114,48964.031982421875
SPY,equity,long,2024-07-16,2024-07-17,564.8599853515625,558.7999877929688,,,0.0,0.0,,-605.999755859375,-56485.99853515625,55879.998779296875,56485.99853515625,4645.03173828125,SPY|long|equity,100000.0,104645.03173828125,0.04645031738281258,105251.03149414062,-0.005757660967846299,105251.03149414062,0.5366788119154998,48765.032958984375
SPY,equity,long,2024-07-17,2024-07-18,556.9400024414062,558.510009765625,,,0.0,0.0,,157.000732421875,-55694.000244140625,55851.0009765625,55694.000244140625,4802.032470703125,SPY|long|equity,100000.0,104802.03247070312,0.048020324707031214,104645.03173828125,0.0015003171179166549,104645.03173828125,0.532218293778458,48951.031494140625
SPY,equity,long,2024-07-18,2024-07-19,552.6599731445312,552.4199829101562,,,0.0,0.0,,-23.9990234375,-55265.997314453125,55241.998291015625,55265.997314453125,4778.033447265625,SPY|long|equity,100000.0,104778.03344726562,0.04778033447265617,104802.03247070312,-0.00022899387418091156,104802.03247070312,0.5273370755467214,49536.03515625
SPY,equity,long,2024-07-19,2024-07-22,548.989990234375,553.0,,,0.0,0.0,,401.0009765625,-54898.9990234375,55300.0,54898.9990234375,5179.034423828125,SPY|long|equity,100000.0,105179.03442382812,0.051790344238281216,104778.03344726562,0.003827147383562245,104778.03344726562,0.5239552339094812,49879.034423828125
SPY,equity,long,2024-07-22,2024-07-23,554.6500244140625,554.5399780273438,,,0.0,0.0,,-11.004638671875,-55465.00244140625,55453.997802734375,55465.00244140625,5168.02978515625,SPY|long|equity,100000.0,105168.02978515625,0.05168029785156247,105179.03442382812,-0.00010462768299935941,105179.03442382812,0.5273389582367258,49714.031982421875
SPY,equity,long,2024-07-23,2024-07-24,553.780029296875,548.8599853515625,,,0.0,0.0,,-492.00439453125,-55378.0029296875,54885.99853515625,55378.0029296875,4676.025390625,SPY|long|equity,100000.0,104676.025390625,0.04676025390624994,105168.02978515625,-0.004678269579988776,105168.02978515625,0.5265668953085563,49790.02685546875
SPY,equity,long,2024-07-24,2024-07-25,541.22998046875,541.3499755859375,,,0.0,0.0,,11.99951171875,-54122.998046875,54134.99755859375,54122.998046875,4688.02490234375,SPY|long|equity,100000.0,104688.02490234375,0.04688024902343746,104676.025390625,0.00011463476640396685,104676.025390625,0.5170524754345742,50553.02734375
SPY,equity,long,2024-07-25,2024-07-26,538.4099731445312,542.280029296875,,,0.0,0.0,,387.005615234375,-53840.997314453125,54228.0029296875,53840.997314453125,5075.030517578125,SPY|long|equity,100000.0,105075.03051757812,0.05075030517578116,104688.02490234375,0.0036967515204856132,104688.02490234375,0.514299485205473,50847.027587890625
SPY,equity,long,2024-07-26,2024-07-29,544.4400024414062,546.02001953125,,,0.0,0.0,,158.001708984375,-54444.000244140625,54602.001953125,54444.000244140625,5233.0322265625,SPY|long|equity,100000.0,105233.0322265625,0.05233032226562506,105075.03051757812,0.0015037036697119275,105075.03051757812,0.5181440345623561,50631.0302734375
SPY,equity,long,2024-07-29,2024-07-30,544.760009765625,546.260009765625,,,0.0,0.0,,150.0,-54476.0009765625,54626.0009765625,54476.0009765625,5383.0322265625,SPY|long|equity,100000.0,105383.0322265625,0.0538303222656249,105233.0322265625,0.0014254079429836823,105233.0322265625,0.5176701632931935,50757.03125
SPY,equity,long,2024-07-30,2024-07-31,542.0,548.97998046875,,,0.0,0.0,,697.998046875,-54200.0,54897.998046875,54200.0,6081.0302734375,SPY|long|equity,100000.0,106081.0302734375,0.06081030273437493,105383.0322265625,0.006623438632647969,105383.0322265625,0.5143142957158005,51183.0322265625
SPY,equity,long,2024-07-31,2024-08-01,550.8099975585938,552.5700073242188,,,0.0,0.0,,176.0009765625,-55080.999755859375,55257.000732421875,55080.999755859375,6257.03125,SPY|long|equity,100000.0,106257.03125,0.06257031249999989,106081.0302734375,0.0016591182807032968,106081.0302734375,0.5192351508453587,51000.030517578125
SPY,equity,long,2024-08-01,2024-08-02,543.010009765625,535.75,,,0.0,0.0,,-726.0009765625,-54301.0009765625,53575.0,54301.0009765625,5531.0302734375,SPY|long|equity,100000.0,105531.0302734375,0.055310302734375094,106257.03125,-0.0068324982170297555,106257.03125,0.5110344260306303,51956.0302734375
SPY,equity,long,2024-08-02,2024-08-05,532.9000244140625,511.6400146484375,,,0.0,0.0,,-2126.0009765625,-53290.00244140625,51164.00146484375,53290.00244140625,3405.029296875,SPY|long|equity,100000.0,103405.029296875,0.03405029296875006,105531.0302734375,-0.020145742641324533,105531.0302734375,0.504969981846368,52241.02783203125
SPY,equity,long,2024-08-05,2024-08-06,517.3800048828125,519.219970703125,,,0.0,0.0,,183.99658203125,-51738.00048828125,51921.9970703125,51738.00048828125,3589.02587890625,SPY|long|equity,100000.0,103589.02587890625,0.0358902587890626,103405.029296875,0.0017793774952956814,103405.029296875,0.5003431732487776,51667.02880859375
SPY,equity,long,2024-08-06,2024-08-07,522.1500244140625,528.469970703125,,,0.0,0.0,,631.99462890625,-52215.00244140625,52846.9970703125,52215.00244140625,4221.0205078125,SPY|long|equity,100000.0,104221.0205078125,0.04221020507812501,103589.02587890625,0.006100980519355792,103589.02587890625,0.5040592089594961,51374.0234375
SPY,equity,long,2024-08-07,2024-08-08,518.6599731445312,523.9099731445312,,,0.0,0.0,,525.0,-51865.997314453125,52390.997314453125,51865.997314453125,4746.0205078125,SPY|long|equity,100000.0,104746.0205078125,0.047460205078124984,104221.0205078125,0.00503737151528511,104221.0205078125,0.4976538999689147,52355.023193359375
SPY,equity,long,2024-08-08,2024-08-09,530.6500244140625,529.8099975585938,,,0.0,0.0,,-84.002685546875,-53065.00244140625,52980.999755859375,53065.00244140625,4662.017822265625,SPY|long|equity,100000.0,104662.01782226562,0.046620178222656294,104746.0205078125,-0.0008019654125247617,104746.0205078125,0.5066063816471995,51681.01806640625
SPY,equity,long,2024-08-09,2024-08-12,532.989990234375,534.2100219726562,,,0.0,0.0,,122.003173828125,-53298.9990234375,53421.002197265625,53298.9990234375,4784.02099609375,SPY|long|equity,100000.0,104784.02099609375,0.04784020996093741,104662.01782226562,0.0011656871935653648,104662.01782226562,0.5092487239635347,51363.018798828125
SPY,equity,long,2024-08-12,2024-08-13,533.27001953125,536.530029296875,,,0.0,0.0,,326.0009765625,-53327.001953125,53653.0029296875,53327.001953125,5110.02197265625,SPY|long|equity,100000.0,105110.02197265625,0.051100219726562424,104784.02099609375,0.0031111707058336024,104784.02099609375,0.5089230346973703,51457.01904296875
SPY,equity,long,2024-08-13,2024-08-14,542.0399780273438,542.8499755859375,,,0.0,0.0,,80.999755859375,-54203.997802734375,54284.99755859375,54203.997802734375,5191.021728515625,SPY|long|equity,100000.0,105191.02172851562,0.05191021728515621,105110.02197265625,0.0007706187701154378,105110.02197265625,0.5156881978089133,50906.024169921875
SPY,equity,long,2024-08-14,2024-08-15,543.75,549.5,,,0.0,0.0,,575.0,-54375.0,54950.0,54375.0,5766.021728515625,SPY|long|equity,100000.0,105766.02172851562,0.05766021728515636,105191.02172851562,0.005466245983274128,105191.02172851562,0.516916739722662,50816.021728515625
SPY,equity,long,2024-08-15,2024-08-16,553.0700073242188,551.4199829101562,,,0.0,0.0,,-165.00244140625,-55307.000732421875,55141.998291015625,55307.000732421875,5601.019287109375,SPY|long|equity,100000.0,105601.01928710938,0.056010192871093656,105766.02172851562,-0.0015600704149559936,105766.02172851562,0.5229184177351972,50459.02099609375
SPY,equity,long,2024-08-16,2024-08-19,554.3099975585938,554.72998046875,,,0.0,0.0,,41.998291015625,-55430.999755859375,55472.998046875,55430.999755859375,5643.017578125,SPY|long|equity,100000.0,105643.017578125,0.05643017578124998,105601.01928710938,0.00039770725035749436,105601.01928710938,0.5249097038083779,50170.01953125
SPY,equity,long,2024-08-19,2024-08-20,559.6099853515625,559.1500244140625,,,0.0,0.0,,-45.99609375,-55960.99853515625,55915.00244140625,55960.99853515625,5597.021484375,SPY|long|equity,100000.0,105597.021484375,0.05597021484374998,105643.017578125,-0.0004353917069434809,105643.017578125,0.52971791054503,49682.01904296875
SPY,equity,long,2024-08-20,2024-08-21,558.7000122070312,559.77001953125,,,0.0,0.0,,107.000732421875,-55870.001220703125,55977.001953125,55870.001220703125,5704.022216796875,SPY|long|equity,100000.0,105704.02221679688,0.05704022216796867,105597.021484375,0.0010132930921513512,105597.021484375,0.5290869044916207,49727.020263671875
SPY,equity,long,2024-08-21,2024-08-22,560.6199951171875,562.5599975585938,,,0.0,0.0,,194.000244140625,-56061.99951171875,56255.999755859375,56061.99951171875,5898.0224609375,SPY|long|equity,100000.0,105898.0224609375,0.05898022460937491,105704.02221679688,0.0018353156301160831,105704.02221679688,0.5303677034799744,49642.022705078125
SPY,equity,long,2024-08-22,2024-08-23,556.219970703125,559.530029296875,,,0.0,0.0,,331.005859375,-55621.9970703125,55953.0029296875,55621.9970703125,6229.0283203125,SPY|long|equity,100000.0,106229.0283203125,0.06229028320312491,105898.0224609375,0.003125703877020912,105898.0224609375,0.5252411308325396,50276.025390625
SPY,equity,long,2024-08-23,2024-08-26,562.1300048828125,563.1799926757812,,,0.0,0.0,,104.998779296875,-56213.00048828125,56317.999267578125,56213.00048828125,6334.027099609375,SPY|long|equity,100000.0,106334.02709960938,0.06334027099609374,106229.0283203125,0.0009884188997782422,106229.0283203125,0.5291679814558986,50016.02783203125
SPY,equity,long,2024-08-26,2024-08-27,560.7899780273438,559.489990234375,,,0.0,0.0,,-129.998779296875,-56078.997802734375,55948.9990234375,56078.997802734375,6204.0283203125,SPY|long|equity,100000.0,106204.0283203125,0.062040283203125046,106334.02709960938,-0.0012225510764780634,106334.02709960938,0.5273852531720806,50255.029296875
SPY,equity,long,2024-08-27,2024-08-28,561.5599975585938,561.2100219726562,,,0.0,0.0,,-34.99755859375,-56155.999755859375,56121.002197265625,56155.999755859375,6169.03076171875,SPY|long|equity,100000.0,106169.03076171875,0.06169030761718752,106204.0283203125,-0.00032953136662761026,106204.0283203125,0.5287558357625783,50048.028564453125
SPY,equity,long,2024-08-28,2024-08-29,558.2999877929688,560.3099975585938,,,0.0,0.0,,201.0009765625,-55829.998779296875,56030.999755859375,55829.998779296875,6370.03173828125,SPY|long|equity,100000.0,106370.03173828125,0.06370031738281257,106169.03076171875,0.0018932166482108896,106169.03076171875,0.5258595503673698,50339.031982421875
SPY,equity,long,2024-08-29,2024-08-30,558.3499755859375,560.77001953125,,,0.0,0.0,,242.00439453125,-55834.99755859375,56077.001953125,55834.99755859375,6612.0361328125,SPY|long|equity,100000.0,106612.0361328125,0.06612036132812493,106370.03173828125,0.0022751181942550426,106370.03173828125,0.5249128598172583,50535.0341796875
SPY,equity,long,2024-08-30,2024-09-03,563.6799926757812,560.469970703125,,,0.0,0.0,,-321.002197265625,-56367.999267578125,56046.9970703125,56367.999267578125,6291.033935546875,SPY|long|equity,100000.0,106291.03393554688,0.06291033935546886,106612.0361328125,-0.003010937684988352,106612.0361328125,0.5287207834334708,50244.036865234375
SPY,equity,long,2024-09-03,2024-09-04,552.0800170898438,550.2000122070312,,,0.0,0.0,,-188.00048828125,-55208.001708984375,55020.001220703125,55208.001708984375,6103.033447265625,SPY|long|equity,100000.0,106103.03344726562,0.061030334472656156,106291.03393554688,-0.0017687332724155302,106291.03393554688,0.5194041271859449,51083.0322265625
SPY,equity,long,2024-09-04,2024-09-05,550.9500122070312,550.8900146484375,,,0.0,0.0,,-5.999755859375,-55095.001220703125,55089.00146484375,55095.001220703125,6097.03369140625,SPY|long|equity,100000.0,106097.03369140625,0.060970336914062395,106103.03344726562,-5.654650639519128e-05,106103.03344726562,0.5192594351987678,51008.0322265625
SPY,equity,long,2024-09-05,2024-09-06,549.6099853515625,549.9400024414062,,,0.0,0.0,,33.001708984375,-54960.99853515625,54994.000244140625,54960.99853515625,6130.035400390625,SPY|long|equity,100000.0,106130.03540039062,0.06130035400390632,106097.03369140625,0.0003110521362959472,106097.03369140625,0.518025779071409,51136.03515625
SPY,equity,long,2024-09-06,2024-09-09,540.3599853515625,544.6500244140625,,,0.0,0.0,,429.00390625,-54035.99853515625,54465.00244140625,54035.99853515625,6559.039306640625,SPY|long|equity,100000.0,106559.03930664062,0.06559039306640635,106130.03540039062,0.004042247838997904,106130.03540039062,0.5091489730621287,52094.036865234375
SPY,equity,long,2024-09-09,2024-09-10,546.4099731445312,548.3599853515625,,,0.0,0.0,,195.001220703125,-54640.997314453125,54835.99853515625,54640.997314453125,6754.04052734375,SPY|long|equity,100000.0,106754.04052734375,0.06754040527343741,106559.03930664062,0.0018299829087420534,106559.03930664062,0.5127767448917678,51918.0419921875
SPY,equity,long,2024-09-10,2024-09-11,548.7899780273438,548.7000122070312,,,0.0,0.0,,-8.99658203125,-54878.997802734375,54870.001220703125,54878.997802734375,6745.0439453125,SPY|long|equity,100000.0,106745.0439453125,0.06745043945312501,106754.04052734375,-8.42739252473131e-05,106754.04052734375,0.514069514667951,51875.042724609375
SPY,equity,long,2024-09-11,2024-09-12,554.4199829101562,555.010009765625,,,0.0,0.0,,59.002685546875,-55441.998291015625,55501.0009765625,55441.998291015625,6804.046630859375,SPY|long|equity,100000.0,106804.04663085938,0.06804046630859384,106745.0439453125,0.0005527440278829544,106745.0439453125,0.5193870950994185,51303.045654296875
SPY,equity,long,2024-09-12,2024-09-13,559.0900268554688,559.7100219726562,,,0.0,0.0,,61.99951171875,-55909.002685546875,55971.002197265625,55909.002685546875,6866.046142578125,SPY|long|equity,100000.0,106866.04614257812,0.0686604614257813,106804.04663085938,0.000580497777701582,106804.04663085938,0.5234727002318734,50895.0439453125
SPY,equity,long,2024-09-13,2024-09-16,562.010009765625,561.739990234375,,,0.0,0.0,,-27.001953125,-56201.0009765625,56173.9990234375,56201.0009765625,6839.044189453125,SPY|long|equity,100000.0,106839.04418945312,0.06839044189453114,106866.04614257812,-0.0002526710222718883,106866.04614257812,0.5259013784563571,50665.045166015625
SPY,equity,long,2024-09-16,2024-09-17,562.8400268554688,565.0999755859375,,,0.0,0.0,,225.994873046875,-56284.002685546875,56509.99755859375,56284.002685546875,7065.0390625,SPY|long|equity,100000.0,107065.0390625,0.070650390625,106839.04418945312,0.002115283553511841,106839.04418945312,0.5268111776228628,50555.04150390625
SPY,equity,long,2024-09-17,2024-09-18,563.0700073242188,563.739990234375,,,0.0,0.0,,66.998291015625,-56307.000732421875,56373.9990234375,56307.000732421875,7132.037353515625,SPY|long|equity,100000.0,107132.03735351562,0.07132037353515619,107065.0390625,0.0006257718822342582,107065.0390625,0.5259139792547244,50758.038330078125
SPY,equity,long,2024-09-18,2024-09-19,561.4000244140625,571.010009765625,,,0.0,0.0,,960.99853515625,-56140.00244140625,57101.0009765625,56140.00244140625,8093.035888671875,SPY|long|equity,100000.0,108093.03588867188,0.08093035888671873,107132.03735351562,0.008970225516995771,107132.03735351562,0.524026274756213,50992.034912109375
SPY,equity,long,2024-09-19,2024-09-20,570.97998046875,567.8400268554688,,,0.0,0.0,,-313.995361328125,-57097.998046875,56784.002685546875,57097.998046875,7779.04052734375,SPY|long|equity,100000.0,107779.04052734375,0.0777904052734375,108093.03588867188,-0.002904862082433487,108093.03588867188,0.5282301267371367,50995.037841796875
SPY,equity,long,2024-09-20,2024-09-23,568.25,569.3400268554688,,,0.0,0.0,,109.002685546875,-56825.0,56934.002685546875,56825.0,7888.043212890625,SPY|long|equity,100000.0,107888.04321289062,0.07888043212890627,107779.04052734375,0.0010113532743801037,107779.04052734375,0.5272360908203055,50954.04052734375
SPY,equity,long,2024-09-23,2024-09-24,569.6699829101562,570.47998046875,,,0.0,0.0,,80.999755859375,-56966.998291015625,57047.998046875,56966.998291015625,7969.04296875,SPY|long|equity,100000.0,107969.04296875,0.07969042968750006,107888.04321289062,0.0007507760215795352,107888.04321289062,0.5280195709788267,50921.044921875
SPY,equity,long,2024-09-24,2024-09-25,571.2999877929688,571.1400146484375,,,0.0,0.0,,-15.997314453125,-57129.998779296875,57114.00146484375,57129.998779296875,7953.045654296875,SPY|long|equity,100000.0,107953.04565429688,0.07953045654296864,107969.04296875,-0.00014816575208280005,107969.04296875,0.5291331404672382,50839.044189453125
SPY,equity,long,2024-09-25,2024-09-26,570.0399780273438,574.3800048828125,,,0.0,0.0,,434.002685546875,-57003.997802734375,57438.00048828125,57003.997802734375,8387.04833984375,SPY|long|equity,100000.0,108387.04833984375,0.08387048339843739,107953.04565429688,0.004020291256410701,107953.04565429688,0.5280443683384438,50949.0478515625
SPY,equity,long,2024-09-26,2024-09-27,572.2999877929688,573.3900146484375,,,0.0,0.0,,109.002685546875,-57229.998779296875,57339.00146484375,57229.998779296875,8496.051025390625,SPY|long|equity,100000.0,108496.05102539062,0.08496051025390616,108387.04833984375,0.0010056799886744858,108387.04833984375,0.528015105641167,51157.049560546875
SPY,equity,long,2024-09-27,2024-09-30,571.469970703125,570.4199829101562,,,0.0,0.0,,-104.998779296875,-57146.9970703125,57041.998291015625,57146.9970703125,8391.05224609375,SPY|long|equity,100000.0,108391.05224609375,0.08391052246093755,108496.05102539062,-0.000967765907648591,108496.05102539062,0.5267196043562798,51349.053955078125
SPY,equity,long,2024-09-30,2024-10-01,573.760009765625,573.4000244140625,,,0.0,0.0,,-35.99853515625,-57376.0009765625,57340.00244140625,57376.0009765625,8355.0537109375,SPY|long|equity,100000.0,108355.0537109375,0.08355053710937499,108391.05224609375,-0.00033211722195036937,108391.05224609375,0.5293425959764151,51015.05126953125
SPY,equity,long,2024-10-01,2024-10-02,568.6199951171875,567.7100219726562,,,0.0,0.0,,-90.997314453125,-56861.99951171875,56771.002197265625,56861.99951171875,8264.056396484375,SPY|long|equity,100000.0,108264.05639648438,0.08264056396484376,108355.0537109375,-0.0008398068325994435,108355.0537109375,0.5247747803569132,51493.05419921875
SPY,equity,long,2024-10-02,2024-10-03,568.8599853515625,567.3599853515625,,,0.0,0.0,,-150.0,-56885.99853515625,56735.99853515625,56885.99853515625,8114.056396484375,SPY|long|equity,100000.0,108114.05639648438,0.0811405639648437,108264.05639648438,-0.00138550138423292,108264.05639648438,0.5254375314262055,51378.057861328125
SPY,equity,long,2024-10-03,2024-10-04,567.8200073242188,572.3499755859375,,,0.0,0.0,,452.996826171875,-56782.000732421875,57234.99755859375,56782.000732421875,8567.05322265625,SPY|long|equity,100000.0,108567.05322265625,0.08567053222656251,108114.05639648438,0.004189990101847714,108114.05639648438,0.525204609141539,51332.0556640625
SPY,equity,long,2024-10-04,2024-10-07,572.97998046875,571.2999877929688,,,0.0,0.0,,-167.999267578125,-57297.998046875,57129.998779296875,57297.998046875,8399.053955078125,SPY|long|equity,100000.0,108399.05395507812,0.08399053955078117,108567.05322265625,-0.0015474240351129487,108567.05322265625,0.527765987434186,51269.05517578125
SPY,equity,long,2024-10-07,2024-10-08,567.7999877929688,570.4199829101562,,,0.0,0.0,,261.99951171875,-56779.998779296875,57041.998291015625,56779.998779296875,8661.053466796875,SPY|long|equity,100000.0,108661.05346679688,0.08661053466796864,108399.05395507812,0.0024169907592304796,108399.05395507812,0.5238052981793291,51619.05517578125
SPY,equity,long,2024-10-08,2024-10-09,573.1699829101562,573.1599731445312,,,0.0,0.0,,-1.0009765625,-57316.998291015625,57315.997314453125,57316.998291015625,8660.052490234375,SPY|long|equity,100000.0,108660.05249023438,0.08660052490234382,108661.05346679688,-9.211916602721548e-06,108661.05346679688,0.5274842868013401,51344.05517578125
SPY,equity,long,2024-10-09,2024-10-10,577.1400146484375,575.77001953125,,,0.0,0.0,,-136.99951171875,-57714.00146484375,57577.001953125,57714.00146484375,8523.052978515625,SPY|long|equity,100000.0,108523.05297851562,0.08523052978515633,108660.05249023438,-0.0012608084441249703,108660.05249023438,0.5311427718114777,50946.051025390625
SPY,equity,long,2024-10-10,2024-10-11,576.1300048828125,576.0499877929688,,,0.0,0.0,,-8.001708984375,-57613.00048828125,57604.998779296875,57613.00048828125,8515.05126953125,SPY|long|equity,100000.0,108515.05126953125,0.08515051269531249,108523.05297851562,-7.373280390443036e-05,108523.05297851562,0.5308825996600642,50910.052490234375
SPY,equity,long,2024-10-11,2024-10-14,579.5800170898438,581.219970703125,,,0.0,0.0,,163.995361328125,-57958.001708984375,58121.9970703125,57958.001708984375,8679.046630859375,SPY|long|equity,100000.0,108679.04663085938,0.08679046630859366,108515.05126953125,0.0015112683393641952,108515.05126953125,0.5341010397260695,50557.049560546875
SPY,equity,long,2024-10-14,2024-10-15,584.3200073242188,584.5900268554688,,,0.0,0.0,,27.001953125,-58432.000732421875,58459.002685546875,58432.000732421875,8706.048583984375,SPY|long|equity,100000.0,108706.04858398438,0.08706048583984383,108679.04663085938,0.0002484559256092407,108679.04663085938,0.537656545064227,50247.0458984375
SPY,equity,long,2024-10-15,2024-10-16,579.780029296875,579.780029296875,,,0.0,0.0,,0.0,-57978.0029296875,57978.0029296875,57978.0029296875,8706.048583984375,SPY|long|equity,100000.0,108706.04858398438,0.08706048583984383,108706.04858398438,0.0,108706.04858398438,0.5333466139641229,50728.045654296875
SPY,equity,long,2024-10-16,2024-10-17,582.2999877929688,585.9099731445312,,,0.0,0.0,,360.99853515625,-58229.998779296875,58590.997314453125,58229.998779296875,9067.047119140625,SPY|long|equity,100000.0,109067.04711914062,0.09067047119140614,108706.04858398438,0.0033208688923813553,108706.04858398438,0.535664754057447,50476.0498046875
SPY,equity,long,2024-10-17,2024-10-18,582.3499755859375,584.0700073242188,,,0.0,0.0,,172.003173828125,-58234.99755859375,58407.000732421875,58234.99755859375,9239.05029296875,SPY|long|equity,100000.0,109239.05029296875,0.09239050292968742,109067.04711914062,0.0015770407136835324,109067.04711914062,0.5339376016568973,50832.049560546875
SPY,equity,long,2024-10-18,2024-10-21,584.5900268554688,583.8499755859375,,,0.0,0.0,,-74.005126953125,-58459.002685546875,58384.99755859375,58459.002685546875,9165.045166015625,SPY|long|equity,100000.0,109165.04516601562,0.09165045166015617,109239.05029296875,-0.0006774603656352768,109239.05029296875,0.5351474818644558,50780.047607421875
SPY,equity,long,2024-10-21,2024-10-22,583.6300048828125,581.0499877929688,,,0.0,0.0,,-258.001708984375,-58363.00048828125,58104.998779296875,58363.00048828125,8907.04345703125,SPY|long|equity,100000.0,108907.04345703125,0.0890704345703126,109165.04516601562,-0.002363409538208976,109165.04516601562,0.5346308463439389,50802.044677734375
SPY,equity,long,2024-10-22,2024-10-23,583.3200073242188,581.260009765625,,,0.0,0.0,,-205.999755859375,-58332.000732421875,58126.0009765625,58332.000732421875,8701.043701171875,SPY|long|equity,100000.0,108701.04370117188,0.08701043701171884,108907.04345703125,-0.0018915191278757945,108907.04345703125,0.5356127471721926,50575.042724609375
SPY,equity,long,2024-10-23,2024-10-24,577.989990234375,579.97998046875,,,0.0,0.0,,198.9990234375,-57798.9990234375,57997.998046875,57798.9990234375,8900.042724609375,SPY|long|equity,100000.0,108900.04272460938,0.0890004272460938,108701.04370117188,0.0018307002091402609,108701.04370117188,0.5317244163941214,50902.044677734375
SPY,equity,long,2024-10-24,2024-10-25,579.239990234375,581.510009765625,,,0.0,0.0,,227.001953125,-57923.9990234375,58151.0009765625,57923.9990234375,9127.044677734375,SPY|long|equity,100000.0,109127.04467773438,0.09127044677734375,108900.04272460938,0.0020844982926136336,108900.04272460938,0.5319006087988224,50976.043701171875
SPY,equity,long,2024-10-25,2024-10-28,579.0399780273438,582.5800170898438,,,0.0,0.0,,354.00390625,-57903.997802734375,58258.001708984375,57903.997802734375,9481.048583984375,SPY|long|equity,100000.0,109481.04858398438,0.09481048583984375,109127.04467773438,0.0032439612682210648,109127.04467773438,0.5306108854476177,51223.046875
SPY,equity,long,2024-10-28,2024-10-29,580.8300170898438,579.8499755859375,,,0.0,0.0,,-98.004150390625,-58083.001708984375,57984.99755859375,58083.001708984375,9383.04443359375,SPY|long|equity,100000.0,109383.04443359375,0.09383044433593746,109481.04858398438,-0.0008951700011846773,109481.04858398438,0.5305301918480269,51398.046875
SPY,equity,long,2024-10-29,2024-10-30,581.77001953125,581.2899780273438,,,0.0,0.0,,-48.004150390625,-58177.001953125,58128.997802734375,58177.001953125,9335.040283203125,SPY|long|equity,100000.0,109335.04028320312,0.09335040283203133,109383.04443359375,-0.00043886281131778367,109383.04443359375,0.5318648996686516,51206.04248046875
SPY,equity,long,2024-10-30,2024-10-31,580.010009765625,575.5599975585938,,,0.0,0.0,,-445.001220703125,-58001.0009765625,57555.999755859375,58001.0009765625,8890.0390625,SPY|long|equity,100000.0,108890.0390625,0.0889003906250001,109335.04028320312,-0.004070069572851197,109335.04028320312,0.5304886779785003,51334.039306640625
SPY,equity,long,2024-10-31,2024-11-01,568.6400146484375,571.3200073242188,,,0.0,0.0,,267.999267578125,-56864.00146484375,57132.000732421875,56864.00146484375,9158.038330078125,SPY|long|equity,100000.0,109158.03833007812,0.09158038330078133,108890.0390625,0.0024611917663497256,108890.0390625,0.5222149055544495,52026.03759765625
SPY,equity,long,2024-11-01,2024-11-04,571.0399780273438,571.1799926757812,,,0.0,0.0,,14.00146484375,-57103.997802734375,57117.999267578125,57103.997802734375,9172.039794921875,SPY|long|equity,100000.0,109172.03979492188,0.09172039794921871,109158.03833007812,0.00012826783128340577,109158.03833007812,0.5231314035715825,52054.04052734375
SPY,equity,long,2024-11-04,2024-11-05,569.8099975585938,570.739990234375,,,0.0,0.0,,92.999267578125,-56980.999755859375,57073.9990234375,56980.999755859375,9265.0390625,SPY|long|equity,100000.0,109265.0390625,0.09265039062500002,109172.03979492188,0.0008518597596309715,109172.03979492188,0.5219376670335863,52191.0400390625
SPY,equity,long,2024-11-05,2024-11-06,576.7000122070312,589.2000122070312,,,0.0,0.0,,1250.0,-57670.001220703125,58920.001220703125,57670.001220703125,10515.0390625,SPY|long|equity,100000.0,110515.0390625,0.10515039062499998,109265.0390625,0.01144007278746311,109265.0390625,0.5277992092943441,51595.037841796875
SPY,equity,long,2024-11-06,2024-11-07,591.0399780273438,593.0800170898438,,,0.0,0.0,,204.00390625,-59103.997802734375,59308.001708984375,59103.997802734375,10719.04296875,SPY|long|equity,100000.0,110719.04296875,0.10719042968749992,110515.0390625,0.0018459379644667987,110515.0390625,0.5348050211456656,51411.041259765625
SPY,equity,long,2024-11-07,2024-11-08,595.6099853515625,596.1699829101562,,,0.0,0.0,,55.999755859375,-59560.99853515625,59616.998291015625,59560.99853515625,10775.042724609375,SPY|long|equity,100000.0,110775.04272460938,0.10775042724609385,110719.04296875,0.0005057825136293917,110719.04296875,0.5379471944312877,51158.04443359375
SPY,equity,long,2024-11-08,2024-11-11,598.1900024414062,599.8099975585938,,,0.0,0.0,,161.99951171875,-59819.000244140625,59980.999755859375,59819.000244140625,10937.042236328125,SPY|long|equity,100000.0,110937.04223632812,0.1093704223632812,110775.04272460938,0.0014624188601893519,110775.04272460938,0.5400043075844506,50956.04248046875
SPY,equity,long,2024-11-11,2024-11-12,598.760009765625,598.6799926757812,,,0.0,0.0,,-8.001708984375,-59876.0009765625,59867.999267578125,59876.0009765625,10929.04052734375,SPY|long|equity,100000.0,110929.04052734375,0.10929040527343759,110937.04223632812,-7.21283786107172e-05,110937.04223632812,0.5397295598435843,51061.041259765625
SPY,equity,long,2024-11-12,2024-11-13,596.9000244140625,597.3699951171875,,,0.0,0.0,,46.9970703125,-59690.00244140625,59736.99951171875,59690.00244140625,10976.03759765625,SPY|long|equity,100000.0,110976.03759765625,0.10976037597656241,110929.04052734375,0.00042366786992009843,110929.04052734375,0.5380917580973109,51239.0380859375
SPY,equity,long,2024-11-13,2024-11-14,597.1900024414062,597.3200073242188,,,0.0,0.0,,13.00048828125,-59719.000244140625,59732.000732421875,59719.000244140625,10989.0380859375,SPY|long|equity,100000.0,110989.0380859375,0.10989038085937497,110976.03759765625,0.00011714680540661656,110976.03759765625,0.5381251803263325,51257.037353515625
SPY,equity,long,2024-11-14,2024-11-15,593.3499755859375,589.719970703125,,,0.0,0.0,,-363.00048828125,-59334.99755859375,58971.9970703125,59334.99755859375,10626.03759765625,SPY|long|equity,100000.0,110626.03759765625,0.10626037597656257,110989.0380859375,-0.0032705976602859016,110989.0380859375,0.5346023227325509,51654.04052734375
SPY,equity,long,2024-11-15,2024-11-18,585.75,586.219970703125,,,0.0,0.0,,46.9970703125,-58575.0,58621.9970703125,58575.0,10673.03466796875,SPY|long|equity,100000.0,110673.03466796875,0.1067303466796874,110626.03759765625,0.00042482828937096174,110626.03759765625,0.5294865591501668,52051.03759765625
SPY,equity,long,2024-11-18,2024-11-19,588.1500244140625,584.7100219726562,,,0.0,0.0,,-344.000244140625,-58815.00244140625,58471.002197265625,58815.00244140625,10329.034423828125,SPY|long|equity,100000.0,110329.03442382812,0.10329034423828132,110673.03466796875,-0.0031082570851396953,110673.03466796875,0.5314302857769981,51858.0322265625
SPY,equity,long,2024-11-19,2024-11-20,590.2999877929688,590.3800048828125,,,0.0,0.0,,8.001708984375,-59029.998779296875,59038.00048828125,59029.998779296875,10337.0361328125,SPY|long|equity,100000.0,110337.0361328125,0.10337036132812494,110329.03442382812,7.252586797448528e-05,110329.03442382812,0.5350359412422082,51299.03564453125
SPY,equity,long,2024-11-20,2024-11-21,590.5,593.4000244140625,,,0.0,0.0,,290.00244140625,-59050.0,59340.00244140625,59050.0,10627.03857421875,SPY|long|equity,100000.0,110627.03857421875,0.10627038574218739,110337.0361328125,0.0026283327119388505,110337.0361328125,0.5351784139726358,51287.0361328125
SPY,equity,long,2024-11-21,2024-11-22,593.6699829101562,593.6599731445312,,,0.0,0.0,,-1.0009765625,-59366.998291015625,59365.997314453125,59366.998291015625,10626.03759765625,SPY|long|equity,100000.0,110626.03759765625,0.10626037597656257,110627.03857421875,-9.048208967724046e-06,110627.03857421875,0.5366409429028222,51260.040283203125
SPY,equity,long,2024-11-22,2024-11-25,595.510009765625,599.52001953125,,,0.0,0.0,,401.0009765625,-59551.0009765625,59952.001953125,59551.0009765625,11027.03857421875,SPY|long|equity,100000.0,111027.03857421875,0.1102703857421874,110626.03759765625,0.0036248335859314527,110626.03759765625,0.5383090840977943,51075.03662109375
SPY,equity,long,2024-11-25,2024-11-26,597.530029296875,598.7999877929688,,,0.0,0.0,,126.995849609375,-59753.0029296875,59879.998779296875,59753.0029296875,11154.034423828125,SPY|long|equity,100000.0,111154.03442382812,0.11154034423828119,111027.03857421875,0.0011438281272762355,111027.03857421875,0.5381842450003216,51274.03564453125
SPY,equity,long,2024-11-26,2024-11-27,600.6500244140625,600.4600219726562,,,0.0,0.0,,-19.000244140625,-60065.00244140625,60046.002197265625,60065.00244140625,11135.0341796875,SPY|long|equity,100000.0,111135.0341796875,0.11135034179687509,111154.03442382812,-0.00017093616294823314,111154.03442382812,0.5403762693163218,51089.031982421875
SPY,equity,long,2024-11-27,2024-11-29,598.8300170898438,599.6599731445312,,,0.0,0.0,,82.99560546875,-59883.001708984375,59965.997314453125,59883.001708984375,11218.02978515625,SPY|long|equity,100000.0,111218.02978515625,0.11218029785156247,111135.0341796875,0.0007467996575639635,111135.0341796875,0.5388310009619754,51252.032470703125
SPY,equity,long,2024-11-29,2024-12-02,602.5499877929688,602.969970703125,,,0.0,0.0,,41.998291015625,-60254.998779296875,60296.9970703125,60254.998779296875,11260.028076171875,SPY|long|equity,100000.0,111260.02807617188,0.1126002807617188,111218.02978515625,0.00037762124627413885,111218.02978515625,0.5417736575238166,50963.031005859375
SPY,equity,long,2024-12-02,2024-12-03,603.6300048828125,603.3900146484375,,,0.0,0.0,,-23.9990234375,-60363.00048828125,60339.00146484375,60363.00048828125,11236.029052734375,SPY|long|equity,100000.0,111236.02905273438,0.11236029052734375,111260.02807617188,-0.0002157021155977919,111260.02807617188,0.5425398638849432,50897.027587890625
SPY,equity,long,2024-12-03,2024-12-04,603.9099731445312,605.6300048828125,,,0.0,0.0,,172.003173828125,-60390.997314453125,60563.00048828125,60390.997314453125,11408.0322265625,SPY|long|equity,100000.0,111408.0322265625,0.11408032226562503,111236.02905273438,0.001546290130031362,111236.02905273438,0.5429086046016905,50845.03173828125
SPY,equity,long,2024-12-04,2024-12-05,607.6599731445312,607.6599731445312,,,0.0,0.0,,0.0,-60765.997314453125,60765.997314453125,60765.997314453125,11408.0322265625,SPY|long|equity,100000.0,111408.0322265625,0.11408032226562503,111408.0322265625,0.0,111408.0322265625,0.5454364115405762,50642.034912109375
SPY,equity,long,2024-12-05,2024-12-06,606.6599731445312,607.4400024414062,,,0.0,0.0,,78.0029296875,-60665.997314453125,60744.000244140625,60665.997314453125,11486.03515625,SPY|long|equity,100000.0,111486.03515625,0.11486035156249996,111408.0322265625,0.0007001553490225108,111408.0322265625,0.5445388101917199,50742.034912109375
SPY,equity,long,2024-12-06,2024-12-09,607.8099975585938,607.6900024414062,,,0.0,0.0,,-11.99951171875,-60780.999755859375,60769.000244140625,60780.999755859375,11474.03564453125,SPY|long|equity,100000.0,111474.03564453125,0.11474035644531244,111486.03515625,-0.0001076324196293503,111486.03515625,0.5451893564128775,50705.035400390625
SPY,equity,long,2024-12-09,2024-12-10,604.6799926757812,605.3699951171875,,,0.0,0.0,,69.000244140625,-60467.999267578125,60536.99951171875,60467.999267578125,11543.035888671875,SPY|long|equity,100000.0,111543.03588867188,0.11543035888671871,111474.03564453125,0.0006189804086814727,111474.03564453125,0.5424402096681838,51006.036376953125
SPY,equity,long,2024-12-10,2024-12-11,602.7999877929688,605.780029296875,,,0.0,0.0,,298.004150390625,-60279.998779296875,60578.0029296875,60279.998779296875,11841.0400390625,SPY|long|equity,100000.0,111841.0400390625,0.118410400390625,111543.03588867188,0.002671651780108038,111543.03588867188,0.5404192050094524,51263.037109375
SPY,equity,long,2024-12-11,2024-12-12,607.4600219726562,606.5800170898438,,,0.0,0.0,,-88.00048828125,-60746.002197265625,60658.001708984375,60746.002197265625,11753.03955078125,SPY|long|equity,100000.0,111753.03955078125,0.11753039550781241,111841.0400390625,-0.0007868353893214355,111841.0400390625,0.5431458986437268,51095.037841796875
SPY,equity,long,2024-12-12,2024-12-13,604.3300170898438,606.4000244140625,,,0.0,0.0,,207.000732421875,-60433.001708984375,60640.00244140625,60433.001708984375,11960.040283203125,SPY|long|equity,100000.0,111960.04028320312,0.11960040283203122,111753.03955078125,0.0018523051655146491,111753.03955078125,0.5407727785473186,51320.037841796875
SPY,equity,long,2024-12-13,2024-12-16,604.2100219726562,606.0,,,0.0,0.0,,178.997802734375,-60421.002197265625,60600.0,60421.002197265625,12139.0380859375,SPY|long|equity,100000.0,112139.0380859375,0.12139038085937504,111960.04028320312,0.0015987650797695298,111960.04028320312,0.5396657775794881,51539.0380859375
SPY,equity,long,2024-12-16,2024-12-17,606.7899780273438,604.1900024414062,,,0.0,0.0,,-259.99755859375,-60678.997802734375,60419.000244140625,60678.997802734375,11879.04052734375,SPY|long|equity,100000.0,111879.04052734375,0.11879040527343743,112139.0380859375,-0.0023185285252268835,112139.0380859375,0.541105032096255,51460.040283203125
SPY,equity,long,2024-12-17,2024-12-18,604.2899780273438,603.97998046875,,,0.0,0.0,,-30.999755859375,-60428.997802734375,60397.998046875,60428.997802734375,11848.040771484375,SPY|long|equity,100000.0,111848.04077148438,0.1184804077148438,111879.04052734375,-0.0002770827825592455,111879.04052734375,0.5401279588911495,51450.042724609375
SPY,equity,long,2024-12-18,2024-12-19,586.280029296875,591.3599853515625,,,0.0,0.0,,507.99560546875,-58628.0029296875,59135.99853515625,58628.0029296875,12356.036376953125,SPY|long|equity,100000.0,112356.03637695312,0.12356036376953128,111848.04077148438,0.004541837317531836,111848.04077148438,0.5241755020945766,53220.037841796875
SPY,equity,long,2024-12-19,2024-12-20,586.0999755859375,581.77001953125,,,0.0,0.0,,-432.99560546875,-58609.99755859375,58177.001953125,58609.99755859375,11923.040771484375,SPY|long|equity,100000.0,111923.04077148438,0.11923040771484383,112356.03637695312,-0.00385378142048421,112356.03637695312,0.5216452933775443,53746.038818359375
SPY,equity,long,2024-12-20,2024-12-23,591.1500244140625,590.8900146484375,,,0.0,0.0,,-26.0009765625,-59115.00244140625,59089.00146484375,59115.00244140625,11897.039794921875,SPY|long|equity,100000.0,111897.03979492188,0.11897039794921871,111923.04077148438,-0.00023231120583639913,111923.04077148438,0.5281754501479512,52808.038330078125
SPY,equity,long,2024-12-23,2024-12-24,594.6900024414062,596.0599975585938,,,0.0,0.0,,136.99951171875,-59469.000244140625,59605.999755859375,59469.000244140625,12034.039306640625,SPY|long|equity,100000.0,112034.03930664062,0.1203403930664062,111897.03979492188,0.00122433544238377,111897.03979492188,0.5314617826631679,52428.03955078125
SPY,equity,long,2024-12-24,2024-12-26,601.2999877929688,599.5,,,0.0,0.0,,-179.998779296875,-60129.998779296875,59950.0,60129.998779296875,11854.04052734375,SPY|long|equity,100000.0,111854.04052734375,0.11854040527343757,112034.03930664062,-0.0016066436630407727,112034.03930664062,0.5367118703514672,51904.04052734375
SPY,equity,long,2024-12-26,2024-12-27,601.3400268554688,597.5399780273438,,,0.0,0.0,,-380.0048828125,-60134.002685546875,59753.997802734375,60134.002685546875,11474.03564453125,SPY|long|equity,100000.0,111474.03564453125,0.11474035644531244,111854.04052734375,-0.003397328170005663,111854.04052734375,0.5376113585351131,51720.037841796875
SPY,equity,long,2024-12-27,2024-12-30,595.010009765625,587.8900146484375,,,0.0,0.0,,-711.99951171875,-59501.0009765625,58789.00146484375,59501.0009765625,10762.0361328125,SPY|long|equity,100000.0,110762.0361328125,0.10762036132812502,111474.03564453125,-0.006387133179507166,111474.03564453125,0.5337655592401757,51973.03466796875
SPY,equity,long,2024-12-30,2024-12-31,588.219970703125,589.9099731445312,,,0.0,0.0,,169.000244140625,-58821.9970703125,58990.997314453125,58821.9970703125,10931.036376953125,SPY|long|equity,100000.0,110931.03637695312,0.10931036376953118,110762.0361328125,0.0015257957513346925,110762.0361328125,0.5310664115977449,51940.0390625
SPY,equity,long,2024-12-31,2025-01-02,586.0800170898438,589.3900146484375,,,0.0,0.0,,330.999755859375,-58608.001708984375,58939.00146484375,58608.001708984375,11262.0361328125,SPY|long|equity,100000.0,111262.0361328125,0.11262036132812492,110931.03637695312,0.002983833620147653,110931.03637695312,0.5283282625236583,52323.03466796875
SPY,equity,long,2025-01-02,2025-01-03,584.6400146484375,587.530029296875,,,0.0,0.0,,289.00146484375,-58464.00146484375,58753.0029296875,58464.00146484375,11551.03759765625,SPY|long|equity,100000.0,111551.03759765625,0.11551037597656255,111262.0361328125,0.0025974849543358306,111262.0361328125,0.5254622645504688,52798.03466796875
SPY,equity,long,2025-01-03,2025-01-06,591.9500122070312,596.27001953125,,,0.0,0.0,,432.000732421875,-59195.001220703125,59627.001953125,59195.001220703125,11983.038330078125,SPY|long|equity,100000.0,111983.03833007812,0.11983038330078122,111551.03759765625,0.0038726733675039484,111551.03759765625,0.5306539723476928,52356.036376953125
SPY,equity,long,2025-01-06,2025-01-07,595.3599853515625,597.4199829101562,,,0.0,0.0,,205.999755859375,-59535.99853515625,59741.998291015625,59535.99853515625,12189.0380859375,SPY|long|equity,100000.0,112189.0380859375,0.12189038085937498,111983.03833007812,0.0018395621241511218,111983.03833007812,0.5316519307117706,52447.039794921875
SPY,equity,long,2025-01-07,2025-01-08,588.6300048828125,588.7000122070312,,,0.0,0.0,,7.000732421875,-58863.00048828125,58870.001220703125,58863.00048828125,12196.038818359375,SPY|long|equity,100000.0,112196.03881835938,0.12196038818359378,112189.0380859375,6.240121620895257e-05,112189.0380859375,0.5246769336162044,53326.03759765625
SPY,equity,long,2025-01-08,2025-01-10,589.489990234375,585.8800048828125,,,0.0,0.0,,-360.99853515625,-58948.9990234375,58588.00048828125,58948.9990234375,11835.040283203125,SPY|long|equity,100000.0,111835.04028320312,0.11835040283203124,112196.03881835938,-0.0032175693452127247,112196.03881835938,0.525410697599346,53247.039794921875
SPY,equity,long,2025-01-10,2025-01-13,580.489990234375,575.77001953125,,,0.0,0.0,,-471.9970703125,-58048.9990234375,57577.001953125,58048.9990234375,11363.043212890625,SPY|long|equity,100000.0,111363.04321289062,0.11363043212890633,111835.04028320312,-0.0042204757034758345,111835.04028320312,0.5190591327766175,53786.041259765625
SPY,equity,long,2025-01-13,2025-01-14,581.3900146484375,584.3599853515625,,,0.0,0.0,,296.9970703125,-58139.00146484375,58435.99853515625,58139.00146484375,11660.040283203125,SPY|long|equity,100000.0,111660.04028320312,0.11660040283203132,111363.04321289062,0.002666926672834688,111363.04321289062,0.522067283611319,53224.041748046875
SPY,equity,long,2025-01-14,2025-01-15,582.1900024414062,590.3300170898438,,,0.0,0.0,,814.00146484375,-58219.000244140625,59033.001708984375,58219.000244140625,12474.041748046875,SPY|long|equity,100000.0,112474.04174804688,0.12474041748046871,111660.04028320312,0.007289997950736896,111660.04028320312,0.5213951212670164,53441.0400390625
SPY,equity,long,2025-01-15,2025-01-16,592.780029296875,594.1699829101562,,,0.0,0.0,,138.995361328125,-59278.0029296875,59416.998291015625,59278.0029296875,12613.037109375,SPY|long|equity,100000.0,112613.037109375,0.12613037109375003,112474.04174804688,0.001235799471308131,112474.04174804688,0.5270371901676314,53196.038818359375
SPY,equity,long,2025-01-16,2025-01-17,591.6400146484375,596.9600219726562,,,0.0,0.0,,532.000732421875,-59164.00146484375,59696.002197265625,59164.00146484375,13145.037841796875,SPY|long|equity,100000.0,113145.03784179688,0.1314503784179688,112613.037109375,0.00472414869608011,112613.037109375,0.5253743525927724,53449.03564453125
SPY,equity,long,2025-01-17,2025-01-21,597.5800170898438,600.6699829101562,,,0.0,0.0,,308.99658203125,-59758.001708984375,60066.998291015625,59758.001708984375,13454.034423828125,SPY|long|equity,100000.0,113454.03442382812,0.13454034423828132,113145.03784179688,0.0027309777602734925,113145.03784179688,0.5281539769560198,53387.0361328125
SPY,equity,long,2025-01-21,2025-01-22,603.0499877929688,605.9199829101562,,,0.0,0.0,,286.99951171875,-60304.998779296875,60591.998291015625,60304.998779296875,13741.033935546875,SPY|long|equity,100000.0,113741.03393554688,0.13741033935546865,113454.03442382812,0.002529654526401514,113454.03442382812,0.531536838558042,53149.03564453125
SPY,equity,long,2025-01-22,2025-01-23,606.4400024414062,605.7999877929688,,,0.0,0.0,,-64.00146484375,-60644.000244140625,60579.998779296875,60644.000244140625,13677.032470703125,SPY|long|equity,100000.0,113677.03247070312,0.13677032470703132,113741.03393554688,-0.0005626945934043242,113741.03393554688,0.5331760943768586,53097.03369140625
SPY,equity,long,2025-01-23,2025-01-24,609.75,609.8099975585938,,,0.0,0.0,,5.999755859375,-60975.0,60980.999755859375,60975.0,13683.0322265625,SPY|long|equity,100000.0,113683.0322265625,0.13683032226562508,113677.03247070312,5.277896272425354e-05,113677.03247070312,0.5363880343702189,52702.032470703125
SPY,equity,long,2025-01-24,2025-01-27,607.969970703125,594.8099975585938,,,0.0,0.0,,-1315.997314453125,-60796.9970703125,59480.999755859375,60796.9970703125,12367.034912109375,SPY|long|equity,100000.0,112367.03491210938,0.12367034912109376,113683.0322265625,-0.011576022284754267,113683.0322265625,0.5347939431202736,52886.03515625
SPY,equity,long,2025-01-27,2025-01-28,599.3699951171875,600.6199951171875,,,0.0,0.0,,125.0,-59936.99951171875,60061.99951171875,59936.99951171875,12492.034912109375,SPY|long|equity,100000.0,112492.03491210938,0.12492034912109373,112367.03491210938,0.0011124259005122971,112367.03491210938,0.5334037652466307,52430.035400390625
SPY,equity,long,2025-01-28,2025-01-29,604.52001953125,603.719970703125,,,0.0,0.0,,-80.0048828125,-60452.001953125,60371.9970703125,60452.001953125,12412.030029296875,SPY|long|equity,100000.0,112412.03002929688,0.12412030029296872,112492.03491210938,-0.0007112048677491543,112492.03491210938,0.5373891760457216,52040.032958984375
SPY,equity,long,2025-01-29,2025-01-30,601.8099975585938,603.9600219726562,,,0.0,0.0,,215.00244140625,-60180.999755859375,60396.002197265625,60180.999755859375,12627.032470703125,SPY|long|equity,100000.0,112627.03247070312,0.12627032470703115,112412.03002929688,0.0019126284024068951,112412.03002929688,0.5353608483022233,52231.0302734375
SPY,equity,long,2025-01-30,2025-01-31,605.0399780273438,607.5,,,0.0,0.0,,246.002197265625,-60503.997802734375,60750.0,60503.997802734375,12873.03466796875,SPY|long|equity,100000.0,112873.03466796875,0.1287303466796874,112627.03247070312,0.0021842198259961775,112627.03247070312,0.537206712060649,52123.03466796875
SPY,equity,long,2025-01-31,2025-02-03,601.8200073242188,592.6699829101562,,,0.0,0.0,,-915.00244140625,-60182.000732421875,59266.998291015625,60182.000732421875,11958.0322265625,SPY|long|equity,100000.0,111958.0322265625,0.1195803222656251,112873.03466796875,-0.008106475068184824,112873.03466796875,0.5331831549444501,52691.033935546875
SPY,equity,long,2025-02-03,2025-02-04,597.77001953125,597.8300170898438,,,0.0,0.0,,5.999755859375,-59777.001953125,59783.001708984375,59777.001953125,11964.031982421875,SPY|long|equity,100000.0,111964.03198242188,0.11964031982421885,111958.0322265625,5.358932932327417e-05,111958.0322265625,0.5339232993320033,52181.0302734375
SPY,equity,long,2025-02-04,2025-02-05,601.780029296875,600.6400146484375,,,0.0,0.0,,-114.00146484375,-60178.0029296875,60064.00146484375,60178.0029296875,11850.030517578125,SPY|long|equity,100000.0,111850.03051757812,0.11850030517578114,111964.03198242188,-0.0010181972087397496,111964.03198242188,0.5374762043147511,51786.029052734375
SPY,equity,long,2025-02-05,2025-02-06,604.219970703125,605.989990234375,,,0.0,0.0,,177.001953125,-60421.9970703125,60598.9990234375,60421.9970703125,12027.032470703125,SPY|long|equity,100000.0,112027.03247070312,0.12027032470703114,111850.03051757812,0.0015824935612975333,111850.03051757812,0.5402054589588753,51428.033447265625
SPY,equity,long,2025-02-06,2025-02-07,606.3200073242188,606.8900146484375,,,0.0,0.0,,57.000732421875,-60632.000732421875,60689.00146484375,60632.000732421875,12084.033203125,SPY|long|equity,100000.0,112084.033203125,0.12084033203125011,112027.03247070312,0.0005088123032874375,112027.03247070312,0.5412265182359277,51395.03173828125
SPY,equity,long,2025-02-07,2025-02-10,600.77001953125,604.030029296875,,,0.0,0.0,,326.0009765625,-60077.001953125,60403.0029296875,60077.001953125,12410.0341796875,SPY|long|equity,100000.0,112410.0341796875,0.1241003417968749,112084.033203125,0.002908540737213682,112084.033203125,0.5359996445189483,52007.03125
SPY,equity,long,2025-02-10,2025-02-11,604.8499755859375,602.5499877929688,,,0.0,0.0,,-229.998779296875,-60484.99755859375,60254.998779296875,60484.99755859375,12180.035400390625,SPY|long|equity,100000.0,112180.03540039062,0.12180035400390632,112410.0341796875,-0.002046069827976583,112410.0341796875,0.5380747190407259,51925.03662109375
SPY,equity,long,2025-02-11,2025-02-12,605.3099975585938,599.2000122070312,,,0.0,0.0,,-610.99853515625,-60530.999755859375,59920.001220703125,60530.999755859375,11569.036865234375,SPY|long|equity,100000.0,111569.03686523438,0.11569036865234383,112180.03540039062,-0.00544658889592508,112180.03540039062,0.5395879894297894,51649.03564453125
SPY,equity,long,2025-02-12,2025-02-13,603.3599853515625,604.47998046875,,,0.0,0.0,,111.99951171875,-60335.99853515625,60447.998046875,60335.99853515625,11681.036376953125,SPY|long|equity,100000.0,111681.03637695312,0.11681036376953124,111569.03686523438,0.0010038583720502635,111569.03686523438,0.5407951904078625,51233.038330078125
SPY,equity,long,2025-02-13,2025-02-14,609.72998046875,609.9400024414062,,,0.0,0.0,,21.002197265625,-60972.998046875,60994.000244140625,60972.998046875,11702.03857421875,SPY|long|equity,100000.0,111702.03857421875,0.11702038574218743,111681.03637695312,0.00018805517881063542,111681.03637695312,0.545956592317741,50708.038330078125
SPY,equity,long,2025-02-14,2025-02-18,609.7000122070312,610.8800048828125,,,0.0,0.0,,117.999267578125,-60970.001220703125,61088.00048828125,60970.001220703125,11820.037841796875,SPY|long|equity,100000.0,111820.03784179688,0.11820037841796882,111702.03857421875,0.0010563752379480716,111702.03857421875,0.5458271129062029,50732.037353515625
SPY,equity,long,2025-02-18,2025-02-19,611.489990234375,610.0800170898438,,,0.0,0.0,,-140.997314453125,-61148.9990234375,61008.001708984375,61148.9990234375,11679.04052734375,SPY|long|equity,100000.0,111679.04052734375,0.11679040527343743,111820.03784179688,-0.0012609306630052136,111820.03784179688,0.5468518899085975,50671.038818359375
SPY,equity,long,2025-02-19,2025-02-20,612.9299926757812,611.5399780273438,,,0.0,0.0,,-139.00146484375,-61292.999267578125,61153.997802734375,61292.999267578125,11540.0390625,SPY|long|equity,100000.0,111540.0390625,0.11540039062500007,111679.04052734375,-0.0012446513167322258,111679.04052734375,0.5488317143320282,50386.041259765625
SPY,equity,long,2025-02-20,2025-02-21,610.3800048828125,610.1599731445312,,,0.0,0.0,,-22.003173828125,-61038.00048828125,61015.997314453125,61038.00048828125,11518.035888671875,SPY|long|equity,100000.0,111518.03588867188,0.11518035888671885,111540.0390625,-0.0001972670443103916,111540.0390625,0.547229506115552,50502.03857421875
SPY,equity,long,2025-02-21,2025-02-24,599.9400024414062,602.02001953125,,,0.0,0.0,,208.001708984375,-59994.000244140625,60202.001953125,59994.000244140625,11726.03759765625,SPY|long|equity,100000.0,111726.03759765625,0.11726037597656247,111518.03588867188,0.0018651844728687877,111518.03588867188,0.5379757611946507,51524.03564453125
SPY,equity,long,2025-02-24,2025-02-25,597.2100219726562,597.1500244140625,,,0.0,0.0,,-5.999755859375,-59721.002197265625,59715.00244140625,59721.002197265625,11720.037841796875,SPY|long|equity,100000.0,111720.03784179688,0.11720037841796871,111726.03759765625,-5.370060541286806e-05,111726.03759765625,0.5345307457544564,52005.035400390625
SPY,equity,long,2025-02-25,2025-02-26,594.239990234375,595.9299926757812,,,0.0,0.0,,169.000244140625,-59423.9990234375,59592.999267578125,59423.9990234375,11889.0380859375,SPY|long|equity,100000.0,111889.0380859375,0.11889038085937509,111720.03784179688,0.001512712020201253,111720.03784179688,0.5319009926185838,52296.038818359375
SPY,equity,long,2025-02-26,2025-02-27,594.5399780273438,596.8499755859375,,,0.0,0.0,,230.999755859375,-59453.997802734375,59684.99755859375,59453.997802734375,12120.037841796875,SPY|long|equity,100000.0,112120.03784179688,0.12120037841796871,111889.0380859375,0.0020645432279250923,111889.0380859375,0.5313657067734386,52435.040283203125
SPY,equity,long,2025-02-27,2025-02-28,585.0499877929688,585.5599975585938,,,0.0,0.0,,51.0009765625,-58504.998779296875,58555.999755859375,58504.998779296875,12171.038818359375,SPY|long|equity,100000.0,112171.03881835938,0.1217103881835937,112120.03784179688,0.0004548783388252435,112120.03784179688,0.5218068055047247,53615.0390625
SPY,equity,long,2025-02-28,2025-03-03,594.1799926757812,596.1799926757812,,,0.0,0.0,,200.0,-59417.999267578125,59617.999267578125,59417.999267578125,12371.038818359375,SPY|long|equity,100000.0,112371.03881835938,0.1237103881835937,112171.03881835938,0.0017829914219111734,112171.03881835938,0.5297089150060809,52753.03955078125
SPY,equity,long,2025-03-03,2025-03-04,583.77001953125,579.7100219726562,,,0.0,0.0,,-405.999755859375,-58377.001953125,57971.002197265625,58377.001953125,11965.0390625,SPY|long|equity,100000.0,111965.0390625,0.11965039062499994,112371.03881835938,-0.0036130284113119904,112371.03881835938,0.5195022006291826,53994.036865234375
SPY,equity,long,2025-03-04,2025-03-05,576.8599853515625,576.6900024414062,,,0.0,0.0,,-16.998291015625,-57685.99853515625,57669.000244140625,57685.99853515625,11948.040771484375,SPY|long|equity,100000.0,111948.04077148438,0.1194804077148437,111965.0390625,-0.0001518178456235467,111965.0390625,0.5152143831518279,54279.04052734375
SPY,equity,long,2025-03-05,2025-03-06,583.0599975585938,575.47998046875,,,0.0,0.0,,-758.001708984375,-58305.999755859375,57547.998046875,58305.999755859375,11190.0390625,SPY|long|equity,100000.0,111190.0390625,0.11190039062500001,111948.04077148438,-0.0067710136216823785,111948.04077148438,0.5208309082860805,53642.041015625
SPY,equity,long,2025-03-06,2025-03-07,572.7100219726562,570.9000244140625,,,0.0,0.0,,-180.999755859375,-57271.002197265625,57090.00244140625,57271.002197265625,11009.039306640625,SPY|long|equity,100000.0,111009.03930664062,0.11009039306640633,111190.0390625,-0.0016278414630076252,111190.0390625,0.5150731367678858,53919.036865234375
SPY,equity,long,2025-03-07,2025-03-10,575.9199829101562,567.5900268554688,,,0.0,0.0,,-832.99560546875,-57591.998291015625,56759.002685546875,57591.998291015625,10176.043701171875,SPY|long|equity,100000.0,110176.04370117188,0.10176043701171866,111009.03930664062,-0.007503853836332766,111009.03930664062,0.518804582498269,53417.041015625
SPY,equity,long,2025-03-10,2025-03-11,560.5800170898438,559.4000244140625,,,0.0,0.0,,-117.999267578125,-56058.001708984375,55940.00244140625,56058.001708984375,10058.04443359375,SPY|long|equity,100000.0,110058.04443359375,0.10058044433593749,110176.04370117188,-0.0010710065783281516,110176.04370117188,0.5088039089607291,54118.0419921875
SPY,equity,long,2025-03-11,2025-03-12,555.9199829101562,562.1699829101562,,,0.0,0.0,,625.0,-55591.998291015625,56216.998291015625,55591.998291015625,10683.04443359375,SPY|long|equity,100000.0,110683.04443359375,0.10683044433593758,110058.04443359375,0.005678821600152175,110058.04443359375,0.5051152651050277,54466.046142578125
SPY,equity,long,2025-03-12,2025-03-13,558.8699951171875,558.489990234375,,,0.0,0.0,,-38.00048828125,-55886.99951171875,55848.9990234375,55886.99951171875,10645.0439453125,SPY|long|equity,100000.0,110645.0439453125,0.10645043945312493,110683.04443359375,-0.0003433270965368961,110683.04443359375,0.5049282823553805,54796.044921875
SPY,equity,long,2025-03-13,2025-03-14,551.4199829101562,556.1099853515625,,,0.0,0.0,,469.000244140625,-55141.998291015625,55610.99853515625,55141.998291015625,11114.044189453125,SPY|long|equity,100000.0,111114.04418945312,0.1111404418945312,110645.0439453125,0.004238782212174216,110645.0439453125,0.49836844312945594,55503.045654296875
SPY,equity,long,2025-03-14,2025-03-17,562.8099975585938,562.7899780273438,,,0.0,0.0,,-2.001953125,-56280.999755859375,56278.997802734375,56280.999755859375,11112.042236328125,SPY|long|equity,100000.0,111112.04223632812,0.11112042236328135,111114.04418945312,-1.801710251484145e-05,111114.04418945312,0.5065156269525967,54833.04443359375
SPY,equity,long,2025-03-17,2025-03-18,567.1500244140625,564.7999877929688,,,0.0,0.0,,-235.003662109375,-56715.00244140625,56479.998779296875,56715.00244140625,10877.03857421875,SPY|long|equity,100000.0,110877.03857421875,0.10877038574218756,111112.04223632812,-0.0021150152348881988,111112.04223632812,0.5104307444982166,54397.039794921875
SPY,equity,long,2025-03-18,2025-03-19,561.02001953125,562.8300170898438,,,0.0,0.0,,180.999755859375,-56102.001953125,56283.001708984375,56102.001953125,11058.038330078125,SPY|long|equity,100000.0,111058.03833007812,0.11058038330078124,110877.03857421875,0.0016324367803007074,110877.03857421875,0.5059839500995646,54775.03662109375
SPY,equity,long,2025-03-19,2025-03-20,567.1300048828125,563.3300170898438,,,0.0,0.0,,-379.998779296875,-56713.00048828125,56333.001708984375,56713.00048828125,10678.03955078125,SPY|long|equity,100000.0,110678.03955078125,0.1067803955078126,111058.03833007812,-0.0034216233692825723,111058.03833007812,0.5106609241532184,54345.037841796875
SPY,equity,long,2025-03-20,2025-03-21,565.489990234375,559.280029296875,,,0.0,0.0,,-620.99609375,-56548.9990234375,55928.0029296875,56548.9990234375,10057.04345703125,SPY|long|equity,100000.0,110057.04345703125,0.10057043457031245,110678.03955078125,-0.0056108338769867245,110678.03955078125,0.5109324239294256,54129.04052734375
SPY,equity,long,2025-03-21,2025-03-24,563.97998046875,570.7999877929688,,,0.0,0.0,,682.000732421875,-56397.998046875,57079.998779296875,56397.998046875,10739.044189453125,SPY|long|equity,100000.0,110739.04418945312,0.10739044189453129,110057.04345703125,0.006196793144712664,110057.04345703125,0.5124433318881044,53659.04541015625
SPY,equity,long,2025-03-24,2025-03-25,574.0800170898438,575.2999877929688,,,0.0,0.0,,121.9970703125,-57408.001708984375,57529.998779296875,57408.001708984375,10861.041259765625,SPY|long|equity,100000.0,110861.04125976562,0.10861041259765636,110739.04418945312,0.00110166266293383,110739.04418945312,0.5184079574569054,53331.04248046875
SPY,equity,long,2025-03-25,2025-03-26,575.4600219726562,575.1900024414062,,,0.0,0.0,,-27.001953125,-57546.002197265625,57519.000244140625,57546.002197265625,10834.039306640625,SPY|long|equity,100000.0,110834.03930664062,0.1083403930664062,110861.04125976562,-0.00024356575419249391,110861.04125976562,0.5190822812355325,53315.0390625
SPY,equity,long,2025-03-26,2025-03-27,568.5900268554688,567.1799926757812,,,0.0,0.0,,-141.00341796875,-56859.002685546875,56717.999267578125,56859.002685546875,10693.035888671875,SPY|long|equity,100000.0,110693.03588867188,0.10693035888671876,110834.03930664062,-0.001272203186411359,110834.03930664062,0.5130102903516588,53975.03662109375
SPY,equity,long,2025-03-27,2025-03-28,567.0800170898438,565.530029296875,,,0.0,0.0,,-154.998779296875,-56708.001708984375,56553.0029296875,56708.001708984375,10538.037109375,SPY|long|equity,100000.0,110538.037109375,0.10538037109374998,110693.03588867188,-0.0014002577312339961,110693.03588867188,0.5122996334296742,53985.0341796875
SPY,equity,long,2025-03-28,2025-03-31,555.6599731445312,549.8300170898438,,,0.0,0.0,,-582.99560546875,-55565.997314453125,54983.001708984375,55565.997314453125,9955.04150390625,SPY|long|equity,100000.0,109955.04150390625,0.09955041503906248,110538.037109375,-0.005274162819554036,110538.037109375,0.5026866657625897,54972.039794921875
SPY,equity,long,2025-03-31,2025-04-01,559.3900146484375,557.4500122070312,,,0.0,0.0,,-194.000244140625,-55939.00146484375,55745.001220703125,55939.00146484375,9761.041259765625,SPY|long|equity,100000.0,109761.04125976562,0.09761041259765624,109955.04150390625,-0.0017643597009031457,109955.04150390625,0.5087443076710263,54016.0400390625
SPY,equity,long,2025-04-01,2025-04-02,560.969970703125,555.0499877929688,,,0.0,0.0,,-591.998291015625,-56096.9970703125,55504.998779296875,56096.9970703125,9169.04296875,SPY|long|equity,100000.0,109169.04296875,0.09169042968750007,109761.04125976562,-0.0053935192689596855,109761.04125976562,0.5110829528079158,53664.044189453125
SPY,equity,long,2025-04-02,2025-04-03,564.52001953125,545.1099853515625,,,0.0,0.0,,-1941.00341796875,-56452.001953125,54510.99853515625,56452.001953125,7228.03955078125,SPY|long|equity,100000.0,107228.03955078125,0.0722803955078124,109169.04296875,-0.017779796956948396,109169.04296875,0.5171063189523845,52717.041015625
SPY,equity,long,2025-04-03,2025-04-04,536.7000122070312,523.6699829101562,,,0.0,0.0,,-1303.0029296875,-53670.001220703125,52366.998291015625,53670.001220703125,5925.03662109375,SPY|long|equity,100000.0,105925.03662109375,0.0592503662109376,107228.03955078125,-0.012151699640749485,107228.03955078125,0.5005220784185463,53558.038330078125
SPY,equity,long,2025-04-04,2025-04-07,505.2799987792969,489.19000244140625,,,0.0,0.0,,-1608.9996337890625,-50527.99987792969,48919.000244140625,50527.99987792969,4316.0369873046875,SPY|long|equity,100000.0,104316.03698730469,0.043160369873046944,105925.03662109375,-0.015189984210670065,105925.03662109375,0.4770165910697228,55397.03674316406
SPY,equity,long,2025-04-07,2025-04-08,504.3800048828125,521.8599853515625,,,0.0,0.0,,1747.998046875,-50438.00048828125,52185.99853515625,50438.00048828125,6064.0350341796875,SPY|long|equity,100000.0,106064.03503417969,0.060640350341796934,104316.03698730469,0.01675675281920202,104316.03698730469,0.48351147095838753,53878.03649902344
SPY,equity,long,2025-04-08,2025-04-09,496.4800109863281,493.44000244140625,,,0.0,0.0,,-304.0008544921875,-49648.00109863281,49344.000244140625,49648.00109863281,5760.0341796875,SPY|long|equity,100000.0,105760.0341796875,0.0576003417968749,106064.03503417969,-0.0028662011057209134,106064.03503417969,0.46809459099527456,56416.033935546875
SPY,equity,long,2025-04-09,2025-04-10,548.6199951171875,532.1699829101562,,,0.0,0.0,,-1645.001220703125,-54861.99951171875,53216.998291015625,54861.99951171875,4115.032958984375,SPY|long|equity,100000.0,104115.03295898438,0.04115032958984366,105760.0341796875,-0.01555409123552522,105760.0341796875,0.5187403723651185,50898.03466796875
SPY,equity,long,2025-04-10,2025-04-11,524.5800170898438,523.010009765625,,,0.0,0.0,,-157.000732421875,-52458.001708984375,52301.0009765625,52458.001708984375,3958.0322265625,SPY|long|equity,100000.0,103958.0322265625,0.03958032226562502,104115.03295898438,-0.0015079544995555512,104115.03295898438,0.5038465648822295,51657.03125
SPY,equity,long,2025-04-11,2025-04-14,533.9400024414062,544.0499877929688,,,0.0,0.0,,1010.99853515625,-53394.000244140625,54404.998779296875,53394.000244140625,4969.03076171875,SPY|long|equity,100000.0,104969.03076171875,0.04969030761718751,103958.0322265625,0.009725064177368374,103958.0322265625,0.5136111092193012,50564.031982421875
SPY,equity,long,2025-04-14,2025-04-15,539.1199951171875,539.6699829101562,,,0.0,0.0,,54.998779296875,-53911.99951171875,53966.998291015625,53911.99951171875,5024.029541015625,SPY|long|equity,100000.0,105024.02954101562,0.05024029541015618,104969.03076171875,0.0005239524352827744,104969.03076171875,0.5135990979482299,51057.03125
SPY,equity,long,2025-04-15,2025-04-16,537.6099853515625,531.6799926757812,,,0.0,0.0,,-592.999267578125,-53760.99853515625,53167.999267578125,53760.99853515625,4431.0302734375,SPY|long|equity,100000.0,104431.0302734375,0.04431030273437497,105024.02954101562,-0.005646319896215158,105024.02954101562,0.511892361872867,51263.031005859375
SPY,equity,long,2025-04-16,2025-04-17,525.6599731445312,527.6400146484375,,,0.0,0.0,,198.004150390625,-52565.997314453125,52764.00146484375,52565.997314453125,4629.034423828125,SPY|long|equity,100000.0,104629.03442382812,0.046290344238281156,104431.0302734375,0.00189602793223604,104431.0302734375,0.5033561114624331,51865.032958984375
SPY,equity,long,2025-04-17,2025-04-21,526.4099731445312,521.1599731445312,,,0.0,0.0,,-525.0,-52640.997314453125,52115.997314453125,52640.997314453125,4104.034423828125,SPY|long|equity,100000.0,104104.03442382812,0.04104034423828118,104629.03442382812,-0.005017727659354533,104629.03442382812,0.5031203585537889,51988.037109375
SPY,equity,long,2025-04-21,2025-04-22,513.8800048828125,520.1400146484375,,,0.0,0.0,,626.0009765625,-51388.00048828125,52014.00146484375,51388.00048828125,4730.035400390625,SPY|long|equity,100000.0,104730.03540039062,0.04730035400390631,104104.03442382812,0.0060132249439433455,104104.03442382812,0.4936216043181432,52716.033935546875
SPY,equity,long,2025-04-22,2025-04-23,527.25,540.4299926757812,,,0.0,0.0,,1317.999267578125,-52725.0,54042.999267578125,52725.0,6048.03466796875,SPY|long|equity,100000.0,106048.03466796875,0.06048034667968749,104730.03540039062,0.012584730469528793,104730.03540039062,0.5034372403143802,52005.035400390625
SPY,equity,long,2025-04-23,2025-04-24,535.4199829101562,536.719970703125,,,0.0,0.0,,129.998779296875,-53541.998291015625,53671.9970703125,53541.998291015625,6178.033447265625,SPY|long|equity,100000.0,106178.03344726562,0.061780334472656184,106048.03466796875,0.0012258480763353593,106048.03466796875,0.5048843994012056,52506.036376953125
SPY,equity,long,2025-04-24,2025-04-25,546.6900024414062,546.6500244140625,,,0.0,0.0,,-3.997802734375,-54669.000244140625,54665.00244140625,54669.000244140625,6174.03564453125,SPY|long|equity,100000.0,106174.03564453125,0.061740356445312505,106178.03344726562,-3.765188151050611e-05,106178.03344726562,0.5148805121851548,51509.033203125
SPY,equity,long,2025-04-25,2025-04-28,550.6400146484375,551.3900146484375,,,0.0,0.0,,75.0,-55064.00146484375,55139.00146484375,55064.00146484375,6249.03564453125,SPY|long|equity,100000.0,106249.03564453125,0.062490356445312534,106174.03564453125,0.0007063873907091433,106174.03564453125,0.5186202175567389,51110.0341796875
SPY,equity,long,2025-04-28,2025-04-29,550.8499755859375,548.9099731445312,,,0.0,0.0,,-194.000244140625,-55084.99755859375,54890.997314453125,55084.99755859375,6055.035400390625,SPY|long|equity,100000.0,106055.03540039062,0.06055035400390629,106249.03564453125,-0.0018259012231383993,106249.03564453125,0.5184517414622674,51164.0380859375
SPY,equity,long,2025-04-29,2025-04-30,554.3200073242188,547.5700073242188,,,0.0,0.0,,-675.0,-55432.000732421875,54757.000732421875,55432.000732421875,5380.035400390625,SPY|long|equity,100000.0,105380.03540039062,0.05380035400390626,106055.03540039062,-0.006364620005562827,106055.03540039062,0.5226720308295489,50623.03466796875
SPY,equity,long,2025-04-30,2025-05-01,554.5399780273438,560.3699951171875,,,0.0,0.0,,583.001708984375,-55453.997802734375,56036.99951171875,55453.997802734375,5963.037109375,SPY|long|equity,100000.0,105963.037109375,0.05963037109375002,105380.03540039062,0.0055323734402751385,105380.03540039062,0.5262286883092926,49926.03759765625
SPY,equity,long,2025-05-01,2025-05-02,558.469970703125,564.72998046875,,,0.0,0.0,,626.0009765625,-55846.9970703125,56472.998046875,55846.9970703125,6589.0380859375,SPY|long|equity,100000.0,106589.0380859375,0.06589038085937493,105963.037109375,0.005907729654033435,105963.037109375,0.5270422459925083,50116.0400390625
SPY,equity,long,2025-05-02,2025-05-05,566.760009765625,562.5700073242188,,,0.0,0.0,,-419.000244140625,-56676.0009765625,56257.000732421875,56676.0009765625,6170.037841796875,SPY|long|equity,100000.0,106170.03784179688,0.061700378417968826,106589.0380859375,-0.003930988135973285,106589.0380859375,0.5317244811879006,49913.037109375
SPY,equity,long,2025-05-05,2025-05-06,563.510009765625,557.9299926757812,,,0.0,0.0,,-558.001708984375,-56351.0009765625,55792.999267578125,56351.0009765625,5612.0361328125,SPY|long|equity,100000.0,105612.0361328125,0.056120361328124924,106170.03784179688,-0.005255736178749874,106170.03784179688,0.5307618055155134,49819.036865234375
SPY,equity,long,2025-05-06,2025-05-07,558.7999877929688,560.1500244140625,,,0.0,0.0,,135.003662109375,-55879.998779296875,56015.00244140625,55879.998779296875,5747.039794921875,SPY|long|equity,100000.0,105747.03979492188,0.05747039794921882,105612.0361328125,0.0012782980714395188,105612.0361328125,0.5291063483429572,49732.037353515625
SPY,equity,long,2025-05-07,2025-05-08,561.1500244140625,565.239990234375,,,0.0,0.0,,408.99658203125,-56115.00244140625,56523.9990234375,56115.00244140625,6156.036376953125,SPY|long|equity,100000.0,106156.03637695312,0.06156036376953122,105747.03979492188,0.0038676882381240008,105747.03979492188,0.5306531752589161,49632.037353515625
SPY,equity,long,2025-05-08,2025-05-09,565.0599975585938,566.47998046875,,,0.0,0.0,,141.998291015625,-56505.999755859375,56647.998046875,56505.999755859375,6298.03466796875,SPY|long|equity,100000.0,106298.03466796875,0.06298034667968744,106156.03637695312,0.0013376374614383526,106156.03637695312,0.5322919137185028,49650.03662109375
SPY,equity,long,2025-05-09,2025-05-12,564.3400268554688,581.469970703125,,,0.0,0.0,,1712.994384765625,-56434.002685546875,58146.9970703125,56434.002685546875,8011.029052734375,SPY|long|equity,100000.0,108011.02905273438,0.08011029052734364,106298.03466796875,0.01611501463894712,106298.03466796875,0.5309035379800148,49864.031982421875
SPY,equity,long,2025-05-12,2025-05-13,582.989990234375,583.4099731445312,,,0.0,0.0,,41.998291015625,-58298.9990234375,58340.997314453125,58298.9990234375,8053.02734375,SPY|long|equity,100000.0,108053.02734375,0.08053027343749997,108011.02905273438,0.00038883335696320525,108011.02905273438,0.5397504267362743,49712.030029296875
SPY,equity,long,2025-05-13,2025-05-14,586.8400268554688,587.8099975585938,,,0.0,0.0,,96.9970703125,-58684.002685546875,58780.999755859375,58684.002685546875,8150.0244140625,SPY|long|equity,100000.0,108150.0244140625,0.08150024414062496,108053.02734375,0.0008976802658561561,108053.02734375,0.5431037346029646,49369.024658203125
SPY,equity,long,2025-05-14,2025-05-15,587.5900268554688,585.5599975585938,,,0.0,0.0,,-203.0029296875,-58759.002685546875,58555.999755859375,58759.002685546875,7947.021484375,SPY|long|equity,100000.0,107947.021484375,0.07947021484375005,108150.0244140625,-0.001877049319104028,108150.0244140625,0.5433101194742456,49391.021728515625
SPY,equity,long,2025-05-15,2025-05-16,590.4600219726562,591.25,,,0.0,0.0,,78.997802734375,-59046.002197265625,59125.0,59046.002197265625,8026.019287109375,SPY|long|equity,100000.0,108026.01928710938,0.08026019287109376,107947.021484375,0.000731820124798994,107947.021484375,0.546990564309478,48901.019287109375
SPY,equity,long,2025-05-16,2025-05-19,594.2000122070312,588.0999755859375,,,0.0,0.0,,-610.003662109375,-59420.001220703125,58809.99755859375,59420.001220703125,7416.015625,SPY|long|equity,100000.0,107416.015625,0.07416015625000005,108026.01928710938,-0.005646821628112757,108026.01928710938,0.5500526781680055,48606.01806640625
SPY,equity,long,2025-05-19,2025-05-20,594.8499755859375,593.0900268554688,,,0.0,0.0,,-175.994873046875,-59484.99755859375,59309.002685546875,59484.99755859375,7240.020751953125,SPY|long|equity,100000.0,107240.02075195312,0.07240020751953136,107416.015625,-0.0016384416422713967,107416.015625,0.5537814562612506,47931.01806640625
SPY,equity,long,2025-05-20,2025-05-21,592.8499755859375,588.4400024414062,,,0.0,0.0,,-440.997314453125,-59284.99755859375,58844.000244140625,59284.99755859375,6799.0234375,SPY|long|equity,100000.0,106799.0234375,0.06799023437500007,107240.02075195312,-0.004112245702312523,107240.02075195312,0.5528253085265653,47955.023193359375
SPY,equity,long,2025-05-21,2025-05-22,582.8599853515625,582.6599731445312,,,0.0,0.0,,-20.001220703125,-58285.99853515625,58265.997314453125,58285.99853515625,6779.022216796875,SPY|long|equity,100000.0,106779.02221679688,0.0677902221679687,106799.0234375,-0.00018727905985797653,106799.0234375,0.5457540402442526,48513.02490234375
SPY,equity,long,2025-05-22,2025-05-23,583.0900268554688,575.97998046875,,,0.0,0.0,,-711.004638671875,-58309.002685546875,57597.998046875,58309.002685546875,6068.017578125,SPY|long|equity,100000.0,106068.017578125,0.06068017578125007,106779.02221679688,-0.006658654704931643,106779.02221679688,0.5460717046758514,48470.01953125
SPY,equity,long,2025-05-23,2025-05-27,579.1099853515625,586.0700073242188,,,0.0,0.0,,696.002197265625,-57910.99853515625,58607.000732421875,57910.99853515625,6764.019775390625,SPY|long|equity,100000.0,106764.01977539062,0.06764019775390628,106068.017578125,0.006561847889284634,106068.017578125,0.5459798331056916,48157.01904296875
SPY,equity,long,2025-05-27,2025-05-28,591.1500244140625,591.5599975585938,,,0.0,0.0,,40.997314453125,-59115.00244140625,59155.999755859375,59115.00244140625,6805.01708984375,SPY|long|equity,100000.0,106805.01708984375,0.06805017089843757,106764.01977539062,0.00038399935239769777,106764.01977539062,0.5536977959969283,47649.017333984375
SPY,equity,long,2025-05-28,2025-05-29,587.72998046875,593.0599975585938,,,0.0,0.0,,533.001708984375,-58772.998046875,59305.999755859375,58772.998046875,7338.018798828125,SPY|long|equity,100000.0,107338.01879882812,0.07338018798828116,106805.01708984375,0.00499041827347883,106805.01708984375,0.5502831201032017,48032.01904296875
SPY,equity,long,2025-05-29,2025-05-30,590.0499877929688,588.9299926757812,,,0.0,0.0,,-111.99951171875,-59004.998779296875,58892.999267578125,59004.998779296875,7226.019287109375,SPY|long|equity,100000.0,107226.01928710938,0.07226019287109375,107338.01879882812,-0.0010434281624729668,107338.01879882812,0.549712016670286,48333.02001953125
SPY,equity,long,2025-05-30,2025-06-02,589.3900146484375,587.760009765625,,,0.0,0.0,,-163.00048828125,-58939.00146484375,58776.0009765625,58939.00146484375,7063.018798828125,SPY|long|equity,100000.0,107063.01879882812,0.07063018798828136,107226.01928710938,-0.0015201579743886454,107226.01928710938,0.5496707035913376,48287.017822265625
SPY,equity,long,2025-06-02,2025-06-03,592.7100219726562,592.3400268554688,,,0.0,0.0,,-36.99951171875,-59271.002197265625,59234.002685546875,59271.002197265625,7026.019287109375,SPY|long|equity,100000.0,107026.01928710938,0.07026019287109375,107063.01879882812,-0.000345586292389833,107063.01879882812,0.5536085462771799,47792.0166015625
SPY,equity,long,2025-06-03,2025-06-04,596.0900268554688,596.9600219726562,,,0.0,0.0,,86.99951171875,-59609.002685546875,59696.002197265625,59609.002685546875,7113.018798828125,SPY|long|equity,100000.0,107113.01879882812,0.0711301879882813,107026.01928710938,0.0008128818795489721,107026.01928710938,0.5569580470487181,47417.0166015625
SPY,equity,long,2025-06-04,2025-06-05,595.9299926757812,597.6300048828125,,,0.0,0.0,,170.001220703125,-59592.999267578125,59763.00048828125,59592.999267578125,7283.02001953125,SPY|long|equity,100000.0,107283.02001953125,0.0728302001953125,107113.01879882812,0.0015871200588829348,107113.01879882812,0.5563562668278574,47520.01953125
SPY,equity,long,2025-06-05,2025-06-06,593.0499877929688,598.6599731445312,,,0.0,0.0,,560.99853515625,-59304.998779296875,59865.997314453125,59304.998779296875,7844.0185546875,SPY|long|equity,100000.0,107844.0185546875,0.07844018554687504,107283.02001953125,0.005229145628582401,107283.02001953125,0.5527901691106402,47978.021240234375
SPY,equity,long,2025-06-06,2025-06-09,599.1400146484375,599.719970703125,,,0.0,0.0,,57.99560546875,-59914.00146484375,59971.9970703125,59914.00146484375,7902.01416015625,SPY|long|equity,100000.0,107902.01416015625,0.07902014160156257,107844.0185546875,0.0005377730378188804,107844.0185546875,0.5555616553222326,47930.01708984375
SPY,equity,long,2025-06-09,2025-06-10,599.6799926757812,600.219970703125,,,0.0,0.0,,53.997802734375,-59967.999267578125,60021.9970703125,59967.999267578125,7956.011962890625,SPY|long|equity,100000.0,107956.01196289062,0.07956011962890619,107902.01416015625,0.0005004336865688848,107902.01416015625,0.5557634835117085,47934.014892578125
SPY,equity,long,2025-06-10,2025-06-11,603.0800170898438,604.1900024414062,,,0.0,0.0,,110.99853515625,-60308.001708984375,60419.000244140625,60308.001708984375,8067.010498046875,SPY|long|equity,100000.0,108067.01049804688,0.08067010498046878,107956.01196289062,0.001028182989886707,107956.01196289062,0.5586349533707763,47648.01025390625
SPY,equity,long,2025-06-11,2025-06-12,601.3599853515625,600.010009765625,,,0.0,0.0,,-134.99755859375,-60135.99853515625,60001.0009765625,60135.99853515625,7932.012939453125,SPY|long|equity,100000.0,107932.01293945312,0.07932012939453115,108067.01049804688,-0.0012492023048624062,108067.01049804688,0.5564695299519098,47931.011962890625
SPY,equity,long,2025-06-12,2025-06-13,603.75,598.5,,,0.0,0.0,,-525.0,-60375.0,59850.0,60375.0,7407.012939453125,SPY|long|equity,100000.0,107407.01293945312,0.07407012939453117,107932.01293945312,-0.004864173155878326,107932.01293945312,0.5593799129260074,47557.012939453125
SPY,equity,long,2025-06-13,2025-06-16,597.0,600.4000244140625,,,0.0,0.0,,340.00244140625,-59700.0,60040.00244140625,59700.0,7747.015380859375,SPY|long|equity,100000.0,107747.01538085938,0.07747015380859379,107407.01293945312,0.0031655515976216028,107407.01293945312,0.55582962756495,47707.012939453125
SPY,equity,long,2025-06-16,2025-06-17,602.6799926757812,600.2100219726562,,,0.0,0.0,,-246.9970703125,-60267.999267578125,60021.002197265625,60267.999267578125,7500.018310546875,SPY|long|equity,100000.0,107500.01831054688,0.07500018310546874,107747.01538085938,-0.0022923796955249824,107747.01538085938,0.5593472733750023,47479.01611328125
SPY,equity,long,2025-06-17,2025-06-18,597.530029296875,598.4400024414062,,,0.0,0.0,,90.997314453125,-59753.0029296875,59844.000244140625,59753.0029296875,7591.015625,SPY|long|equity,100000.0,107591.015625,0.07591015624999997,107500.01831054688,0.0008464865018929696,107500.01831054688,0.555841793041119,47747.015380859375
SPY,equity,long,2025-06-18,2025-06-20,597.4400024414062,598.3800048828125,,,0.0,0.0,,94.000244140625,-59744.000244140625,59838.00048828125,59744.000244140625,7685.015869140625,SPY|long|equity,100000.0,107685.01586914062,0.07685015869140632,107591.015625,0.000873681167470855,107591.015625,0.5552880033438259,47847.015380859375
SPY,equity,long,2025-06-20,2025-06-23,594.280029296875,595.0399780273438,,,0.0,0.0,,75.994873046875,-59428.0029296875,59503.997802734375,59428.0029296875,7761.0107421875,SPY|long|equity,100000.0,107761.0107421875,0.07761010742187491,107685.01586914062,0.0007057144620680035,107685.01586914062,0.5518688226958587,48257.012939453125
SPY,equity,long,2025-06-23,2025-06-24,600.1500244140625,604.3300170898438,,,0.0,0.0,,417.999267578125,-60015.00244140625,60433.001708984375,60015.00244140625,8179.010009765625,SPY|long|equity,100000.0,108179.01000976562,0.0817901000976562,107761.0107421875,0.0038789471692889563,107761.0107421875,0.5569268701923088,47746.00830078125
SPY,equity,long,2025-06-24,2025-06-25,606.780029296875,607.9099731445312,,,0.0,0.0,,112.994384765625,-60678.0029296875,60790.997314453125,60678.0029296875,8292.00439453125,SPY|long|equity,100000.0,108292.00439453125,0.0829200439453126,108179.01000976562,0.0010445130229554207,108179.01000976562,0.5609036625886106,47501.007080078125
SPY,equity,long,2025-06-25,2025-06-26,607.1199951171875,608.989990234375,,,0.0,0.0,,186.99951171875,-60711.99951171875,60898.9990234375,60711.99951171875,8479.00390625,SPY|long|equity,100000.0,108479.00390625,0.08479003906250004,108292.00439453125,0.001726808112605158,108292.00439453125,0.5606323370886347,47580.0048828125
SPY,equity,long,2025-06-26,2025-06-27,611.8699951171875,612.8800048828125,,,0.0,0.0,,101.0009765625,-61186.99951171875,61288.00048828125,61186.99951171875,8580.0048828125,SPY|long|equity,100000.0,108580.0048828125,0.08580004882812498,108479.00390625,0.0009310647491729121,108479.00390625,0.5640446289919654,47292.00439453125
SPY,equity,long,2025-06-27,2025-06-30,614.9099731445312,617.3800048828125,,,0.0,0.0,,247.003173828125,-61490.997314453125,61738.00048828125,61490.997314453125,8827.008056640625,SPY|long|equity,100000.0,108827.00805664062,0.08827008056640628,108580.0048828125,0.0022748495369355427,108580.0048828125,0.5663197140285517,47089.007568359375
SPY,equity,long,2025-06-30,2025-07-01,617.8499755859375,616.3599853515625,,,0.0,0.0,,-148.9990234375,-61784.99755859375,61635.99853515625,61784.99755859375,8678.009033203125,SPY|long|equity,100000.0,108678.00903320312,0.08678009033203127,108827.00805664062,-0.001369136449657343,108827.00805664062,0.5677358834163375,47042.010498046875
SPY,equity,long,2025-07-01,2025-07-02,617.6500244140625,617.239990234375,,,0.0,0.0,,-41.00341796875,-61765.00244140625,61723.9990234375,61765.00244140625,8637.005615234375,SPY|long|equity,100000.0,108637.00561523438,0.08637005615234372,108678.00903320312,-0.0003772926862896679,108678.00903320312,0.5683302720657674,46913.006591796875
SPY,equity,long,2025-07-02,2025-07-03,620.4500122070312,622.4500122070312,,,0.0,0.0,,200.0,-62045.001220703125,62245.001220703125,62045.001220703125,8837.005615234375,SPY|long|equity,100000.0,108837.00561523438,0.08837005615234372,108637.00561523438,0.0018409933048813122,108637.00561523438,0.5711221592433364,46592.00439453125
SPY,equity,long,2025-07-03,2025-07-07,625.3400268554688,623.3599853515625,,,0.0,0.0,,-198.004150390625,-62534.002685546875,62335.99853515625,62534.002685546875,8639.00146484375,SPY|long|equity,100000.0,108639.00146484375,0.08639001464843754,108837.00561523438,-0.0018192723079006642,108837.00561523438,0.5745656298797853,46303.0029296875
SPY,equity,long,2025-07-07,2025-07-08,620.6799926757812,621.3499755859375,,,0.0,0.0,,66.998291015625,-62067.999267578125,62134.99755859375,62067.999267578125,8705.999755859375,SPY|long|equity,100000.0,108705.99975585938,0.08705999755859373,108639.00146484375,0.0006167056960414539,108639.00146484375,0.5713233592971094,46571.002197265625
SPY,equity,long,2025-07-08,2025-07-09,620.3400268554688,622.77001953125,,,0.0,0.0,,242.999267578125,-62034.002685546875,62277.001953125,62034.002685546875,8948.9990234375,SPY|long|equity,100000.0,108948.9990234375,0.0894899902343751,108705.99975585938,0.0022353804585199728,108705.99975585938,0.5706584992996504,46671.9970703125
SPY,equity,long,2025-07-09,2025-07-10,624.0599975585938,624.2000122070312,,,0.0,0.0,,14.00146484375,-62405.999755859375,62420.001220703125,62405.999755859375,8963.00048828125,SPY|long|equity,100000.0,108963.00048828125,0.08963000488281248,108948.9990234375,0.00012851393743175147,108948.9990234375,0.5728001203795766,46542.999267578125
SPY,equity,long,2025-07-10,2025-07-11,625.8200073242188,622.739990234375,,,0.0,0.0,,-308.001708984375,-62582.000732421875,62273.9990234375,62582.000732421875,8654.998779296875,SPY|long|equity,100000.0,108654.99877929688,0.08654998779296874,108963.00048828125,-0.002826663249031032,108963.00048828125,0.5743417531821037,46380.999755859375
SPY,equity,long,2025-07-11,2025-07-14,623.6199951171875,623.1599731445312,,,0.0,0.0,,-46.002197265625,-62361.99951171875,62315.997314453125,62361.99951171875,8608.99658203125,SPY|long|equity,100000.0,108608.99658203125,0.08608996582031248,108654.99877929688,-0.00042337856318111944,108654.99877929688,0.5739450574049539,46292.999267578125
SPY,equity,long,2025-07-14,2025-07-15,624.8099975585938,627.52001953125,,,0.0,0.0,,271.002197265625,-62480.999755859375,62752.001953125,62480.999755859375,8879.998779296875,SPY|long|equity,100000.0,108879.99877929688,0.08879998779296883,108608.99658203125,0.002495209474299303,108608.99658203125,0.5752838321148481,46127.996826171875
SPY,equity,long,2025-07-15,2025-07-16,622.1400146484375,623.739990234375,,,0.0,0.0,,159.99755859375,-62214.00146484375,62373.9990234375,62214.00146484375,9039.996337890625,SPY|long|equity,100000.0,109039.99633789062,0.09039996337890632,108879.99877929688,0.0014694853084823228,108879.99877929688,0.5713997259584238,46665.997314453125
SPY,equity,long,2025-07-16,2025-07-17,624.219970703125,624.4000244140625,,,0.0,0.0,,18.00537109375,-62421.9970703125,62440.00244140625,62421.9970703125,9058.001708984375,SPY|long|equity,100000.0,109058.00170898438,0.09058001708984365,109039.99633789062,0.00016512629950899275,109039.99633789062,0.5724688111404613,46617.999267578125
SPY,equity,long,2025-07-17,2025-07-18,628.0399780273438,629.2999877929688,,,0.0,0.0,,126.0009765625,-62803.997802734375,62929.998779296875,62803.997802734375,9184.002685546875,SPY|long|equity,100000.0,109184.00268554688,0.09184002685546866,109058.00170898438,0.00115535746655919,109058.00170898438,0.5758770270733878,46254.00390625
SPY,equity,long,2025-07-18,2025-07-21,627.5800170898438,628.77001953125,,,0.0,0.0,,119.000244140625,-62758.001708984375,62877.001953125,62758.001708984375,9303.0029296875,SPY|long|equity,100000.0,109303.0029296875,0.0930300292968751,109184.00268554688,0.0010899054917719877,109184.00268554688,0.5747911797090757,46426.0009765625
SPY,equity,long,2025-07-21,2025-07-22,628.77001953125,629.0999755859375,,,0.0,0.0,,32.99560546875,-62877.001953125,62909.99755859375,62877.001953125,9335.99853515625,SPY|long|equity,100000.0,109335.99853515625,0.09335998535156254,109303.0029296875,0.00030187281762034877,109303.0029296875,0.5752541125843775,46426.0009765625
SPY,equity,long,2025-07-22,2025-07-23,628.8599853515625,631.5499877929688,,,0.0,0.0,,269.000244140625,-62885.99853515625,63154.998779296875,62885.99853515625,9604.998779296875,SPY|long|equity,100000.0,109604.99877929688,0.0960499877929688,109335.99853515625,0.002460308112100241,109335.99853515625,0.5751627952154814,46450.0
SPY,equity,long,2025-07-23,2025-07-24,634.2100219726562,634.5999755859375,,,0.0,0.0,,38.995361328125,-63421.002197265625,63459.99755859375,63421.002197265625,9643.994140625,SPY|long|equity,100000.0,109643.994140625,0.09643994140625001,109604.99877929688,0.0003557808654936163,109604.99877929688,0.5786323881538615,46183.99658203125
SPY,equity,long,2025-07-24,2025-07-25,634.4199829101562,635.0900268554688,,,0.0,0.0,,67.00439453125,-63441.998291015625,63509.002685546875,63441.998291015625,9710.99853515625,SPY|long|equity,100000.0,109710.99853515625,0.09710998535156246,109643.994140625,0.0006111086617777973,109643.994140625,0.5786180883710553,46201.995849609375
SPY,equity,long,2025-07-25,2025-07-28,637.0999755859375,637.47998046875,,,0.0,0.0,,38.00048828125,-63709.99755859375,63747.998046875,63709.99755859375,9748.9990234375,SPY|long|equity,100000.0,109748.9990234375,0.0974899902343751,109710.99853515625,0.0003463689948011271,109710.99853515625,0.5807074806467855,46001.0009765625
SPY,equity,long,2025-07-28,2025-07-29,636.9400024414062,638.3499755859375,,,0.0,0.0,,140.997314453125,-63694.000244140625,63834.99755859375,63694.000244140625,9889.996337890625,SPY|long|equity,100000.0,109889.99633789062,0.09889996337890627,109748.9990234375,0.0012847252886836285,109748.9990234375,0.5803606484879049,46054.998779296875
SPY,equity,long,2025-07-29,2025-07-30,635.260009765625,635.9199829101562,,,0.0,0.0,,65.997314453125,-63526.0009765625,63591.998291015625,63526.0009765625,9955.99365234375,SPY|long|equity,100000.0,109955.99365234375,0.09955993652343742,109889.99633789062,0.0006005761821139382,109889.99633789062,0.5780872062387941,46363.995361328125
SPY,equity,long,2025-07-30,2025-07-31,634.4600219726562,639.4600219726562,,,0.0,0.0,,500.0,-63446.002197265625,63946.002197265625,63446.002197265625,10455.99365234375,SPY|long|equity,100000.0,110455.99365234375,0.10455993652343754,109955.99365234375,0.004547273717346306,109955.99365234375,0.5770126765246439,46509.991455078125
SPY,equity,long,2025-07-31,2025-08-01,632.0800170898438,626.2999877929688,,,0.0,0.0,,-578.0029296875,-63208.001708984375,62629.998779296875,63208.001708984375,9877.99072265625,SPY|long|equity,100000.0,109877.99072265625,0.09877990722656249,110455.99365234375,-0.005232879724994764,110455.99365234375,0.5722460105508559,47247.991943359375
SPY,equity,long,2025-08-01,2025-08-04,621.719970703125,625.6699829101562,,,0.0,0.0,,395.001220703125,-62171.9970703125,62566.998291015625,62171.9970703125,10272.991943359375,SPY|long|equity,100000.0,110272.99194335938,0.10272991943359377,109877.99072265625,0.0035949075707085885,109877.99072265625,0.5658275753079727,47705.99365234375
SPY,equity,long,2025-08-04,2025-08-05,631.1699829101562,631.7899780273438,,,0.0,0.0,,61.99951171875,-63116.998291015625,63178.997802734375,63116.998291015625,10334.991455078125,SPY|long|equity,100000.0,110334.99145507812,0.10334991455078124,110272.99194335938,0.0005622365968867103,110272.99194335938,0.5723704161707615,47155.99365234375
SPY,equity,long,2025-08-05,2025-08-06,627.969970703125,629.0499877929688,,,0.0,0.0,,108.001708984375,-62796.9970703125,62904.998779296875,62796.9970703125,10442.9931640625,SPY|long|equity,100000.0,110442.9931640625,0.10442993164062497,110334.99145507812,0.000978852742544027,110334.99145507812,0.5691485198136778,47537.994384765625
SPY,equity,long,2025-08-06,2025-08-07,632.780029296875,636.239990234375,,,0.0,0.0,,345.99609375,-63278.0029296875,63623.9990234375,63278.0029296875,10788.9892578125,SPY|long|equity,100000.0,110788.9892578125,0.10788989257812509,110442.9931640625,0.0031328025783946708,110442.9931640625,0.572947193088912,47164.990234375
SPY,equity,long,2025-08-07,2025-08-08,632.25,634.0599975585938,,,0.0,0.0,,180.999755859375,-63225.0,63405.999755859375,63225.0,10969.989013671875,SPY|long|equity,100000.0,110969.98901367188,0.10969989013671877,110788.9892578125,0.001633734156001531,110788.9892578125,0.5706794549129038,47563.9892578125
SPY,equity,long,2025-08-08,2025-08-11,637.1799926757812,637.4600219726562,,,0.0,0.0,,28.0029296875,-63717.999267578125,63746.002197265625,63717.999267578125,10997.991943359375,SPY|long|equity,100000.0,110997.99194335938,0.10997991943359375,110969.98901367188,0.0002523468726670771,110969.98901367188,0.5741912730993228,47251.98974609375
SPY,equity,long,2025-08-11,2025-08-12,635.9199829101562,638.2899780273438,,,0.0,0.0,,236.99951171875,-63591.998291015625,63828.997802734375,63591.998291015625,11234.991455078125,SPY|long|equity,100000.0,111234.99145507812,0.11234991455078136,110997.99194335938,0.0021351693627006093,110997.99194335938,0.5729112498131108,47405.99365234375
SPY,equity,long,2025-08-12,2025-08-13,642.6900024414062,644.9099731445312,,,0.0,0.0,,221.9970703125,-64269.000244140625,64490.997314453125,64269.000244140625,11456.988525390625,SPY|long|equity,100000.0,111456.98852539062,0.11456988525390632,111234.99145507812,0.0019957485266868815,111234.99145507812,0.5777768254703867,46965.9912109375
SPY,equity,long,2025-08-13,2025-08-14,644.8900146484375,642.7899780273438,,,0.0,0.0,,-210.003662109375,-64489.00146484375,64278.997802734375,64489.00146484375,11246.98486328125,SPY|long|equity,100000.0,111246.98486328125,0.1124698486328124,111456.98852539062,-0.0018841677393924457,111456.98852539062,0.5785998914743039,46967.987060546875
SPY,equity,long,2025-08-14,2025-08-15,644.9500122070312,645.989990234375,,,0.0,0.0,,103.997802734375,-64495.001220703125,64598.9990234375,64495.001220703125,11350.982666015625,SPY|long|equity,100000.0,111350.98266601562,0.11350982666015619,111246.98486328125,0.000934837046255094,111246.98486328125,0.5797460605333734,46751.983642578125
SPY,equity,long,2025-08-15,2025-08-18,643.4400024414062,642.8599853515625,,,0.0,0.0,,-58.001708984375,-64344.000244140625,64285.99853515625,64344.000244140625,11292.98095703125,SPY|long|equity,100000.0,111292.98095703125,0.1129298095703124,111350.98266601562,-0.000520890858757344,111350.98266601562,0.5778485173959623,47006.982421875
SPY,equity,long,2025-08-18,2025-08-19,643.2999877929688,643.1199951171875,,,0.0,0.0,,-17.999267578125,-64329.998779296875,64311.99951171875,64329.998779296875,11274.981689453125,SPY|long|equity,100000.0,111274.98168945312,0.11274981689453134,111292.98095703125,-0.00016172868606219003,111292.98095703125,0.5780238630155287,46962.982177734375
SPY,equity,long,2025-08-19,2025-08-20,639.8099975585938,639.4000244140625,,,0.0,0.0,,-40.997314453125,-63980.999755859375,63940.00244140625,63980.999755859375,11233.984375,SPY|long|equity,100000.0,111233.984375,0.11233984375000006,111274.98168945312,-0.0003684324529258567,111274.98168945312,0.57498099558819,47293.98193359375
SPY,equity,long,2025-08-20,2025-08-21,638.1099853515625,636.280029296875,,,0.0,0.0,,-182.99560546875,-63810.99853515625,63628.0029296875,63810.99853515625,11050.98876953125,SPY|long|equity,100000.0,111050.98876953125,0.11050988769531256,111233.984375,-0.0016451411544499033,111233.984375,0.573664594446532,47422.98583984375
SPY,equity,long,2025-08-21,2025-08-22,635.5499877929688,637.760009765625,,,0.0,0.0,,221.002197265625,-63554.998779296875,63776.0009765625,63554.998779296875,11271.990966796875,SPY|long|equity,100000.0,111271.99096679688,0.11271990966796874,111050.98876953125,0.0019900966188088616,111050.98876953125,0.5723046636819706,47495.989990234375
SPY,equity,long,2025-08-22,2025-08-25,645.3099975585938,644.0399780273438,,,0.0,0.0,,-127.001953125,-64530.999755859375,64403.997802734375,64530.999755859375,11144.989013671875,SPY|long|equity,100000.0,111144.98901367188,0.11144989013671869,111271.99096679688,-0.001141364974433655,111271.99096679688,0.5799392928550652,46740.9912109375
SPY,equity,long,2025-08-25,2025-08-26,642.469970703125,642.2000122070312,,,0.0,0.0,,-26.995849609375,-64246.9970703125,64220.001220703125,64246.9970703125,11117.9931640625,SPY|long|equity,100000.0,111117.9931640625,0.11117993164062501,111144.98901367188,-0.00024288858948066707,111144.98901367188,0.5780467265367178,46897.991943359375
SPY,equity,long,2025-08-26,2025-08-27,645.1599731445312,644.5700073242188,,,0.0,0.0,,-58.99658203125,-64515.997314453125,64457.000732421875,64515.997314453125,11058.99658203125,SPY|long|equity,100000.0,111058.99658203125,0.11058996582031244,111117.9931640625,-0.0005309363528924002,111117.9931640625,0.58060801385422,46601.995849609375
SPY,equity,long,2025-08-27,2025-08-28,646.6300048828125,647.239990234375,,,0.0,0.0,,60.99853515625,-64663.00048828125,64723.9990234375,64663.00048828125,11119.9951171875,SPY|long|equity,100000.0,111119.9951171875,0.11119995117187509,111058.99658203125,0.000549244428939125,111058.99658203125,0.5822400929088115,46395.99609375
SPY,equity,long,2025-08-28,2025-08-29,648.9199829101562,647.469970703125,,,0.0,0.0,,-145.001220703125,-64891.998291015625,64746.9970703125,64891.998291015625,10974.993896484375,SPY|long|equity,100000.0,110974.99389648438,0.10974993896484375,111119.9951171875,-0.0013049066511405644,111119.9951171875,0.5839812917790387,46227.996826171875
SPY,equity,long,2025-08-29,2025-09-02,645.0499877929688,637.5,,,0.0,0.0,,-754.998779296875,-64504.998779296875,63750.0,64504.998779296875,10219.9951171875,SPY|long|equity,100000.0,110219.9951171875,0.10219995117187497,110974.99389648438,-0.006803323458626412,110974.99389648438,0.5812570608426081,46469.9951171875
SPY,equity,long,2025-09-02,2025-09-03,640.27001953125,642.6699829101562,,,0.0,0.0,,239.996337890625,-64027.001953125,64266.998291015625,64027.001953125,10459.991455078125,SPY|long|equity,100000.0,110459.99145507812,0.10459991455078121,110219.9951171875,0.0021774301263165308,110219.9951171875,0.5809018761527848,46192.9931640625
SPY,equity,long,2025-09-03,2025-09-04,643.739990234375,644.4199829101562,,,0.0,0.0,,67.999267578125,-64373.9990234375,64441.998291015625,64373.9990234375,10527.99072265625,SPY|long|equity,100000.0,110527.99072265625,0.10527990722656244,110459.99145507812,0.0006156008766828391,110459.99145507812,0.5827811334714535,46085.992431640625
SPY,equity,long,2025-09-04,2025-09-05,649.1199951171875,651.47998046875,,,0.0,0.0,,235.99853515625,-64911.99951171875,65147.998046875,64911.99951171875,10763.9892578125,SPY|long|equity,100000.0,110763.9892578125,0.10763989257812501,110527.99072265625,0.0021351924848469588,110527.99072265625,0.5872901433140135,45615.9912109375
SPY,equity,long,2025-09-05,2025-09-08,647.239990234375,648.6199951171875,,,0.0,0.0,,138.00048828125,-64723.9990234375,64861.99951171875,64723.9990234375,10901.98974609375,SPY|long|equity,100000.0,110901.98974609375,0.10901989746093754,110763.9892578125,0.0012458966962632797,110763.9892578125,0.5843415306466342,46039.990234375
SPY,equity,long,2025-09-08,2025-09-09,648.8300170898438,648.969970703125,,,0.0,0.0,,13.995361328125,-64883.001708984375,64896.9970703125,64883.001708984375,10915.985107421875,SPY|long|equity,100000.0,110915.98510742188,0.10915985107421866,110901.98974609375,0.00012619576402701966,110901.98974609375,0.5850481299526884,46018.988037109375
SPY,equity,long,2025-09-09,2025-09-10,650.3300170898438,653.6199951171875,,,0.0,0.0,,328.997802734375,-65033.001708984375,65361.99951171875,65033.001708984375,11244.98291015625,SPY|long|equity,100000.0,111244.98291015625,0.11244982910156254,110915.98510742188,0.0029661892505011014,110915.98510742188,0.5863266836245475,45882.9833984375
SPY,equity,long,2025-09-10,2025-09-11,652.2100219726562,654.1799926757812,,,0.0,0.0,,196.9970703125,-65221.002197265625,65417.999267578125,65221.002197265625,11441.97998046875,SPY|long|equity,100000.0,111441.97998046875,0.11441979980468742,111244.98291015625,0.0017708400429311847,111244.98291015625,0.5862826393702578,46023.980712890625
SPY,equity,long,2025-09-11,2025-09-12,657.6300048828125,657.5999755859375,,,0.0,0.0,,-3.0029296875,-65763.00048828125,65759.99755859375,65763.00048828125,11438.97705078125,SPY|long|equity,100000.0,111438.97705078125,0.11438977050781252,111441.97998046875,-2.6946126477888237e-05,111441.97998046875,0.5901097638412995,45678.9794921875
SPY,equity,long,2025-09-12,2025-09-15,657.4099731445312,659.6400146484375,,,0.0,0.0,,223.004150390625,-65740.99731445312,65964.00146484375,65740.99731445312,11661.981201171875,SPY|long|equity,100000.0,111661.98120117188,0.11661981201171878,111438.97705078125,0.002001132425049137,111438.97705078125,0.5899282194998599,45697.979736328125
SPY,equity,long,2025-09-15,2025-09-16,660.9099731445312,661.469970703125,,,0.0,0.0,,55.999755859375,-66090.99731445312,66146.9970703125,66090.99731445312,11717.98095703125,SPY|long|equity,100000.0,111717.98095703125,0.11717980957031249,111661.98120117188,0.000501511394092901,111661.98120117188,0.5918845125574353,45570.98388671875
SPY,equity,long,2025-09-16,2025-09-17,660.0,660.010009765625,,,0.0,0.0,,1.0009765625,-66000.0,66001.0009765625,66000.0,11718.98193359375,SPY|long|equity,100000.0,111718.98193359375,0.11718981933593753,111717.98095703125,8.959851887092316e-06,111717.98095703125,0.5907732974997534,45717.98095703125
SPY,equity,long,2025-09-17,2025-09-18,659.1799926757812,661.8900146484375,,,0.0,0.0,,271.002197265625,-65917.99926757812,66189.00146484375,65917.99926757812,11989.984130859375,SPY|long|equity,100000.0,111989.98413085938,0.11989984130859366,111718.98193359375,0.0024257488975929793,111718.98193359375,0.5900340132598064,45800.982666015625
SPY,equity,long,2025-09-18,2025-09-19,662.260009765625,662.3300170898438,,,0.0,0.0,,7.000732421875,-66226.0009765625,66233.00170898438,66226.0009765625,11996.98486328125,SPY|long|equity,100000.0,111996.98486328125,0.11996984863281246,111989.98413085938,6.251212977845145e-05,111989.98413085938,0.5913564636206927,45763.983154296875
SPY,equity,long,2025-09-19,2025-09-22,663.7000122070312,662.2000122070312,,,0.0,0.0,,-150.0,-66370.00122070312,66220.00122070312,66370.00122070312,11846.98486328125,SPY|long|equity,100000.0,111846.98486328125,0.1184698486328124,111996.98486328125,-0.0013393217699843474,111996.98486328125,0.5926052500585027,45626.983642578125
SPY,equity,long,2025-09-22,2025-09-23,666.8400268554688,666.719970703125,,,0.0,0.0,,-12.005615234375,-66684.00268554688,66671.9970703125,66684.00268554688,11834.979248046875,SPY|long|equity,100000.0,111834.97924804688,0.11834979248046884,111846.98486328125,-0.00010733964128805387,111846.98486328125,0.5962074236248711,45162.982177734375
SPY,equity,long,2025-09-23,2025-09-24,663.2100219726562,664.510009765625,,,0.0,0.0,,129.998779296875,-66321.00219726562,66451.0009765625,66321.00219726562,11964.97802734375,SPY|long|equity,100000.0,111964.97802734375,0.11964978027343753,111834.97924804688,0.0011624160899475048,111834.97924804688,0.5930255689516201,45513.97705078125
SPY,equity,long,2025-09-24,2025-09-25,661.0999755859375,657.9400024414062,,,0.0,0.0,,-315.997314453125,-66109.99755859375,65794.00024414062,66109.99755859375,11648.980712890625,SPY|long|equity,100000.0,111648.98071289062,0.11648980712890622,111964.97802734375,-0.0028222871117426834,111964.97802734375,0.5904524675782865,45854.98046875
SPY,equity,long,2025-09-25,2025-09-26,658.0499877929688,659.510009765625,,,0.0,0.0,,146.002197265625,-65804.99877929688,65951.0009765625,65804.99877929688,11794.98291015625,SPY|long|equity,100000.0,111794.98291015625,0.1179498291015626,111648.98071289062,0.0013076894776234,111648.98071289062,0.5893918453990799,45843.98193359375
SPY,equity,long,2025-09-26,2025-09-29,661.8200073242188,664.3599853515625,,,0.0,0.0,,253.997802734375,-66182.00073242188,66435.99853515625,66182.00073242188,12048.980712890625,SPY|long|equity,100000.0,112048.98071289062,0.12048980712890622,111794.98291015625,0.0022719964359983816,111794.98291015625,0.5919943722842095,45612.982177734375
SPY,equity,long,2025-09-29,2025-09-30,663.6799926757812,662.9299926757812,,,0.0,0.0,,-75.0,-66367.99926757812,66292.99926757812,66367.99926757812,11973.980712890625,SPY|long|equity,100000.0,111973.98071289062,0.1197398071289062,112048.98071289062,-0.0006693501317265589,112048.98071289062,0.5923123873624211,45680.9814453125
SPY,equity,long,2025-09-30,2025-10-01,666.1799926757812,663.1699829101562,,,0.0,0.0,,-301.0009765625,-66617.99926757812,66316.99829101562,66617.99926757812,11672.979736328125,SPY|long|equity,100000.0,111672.97973632812,0.11672979736328126,111973.98071289062,-0.002688133213146081,111973.98071289062,0.5949417788262032,45355.9814453125
SPY,equity,long,2025-10-01,2025-10-02,668.4500122070312,670.4500122070312,,,0.0,0.0,,200.0,-66845.00122070312,67045.00122070312,66845.00122070312,11872.979736328125,SPY|long|equity,100000.0,111872.97973632812,0.11872979736328126,111672.97973632812,0.0017909435252128263,111672.97973632812,0.5985781106453086,44827.978515625
SPY,equity,long,2025-10-02,2025-10-03,669.219970703125,669.989990234375,,,0.0,0.0,,77.001953125,-66921.9970703125,66998.9990234375,66921.9970703125,11949.981689453125,SPY|long|equity,100000.0,111949.98168945312,0.11949981689453115,111872.97973632812,0.0006882980439645466,111872.97973632812,0.5981962510343429,44950.982666015625
SPY,equity,long,2025-10-03,2025-10-06,669.2100219726562,671.6199951171875,,,0.0,0.0,,240.997314453125,-66921.00219726562,67161.99951171875,66921.00219726562,12190.97900390625,SPY|long|equity,100000.0,112190.97900390625,0.12190979003906244,111949.98168945312,0.0021527231252403993,111949.98168945312,0.5977759101640862,45028.9794921875
SPY,equity,long,2025-10-06,2025-10-07,671.6099853515625,672.5399780273438,,,0.0,0.0,,92.999267578125,-67160.99853515625,67253.99780273438,67160.99853515625,12283.978271484375,SPY|long|equity,100000.0,112283.97827148438,0.12283978271484375,112190.97900390625,0.000828937124925944,112190.97900390625,0.5986310051971099,45029.98046875
SPY,equity,long,2025-10-07,2025-10-08,669.1199951171875,670.25,,,0.0,0.0,,113.00048828125,-66911.99951171875,67025.0,66911.99951171875,12396.978759765625,SPY|long|equity,100000.0,112396.97875976562,0.1239697875976562,112283.97827148438,0.001006381231060706,112283.97827148438,0.5959176058933041,45371.978759765625
SPY,equity,long,2025-10-08,2025-10-09,673.1099853515625,673.530029296875,,,0.0,0.0,,42.00439453125,-67310.99853515625,67353.0029296875,67310.99853515625,12438.983154296875,SPY|long|equity,100000.0,112438.98315429688,0.12438983154296879,112396.97875976562,0.00037371462289061255,112396.97875976562,0.5988683973349944,45085.980224609375
SPY,equity,long,2025-10-09,2025-10-10,671.1599731445312,672.1300048828125,,,0.0,0.0,,97.003173828125,-67115.99731445312,67213.00048828125,67115.99731445312,12535.986328125,SPY|long|equity,100000.0,112535.986328125,0.12535986328125004,112438.98315429688,0.000862718348270815,112438.98315429688,0.5969103902545233,45322.98583984375
SPY,equity,long,2025-10-10,2025-10-13,653.02001953125,660.6500244140625,,,0.0,0.0,,763.00048828125,-65302.001953125,66065.00244140625,65302.001953125,13298.98681640625,SPY|long|equity,100000.0,113298.98681640625,0.13298986816406244,112535.986328125,0.0067800577679796,112535.986328125,0.5802766215841547,47233.984375
SPY,equity,long,2025-10-13,2025-10-14,663.0399780273438,657.1699829101562,,,0.0,0.0,,-586.99951171875,-66303.99780273438,65716.99829101562,66303.99780273438,12711.9873046875,SPY|long|equity,100000.0,112711.9873046875,0.127119873046875,113298.98681640625,-0.00518097759046994,113298.98681640625,0.5852126278073057,46994.989013671875
SPY,equity,long,2025-10-14,2025-10-15,662.22998046875,666.8200073242188,,,0.0,0.0,,459.002685546875,-66222.998046875,66682.00073242188,66222.998046875,13170.989990234375,SPY|long|equity,100000.0,113170.98999023438,0.13170989990234383,112711.9873046875,0.004072350213345816,112711.9873046875,0.5875417480472451,46488.9892578125
SPY,equity,long,2025-10-15,2025-10-16,665.1699829101562,666.8200073242188,,,0.0,0.0,,165.00244140625,-66516.99829101562,66682.00073242188,66516.99829101562,13335.992431640625,SPY|long|equity,100000.0,113335.99243164062,0.1333599243164063,113170.98999023438,0.001457992383211353,113170.98999023438,0.5877566176345672,46653.99169921875
SPY,equity,long,2025-10-16,2025-10-17,660.6400146484375,659.5,,,0.0,0.0,,-114.00146484375,-66064.00146484375,65950.0,66064.00146484375,13221.990966796875,SPY|long|equity,100000.0,113221.99096679688,0.13221990966796882,113335.99243164062,-0.0010058716776359528,113335.99243164062,0.582903983522187,47271.990966796875
SPY,equity,long,2025-10-17,2025-10-20,664.3900146484375,667.3200073242188,,,0.0,0.0,,292.999267578125,-66439.00146484375,66732.00073242188,66439.00146484375,13514.990234375,SPY|long|equity,100000.0,113514.990234375,0.1351499023437499,113221.99096679688,0.0025878300237985484,113221.99096679688,0.5868029779155486,46782.989501953125
SPY,equity,long,2025-10-20,2025-10-21,671.2999877929688,671.4400024414062,,,0.0,0.0,,14.00146484375,-67129.99877929688,67144.00024414062,67129.99877929688,13528.99169921875,SPY|long|equity,100000.0,113528.99169921875,0.1352899169921875,113514.990234375,0.00012334463329328666,113514.990234375,0.5913756292511959,46384.991455078125
SPY,equity,long,2025-10-21,2025-10-22,671.2899780273438,672.0,,,0.0,0.0,,71.002197265625,-67128.99780273438,67200.0,67128.99780273438,13599.993896484375,SPY|long|equity,100000.0,113599.99389648438,0.13599993896484386,113528.99169921875,0.0006254102692441477,113528.99169921875,0.5912938783124622,46399.993896484375
SPY,equity,long,2025-10-22,2025-10-23,667.7999877929688,668.1199951171875,,,0.0,0.0,,32.000732421875,-66779.99877929688,66811.99951171875,66779.99877929688,13631.99462890625,SPY|long|equity,100000.0,113631.99462890625,0.13631994628906252,113599.99389648438,0.0002816966033557625,113599.99389648438,0.5878521335146264,46819.9951171875
SPY,equity,long,2025-10-23,2025-10-24,671.760009765625,676.4600219726562,,,0.0,0.0,,470.001220703125,-67176.0009765625,67646.00219726562,67176.0009765625,14101.995849609375,SPY|long|equity,100000.0,114101.99584960938,0.14101995849609383,113631.99462890625,0.004136169766605187,113631.99462890625,0.5911715375228831,46455.99365234375
SPY,equity,long,2025-10-24,2025-10-27,677.25,682.72998046875,,,0.0,0.0,,547.998046875,-67725.0,68272.998046875,67725.0,14649.993896484375,SPY|long|equity,100000.0,114649.99389648438,0.1464999389648438,114101.99584960938,0.004802703430335098,114101.99584960938,0.593547899804172,46376.995849609375
SPY,equity,long,2025-10-27,2025-10-28,685.239990234375,687.0499877929688,,,0.0,0.0,,180.999755859375,-68523.9990234375,68704.99877929688,68523.9990234375,14830.99365234375,SPY|long|equity,100000.0,114830.99365234375,0.1483099365234375,114649.99389648438,0.001578715791496655,114649.99389648438,0.5976799186339836,46125.994873046875
SPY,equity,long,2025-10-28,2025-10-29,687.0599975585938,688.719970703125,,,0.0,0.0,,165.997314453125,-68705.99975585938,68871.9970703125,68705.99975585938,14996.990966796875,SPY|long|equity,100000.0,114996.99096679688,0.14996990966796875,114830.99365234375,0.0014455793612279425,114830.99365234375,0.5983227835149632,46124.993896484375
SPY,equity,long,2025-10-29,2025-10-30,687.3900146484375,683.9000244140625,,,0.0,0.0,,-348.9990234375,-68739.00146484375,68390.00244140625,68739.00146484375,14647.991943359375,SPY|long|equity,100000.0,114647.99194335938,0.14647991943359373,114996.99096679688,-0.0030348535253262986,114996.99096679688,0.5977460878492967,46257.989501953125
SPY,equity,long,2025-10-30,2025-10-31,679.8300170898438,685.0399780273438,,,0.0,0.0,,520.99609375,-67983.00170898438,68503.99780273438,67983.00170898438,15168.988037109375,SPY|long|equity,100000.0,115168.98803710938,0.15168988037109377,114647.99194335938,0.0045443106758240705,114647.99194335938,0.5929715868252682,46664.990234375
SPY,equity,long,2025-10-31,2025-11-03,682.0599975585938,685.6699829101562,,,0.0,0.0,,360.99853515625,-68205.99975585938,68566.99829101562,68205.99975585938,15529.986572265625,SPY|long|equity,100000.0,115529.98657226562,0.1552998657226563,115168.98803710938,0.003134511653778969,115168.98803710938,0.5922253978117986,46962.98828125
SPY,equity,long,2025-11-03,2025-11-04,683.3400268554688,676.1099853515625,,,0.0,0.0,,-723.004150390625,-68334.00268554688,67610.99853515625,68334.00268554688,14806.982421875,SPY|long|equity,100000.0,114806.982421875,0.14806982421874992,115529.98657226562,-0.0062581514275376095,115529.98657226562,0.5914828237498582,47195.98388671875
SPY,equity,long,2025-11-04,2025-11-05,675.239990234375,674.97998046875,,,0.0,0.0,,-26.0009765625,-67523.9990234375,67497.998046875,67523.9990234375,14780.9814453125,SPY|long|equity,100000.0,114780.9814453125,0.14780981445312502,114806.982421875,-0.00022647556807090026,114806.982421875,0.5881523719115856,47282.9833984375
SPY,equity,long,2025-11-05,2025-11-06,677.5800170898438,676.469970703125,,,0.0,0.0,,-111.004638671875,-67758.00170898438,67646.9970703125,67758.00170898438,14669.976806640625,SPY|long|equity,100000.0,114669.97680664062,0.14669976806640617,114780.9814453125,-0.0009670995775965137,114780.9814453125,0.5903242928905232,47022.979736328125
SPY,equity,long,2025-11-06,2025-11-07,670.3099975585938,667.9099731445312,,,0.0,0.0,,-240.00244140625,-67030.99975585938,66790.99731445312,67030.99975585938,14429.974365234375,SPY|long|equity,100000.0,114429.97436523438,0.14429974365234366,114669.97680664062,-0.0020929841279286915,114669.97680664062,0.5845557976251161,47638.97705078125
SPY,equity,long,2025-11-07,2025-11-10,670.969970703125,677.239990234375,,,0.0,0.0,,627.001953125,-67096.9970703125,67723.9990234375,67096.9970703125,15056.976318359375,SPY|long|equity,100000.0,115056.97631835938,0.15056976318359383,114429.97436523438,0.0054793506387037436,114429.97436523438,0.5863585781829697,47332.977294921875
SPY,equity,long,2025-11-10,2025-11-11,681.4400024414062,679.9500122070312,,,0.0,0.0,,-148.9990234375,-68144.00024414062,67995.00122070312,68144.00024414062,14907.977294921875,SPY|long|equity,100000.0,114907.97729492188,0.14907977294921881,115056.97631835938,-0.0012950020781462564,115056.97631835938,0.5922630893374785,46912.97607421875
SPY,equity,long,2025-11-11,2025-11-12,683.0,684.7899780273438,,,0.0,0.0,,178.997802734375,-68300.0,68478.99780273438,68300.0,15086.97509765625,SPY|long|equity,100000.0,115086.97509765625,0.1508697509765624,114907.97729492188,0.0015577491393392183,114907.97729492188,0.5943886717690782,46607.977294921875
SPY,equity,long,2025-11-12,2025-11-13,683.3800048828125,680.5,,,0.0,0.0,,-288.00048828125,-68338.00048828125,68050.0,68338.00048828125,14798.974609375,SPY|long|equity,100000.0,114798.974609375,0.14798974609375004,115086.97509765625,-0.002502459448924339,115086.97509765625,0.5937943927216222,46748.974609375
SPY,equity,long,2025-11-13,2025-11-14,672.0399780273438,665.3800048828125,,,0.0,0.0,,-665.997314453125,-67203.99780273438,66538.00048828125,67203.99780273438,14132.977294921875,SPY|long|equity,100000.0,114132.97729492188,0.14132977294921867,114798.974609375,-0.005801422153109865,114798.974609375,0.5854059065545538,47594.976806640625
SPY,equity,long,2025-11-14,2025-11-17,671.9299926757812,669.7000122070312,,,0.0,0.0,,-222.998046875,-67192.99926757812,66970.00122070312,67192.99926757812,13909.979248046875,SPY|long|equity,100000.0,113909.97924804688,0.13909979248046866,114132.97729492188,-0.0019538441225340915,114132.97729492188,0.5887255450626692,46939.97802734375
SPY,equity,long,2025-11-17,2025-11-18,665.6699829101562,662.0999755859375,,,0.0,0.0,,-357.000732421875,-66566.99829101562,66209.99755859375,66566.99829101562,13552.978515625,SPY|long|equity,100000.0,113552.978515625,0.13552978515625003,113909.97924804688,-0.003134060200682516,113909.97924804688,0.5843824986225428,47342.98095703125
SPY,equity,long,2025-11-18,2025-11-19,660.0800170898438,660.780029296875,,,0.0,0.0,,70.001220703125,-66008.00170898438,66078.0029296875,66008.00170898438,13622.979736328125,SPY|long|equity,100000.0,113622.97973632812,0.13622979736328134,113552.978515625,0.0006164630960648272,113552.978515625,0.581296964393599,47544.976806640625
SPY,equity,long,2025-11-19,2025-11-20,662.6300048828125,672.9099731445312,,,0.0,0.0,,1027.996826171875,-66263.00048828125,67290.99731445312,66263.00048828125,14650.9765625,SPY|long|equity,100000.0,114650.9765625,0.14650976562500007,113622.97973632812,0.0090474376623235,113622.97973632812,0.5831830906217231,47359.979248046875
SPY,equity,long,2025-11-20,2025-11-21,652.530029296875,655.0499877929688,,,0.0,0.0,,251.995849609375,-65253.0029296875,65504.998779296875,65253.0029296875,14902.972412109375,SPY|long|equity,100000.0,114902.97241210938,0.14902972412109383,114650.9765625,0.002197938972390731,114650.9765625,0.5691447634038769,49397.9736328125
SPY,equity,long,2025-11-21,2025-11-24,659.030029296875,662.6900024414062,,,0.0,0.0,,365.997314453125,-65903.0029296875,66269.00024414062,65903.0029296875,15268.9697265625,SPY|long|equity,100000.0,115268.9697265625,0.1526896972656251,114902.97241210938,0.003185272815575599,114902.97241210938,0.5735535082009952,48999.969482421875
SPY,equity,long,2025-11-24,2025-11-25,668.72998046875,668.6300048828125,,,0.0,0.0,,-9.99755859375,-66872.998046875,66863.00048828125,66872.998046875,15258.97216796875,SPY|long|equity,100000.0,115258.97216796875,0.15258972167968743,115268.9697265625,-8.673243646981404e-05,115268.9697265625,0.5801474430239905,48395.9716796875
SPY,equity,long,2025-11-25,2025-11-26,675.02001953125,677.6300048828125,,,0.0,0.0,,260.99853515625,-67502.001953125,67763.00048828125,67502.001953125,15519.970703125,SPY|long|equity,100000.0,115519.970703125,0.15519970703125008,115258.97216796875,0.002264453085490756,115258.97216796875,0.5856550746847998,47756.97021484375
SPY,equity,long,2025-11-26,2025-11-28,679.6799926757812,680.8599853515625,,,0.0,0.0,,117.999267578125,-67967.99926757812,68085.99853515625,67967.99926757812,15637.969970703125,SPY|long|equity,100000.0,115637.96997070312,0.15637969970703125,115519.970703125,0.0010214620628789073,115519.970703125,0.5883657938439858,47551.971435546875
SPY,equity,long,2025-11-28,2025-12-01,683.3900146484375,678.8099975585938,,,0.0,0.0,,-458.001708984375,-68339.00146484375,67880.99975585938,68339.00146484375,15179.96826171875,SPY|long|equity,100000.0,115179.96826171875,0.15179968261718746,115637.96997070312,-0.003960651584426895,115637.96997070312,0.5909737215393649,47298.968505859375
SPY,equity,long,2025-12-01,2025-12-02,680.27001953125,681.9199829101562,,,0.0,0.0,,164.996337890625,-68027.001953125,68191.99829101562,68027.001953125,15344.964599609375,SPY|long|equity,100000.0,115344.96459960938,0.15344964599609368,115179.96826171875,0.0014325089716617262,115179.96826171875,0.5906148697536538,47152.96630859375
SPY,equity,long,2025-12-02,2025-12-03,681.530029296875,680.5700073242188,,,0.0,0.0,,-96.002197265625,-68153.0029296875,68057.00073242188,68153.0029296875,15248.96240234375,SPY|long|equity,100000.0,115248.96240234375,0.15248962402343746,115344.96459960938,-0.0008323050563921203,115344.96459960938,0.590862402760825,47191.961669921875
SPY,equity,long,2025-12-03,2025-12-04,683.8900146484375,685.2999877929688,,,0.0,0.0,,140.997314453125,-68389.00146484375,68529.99877929688,68389.00146484375,15389.959716796875,SPY|long|equity,100000.0,115389.95971679688,0.15389959716796886,115248.96240234375,0.0012234150443879192,115248.96240234375,0.5934023182446714,46859.9609375
SPY,equity,long,2025-12-04,2025-12-05,684.3900146484375,685.469970703125,,,0.0,0.0,,107.99560546875,-68439.00146484375,68546.9970703125,68439.00146484375,15497.955322265625,SPY|long|equity,100000.0,115497.95532226562,0.15497955322265633,115389.95971679688,0.0009359185646117311,115389.95971679688,0.5931105412707874,46950.958251953125
SPY,equity,long,2025-12-05,2025-12-08,685.6900024414062,686.5900268554688,,,0.0,0.0,,90.00244140625,-68569.00024414062,68659.00268554688,68569.00024414062,15587.957763671875,SPY|long|equity,100000.0,115587.95776367188,0.15587957763671878,115497.95532226562,0.0007792557119744905,115497.95532226562,0.5936815076320398,46928.955078125
SPY,equity,long,2025-12-08,2025-12-09,683.6300048828125,683.1500244140625,,,0.0,0.0,,-47.998046875,-68363.00048828125,68315.00244140625,68363.00048828125,15539.959716796875,SPY|long|equity,100000.0,115539.95971679688,0.1553995971679687,115587.95776367188,-0.0004152512753373111,115587.95776367188,0.5914370476901621,47224.957275390625
SPY,equity,long,2025-12-09,2025-12-10,683.0399780273438,682.5599975585938,,,0.0,0.0,,-47.998046875,-68303.99780273438,68255.99975585938,68303.99780273438,15491.961669921875,SPY|long|equity,100000.0,115491.96166992188,0.15491961669921883,115539.95971679688,-0.0004154237805920074,115539.95971679688,0.5911720756191724,47235.9619140625
SPY,equity,long,2025-12-10,2025-12-11,687.5700073242188,685.1400146484375,,,0.0,0.0,,-242.999267578125,-68757.00073242188,68514.00146484375,68757.00073242188,15248.96240234375,SPY|long|equity,100000.0,115248.96240234375,0.15248962402343746,115491.96166992188,-0.0021040361949398807,115491.96166992188,0.5953401408916288,46734.9609375
SPY,equity,long,2025-12-11,2025-12-12,689.1699829101562,688.1699829101562,,,0.0,0.0,,-100.0,-68916.99829101562,68816.99829101562,68916.99829101562,15148.96240234375,SPY|long|equity,100000.0,115148.96240234375,0.15148962402343757,115248.96240234375,-0.0008676867705835967,115248.96240234375,0.597983676854466,46331.964111328125
SPY,equity,long,2025-12-12,2025-12-15,681.760009765625,685.739990234375,,,0.0,0.0,,397.998046875,-68176.0009765625,68573.9990234375,68176.0009765625,15546.96044921875,SPY|long|equity,100000.0,115546.96044921875,0.1554696044921875,115148.96240234375,0.0034563754511686257,115148.96240234375,0.5920678706452229,46972.96142578125
SPY,equity,long,2025-12-15,2025-12-16,680.72998046875,679.22998046875,,,0.0,0.0,,-150.0,-68072.998046875,67922.998046875,68072.998046875,15396.96044921875,SPY|long|equity,100000.0,115396.96044921875,0.15396960449218744,115546.96044921875,-0.001298173482165486,115546.96044921875,0.5891370727730403,47473.96240234375
SPY,equity,long,2025-12-16,2025-12-17,678.8699951171875,679.8900146484375,,,0.0,0.0,,102.001953125,-67886.99951171875,67989.00146484375,67886.99951171875,15498.96240234375,SPY|long|equity,100000.0,115498.96240234375,0.1549896240234374,115396.96044921875,0.0008839223557355888,115396.96044921875,0.5882910541789609,47509.9609375
SPY,equity,long,2025-12-17,2025-12-18,671.4000244140625,677.5999755859375,,,0.0,0.0,,619.9951171875,-67140.00244140625,67759.99755859375,67140.00244140625,16118.95751953125,SPY|long|equity,100000.0,116118.95751953125,0.16118957519531252,115498.96240234375,0.0053679713158610925,115498.96240234375,0.5813039445975475,48358.9599609375
SPY,equity,long,2025-12-18,2025-12-19,676.469970703125,676.5900268554688,,,0.0,0.0,,12.005615234375,-67646.9970703125,67659.00268554688,67646.9970703125,16130.963134765625,SPY|long|equity,100000.0,116130.96313476562,0.1613096313476563,116118.95751953125,0.0001033906563650957,116118.95751953125,0.5825663484701389,48471.96044921875
SPY,equity,long,2025-12-19,2025-12-22,680.5900268554688,683.9400024414062,,,0.0,0.0,,334.99755859375,-68059.00268554688,68394.00024414062,68059.00268554688,16465.960693359375,SPY|long|equity,100000.0,116465.96069335938,0.16465960693359372,116130.96313476562,0.002884653235890224,116130.96313476562,0.5860538899222506,48071.96044921875
SPY,equity,long,2025-12-22,2025-12-23,684.8300170898438,683.9199829101562,,,0.0,0.0,,-91.00341796875,-68483.00170898438,68391.99829101562,68483.00170898438,16374.957275390625,SPY|long|equity,100000.0,116374.95727539062,0.16374957275390623,116465.96069335938,-0.0007813735225895819,116465.96069335938,0.5880087306306754,47982.958984375
SPY,equity,long,2025-12-23,2025-12-24,687.9600219726562,687.9500122070312,,,0.0,0.0,,-1.0009765625,-68796.00219726562,68795.00122070312,68796.00219726562,16373.956298828125,SPY|long|equity,100000.0,116373.95629882812,0.16373956298828118,116374.95727539062,-8.601305520837109e-06,116374.95727539062,0.5911581306489009,47578.955078125
SPY,equity,long,2025-12-24,2025-12-26,690.3800048828125,690.6400146484375,,,0.0,0.0,,26.0009765625,-69038.00048828125,69064.00146484375,69038.00048828125,16399.957275390625,SPY|long|equity,100000.0,116399.95727539062,0.1639995727539063,116373.95629882812,0.0002234260773581849,116373.95629882812,0.5932427038142765,47335.955810546875
SPY,equity,long,2025-12-26,2025-12-29,690.3099975585938,687.5399780273438,,,0.0,0.0,,-277.001953125,-69030.99975585938,68753.99780273438,69030.99975585938,16122.955322265625,SPY|long|equity,100000.0,116122.95532226562,0.1612295532226562,116399.95727539062,-0.0023797427388194065,116399.95727539062,0.5930500437602305,47368.95751953125
SPY,equity,long,2025-12-29,2025-12-30,687.8499755859375,687.4500122070312,,,0.0,0.0,,-39.996337890625,-68784.99755859375,68745.00122070312,68784.99755859375,16082.958984375,SPY|long|equity,100000.0,116082.958984375,0.16082958984374995,116122.95532226562,-0.0003444309333983686,116122.95532226562,0.5923462537420006,47337.957763671875
SPY,equity,long,2025-12-30,2025-12-31,687.010009765625,687.1400146484375,,,0.0,0.0,,13.00048828125,-68701.0009765625,68714.00146484375,68701.0009765625,16095.95947265625,SPY|long|equity,100000.0,116095.95947265625,0.16095959472656252,116082.958984375,0.00011199308145651156,116082.958984375,0.5918267554310861,47381.9580078125
SPY,equity,long,2025-12-31,2026-01-02,681.9199829101562,685.7100219726562,,,0.0,0.0,,379.00390625,-68191.99829101562,68571.00219726562,68191.99829101562,16474.96337890625,SPY|long|equity,100000.0,116474.96337890625,0.1647496337890626,116095.95947265625,0.003264574477626551,116095.95947265625,0.5873761550424732,47903.961181640625
SPY,equity,long,2026-01-02,2026-01-05,683.1699829101562,686.5399780273438,,,0.0,0.0,,336.99951171875,-68316.99829101562,68653.99780273438,68316.99829101562,16811.962890625,SPY|long|equity,100000.0,116811.962890625,0.1681196289062501,116474.96337890625,0.002893321465338885,116474.96337890625,0.5865380534078615,48157.965087890625
SPY,equity,long,2026-01-05,2026-01-06,687.719970703125,687.9299926757812,,,0.0,0.0,,21.002197265625,-68771.9970703125,68792.99926757812,68771.9970703125,16832.965087890625,SPY|long|equity,100000.0,116832.96508789062,0.16832965087890628,116811.962890625,0.00017979491779699028,116811.962890625,0.5887410447396219,48039.9658203125
SPY,equity,long,2026-01-06,2026-01-07,691.8099975585938,692.1900024414062,,,0.0,0.0,,38.00048828125,-69180.99975585938,69219.00024414062,69180.99975585938,16870.965576171875,SPY|long|equity,100000.0,116870.96557617188,0.1687096557617187,116832.96508789062,0.00032525484783051724,116832.96508789062,0.5921359584070829,47651.96533203125
SPY,equity,long,2026-01-07,2026-01-08,689.5800170898438,688.8200073242188,,,0.0,0.0,,-76.0009765625,-68958.00170898438,68882.00073242188,68958.00170898438,16794.964599609375,SPY|long|equity,100000.0,116794.96459960938,0.16794964599609385,116870.96557617188,-0.0006502981830244705,116870.96557617188,0.5900353553940673,47912.9638671875
SPY,equity,long,2026-01-08,2026-01-09,689.510009765625,690.6300048828125,,,0.0,0.0,,111.99951171875,-68951.0009765625,69063.00048828125,68951.0009765625,16906.964111328125,SPY|long|equity,100000.0,116906.96411132812,0.16906964111328127,116794.96459960938,0.0009589412703081943,116794.96459960938,0.5903593636329858,47843.963623046875
SPY,equity,long,2026-01-09,2026-01-12,694.0700073242188,690.6799926757812,,,0.0,0.0,,-339.00146484375,-69407.00073242188,69067.99926757812,69407.00073242188,16567.962646484375,SPY|long|equity,100000.0,116567.96264648438,0.1656796264648437,116906.96411132812,-0.0028997542397981167,116906.96411132812,0.5936943214634074,47499.96337890625
SPY,equity,long,2026-01-12,2026-01-13,695.1599731445312,695.489990234375,,,0.0,0.0,,33.001708984375,-69515.99731445312,69548.9990234375,69515.99731445312,16600.96435546875,SPY|long|equity,100000.0,116600.96435546875,0.1660096435546874,116567.96264648438,0.00028311131322127737,116567.96264648438,0.5963559432300818,47051.96533203125
SPY,equity,long,2026-01-13,2026-01-14,693.77001953125,691.0,,,0.0,0.0,,-277.001953125,-69377.001953125,69100.0,69377.001953125,16323.96240234375,SPY|long|equity,100000.0,116323.96240234375,0.1632396240234375,116600.96435546875,-0.002375640327300674,116600.96435546875,0.5949950957662995,47223.96240234375
SPY,equity,long,2026-01-14,2026-01-15,690.3599853515625,694.5700073242188,,,0.0,0.0,,421.002197265625,-69035.99853515625,69457.00073242188,69035.99853515625,16744.964599609375,SPY|long|equity,100000.0,116744.96459960938,0.1674496459960937,116323.96240234375,0.003619221599496876,116323.96240234375,0.5934804584490777,47287.9638671875
SPY,equity,long,2026-01-15,2026-01-16,692.239990234375,693.6599731445312,,,0.0,0.0,,141.998291015625,-69223.9990234375,69365.99731445312,69223.9990234375,16886.962890625,SPY|long|equity,100000.0,116886.962890625,0.1688696289062499,116744.96459960938,0.0012163119112042638,116744.96459960938,0.5929506189911434,47520.965576171875
SPY,equity,long,2026-01-16,2026-01-20,691.6599731445312,681.489990234375,,,0.0,0.0,,-1016.998291015625,-69165.99731445312,68148.9990234375,69165.99731445312,15869.964599609375,SPY|long|equity,100000.0,115869.96459960938,0.15869964599609365,116886.962890625,-0.008700699084527194,116886.962890625,0.5917340617291429,47720.965576171875
SPY,equity,long,2026-01-20,2026-01-21,677.5800170898438,679.6500244140625,,,0.0,0.0,,207.000732421875,-67758.00170898438,67965.00244140625,67758.00170898438,16076.96533203125,SPY|long|equity,100000.0,116076.96533203125,0.16076965332031246,115869.96459960938,0.0017864917205866898,115869.96459960938,0.5847762355250845,48111.962890625
SPY,equity,long,2026-01-21,2026-01-22,685.4000244140625,689.8499755859375,,,0.0,0.0,,444.9951171875,-68540.00244140625,68984.99755859375,68540.00244140625,16521.96044921875,SPY|long|equity,100000.0,116521.96044921875,0.16521960449218742,116076.96533203125,0.003833621217737886,116076.96533203125,0.5904703163573553,47536.962890625
SPY,equity,long,2026-01-22,2026-01-23,688.97998046875,688.1500244140625,,,0.0,0.0,,-82.99560546875,-68897.998046875,68815.00244140625,68897.998046875,16438.96484375,SPY|long|equity,100000.0,116438.96484375,0.16438964843750004,116521.96044921875,-0.0007122743656971012,116521.96044921875,0.5912876661296934,47623.96240234375
SPY,equity,long,2026-01-23,2026-01-26,689.22998046875,690.489990234375,,,0.0,0.0,,126.0009765625,-68922.998046875,69048.9990234375,68922.998046875,16564.9658203125,SPY|long|equity,100000.0,116564.9658203125,0.16564965820312505,116438.96484375,0.0010821203772429728,116438.96484375,0.5919238301316325,47515.966796875
SPY,straddle,short,2024-01-29,2024-01-30,491.2699890136719,490.55999755859375,492.0,491.0,21.21148976261736,20.041541823462325,0.4,701.9687634930197,12726.893857570416,-12024.925094077396,58952.398681640625,701.9687634930197,SPY|short|straddle,100000.0,100701.96876349302,0.007019687634930216,100000.0,0.007019687634930196,100000.0,0.5895239868164063,41047.601318359375
SPY,straddle,short,2024-01-30,2024-01-31,490.8900146484375,488.6199951171875,492.0,491.0,21.203572659190627,20.095598575932627,0.4,664.7844499547991,12722.143595514375,-12057.359145559576,58906.8017578125,1366.7532134478188,SPY|short|straddle,100000.0,101366.75321344782,0.013667532134478133,100701.96876349302,0.006601504003522522,100701.96876349302,0.58496176868359,41795.167005680516
SPY,straddle,short,2024-01-31,2024-02-01,482.8800048828125,484.6300048828125,484.0,483.0,8.90305909882062,8.491490002113977,0.17598692914419503,246.94145802398543,5341.8354592923715,-5094.894001268386,57945.6005859375,1613.6946714718042,SPY|short|straddle,100000.0,101613.6946714718,0.016136946714718103,101366.75321344782,0.0024361188476067805,101366.75321344782,0.5716430560217465,43421.152627510324
SPY,straddle,short,2024-02-01,2024-02-02,489.20001220703125,489.6499938964844,490.0,489.0,12.15154084105663,11.487348532396112,0.2339553367185922,398.5153851963105,7290.924504633978,-6892.409119437668,58704.00146484375,2012.2100566681147,SPY|short|straddle,100000.0,102012.21005666812,0.020122100566681178,101613.6946714718,0.003921866894858556,101613.6946714718,0.5777174194348529,42909.69320662806
SPY,straddle,short,2024-02-02,2024-02-05,494.3500061035156,493.70001220703125,495.0,494.0,11.141848671370866,8.602508259509904,0.21302880993339518,1523.6042471165783,6685.10920282252,-5161.504955705942,59322.000732421875,3535.814303784693,SPY|short|straddle,100000.0,103535.81430378469,0.0353581430378469,102012.21005666812,0.014935508663817902,102012.21005666812,0.5815186309508275,42690.20932424624
SPY,straddle,short,2024-02-05,2024-02-06,492.54998779296875,493.5199890136719,494.0,493.0,9.76439640825464,9.220520957156225,0.18815998628327021,326.32527065904833,5858.637844952784,-5532.312574293735,59105.99853515625,3862.1395744437414,SPY|short|straddle,100000.0,103862.13957444375,0.03862139574443746,103535.81430378469,0.003151810538733742,103535.81430378469,0.5708749086739512,44429.81576862844
SPY,straddle,short,2024-02-06,2024-02-07,493.9800109863281,496.2900085449219,495.0,494.0,8.735189036663144,8.42630393585867,0.168999956033162,185.33106048268473,5241.113421997887,-5055.782361515202,59277.601318359375,4047.470634926426,SPY|short|straddle,100000.0,104047.47063492643,0.04047470634926431,103862.13957444375,0.0017843947875717282,103862.13957444375,0.5707334892313848,44584.53825608437
SPY,straddle,short,2024-02-07,2024-02-08,498.1000061035156,498.1000061035156,499.0,498.0,8.343927232373034,7.8720795984166045,0.16051884441656028,283.10858037385697,5006.35633942382,-4723.247759049963,59772.000732421875,4330.579215300283,SPY|short|straddle,100000.0,104330.57921530028,0.0433057921530029,104047.47063492643,0.002720955912202864,104047.47063492643,0.5744685610104369,44275.469902504556
SPY,straddle,short,2024-02-08,2024-02-09,498.32000732421875,498.8399963378906,499.0,498.0,7.706354796432635,7.290181333645165,0.14885973135029643,249.70407767248162,4623.812877859581,-4374.108800187099,59798.40087890625,4580.283292972765,SPY|short|straddle,100000.0,104580.28329297276,0.04580283292972753,104330.57921530028,0.0023933929970539453,104330.57921530028,0.5731627422052756,44532.178336394034
SPY,straddle,short,2024-02-09,2024-02-12,501.20001220703125,501.1700134277344,502.0,501.0,7.3092880326010174,5.605875830247669,0.14083050445440784,1022.0473214120093,4385.572819560611,-3363.5254981486014,60144.00146484375,5602.330614384774,SPY|short|straddle,100000.0,105602.33061438477,0.05602330614384776,104580.28329297276,0.009772849042193076,104580.28329297276,0.575098857748888,44436.28182812901
SPY,straddle,short,2024-02-12,2024-02-13,500.9800109863281,494.5299987792969,502.0,501.0,6.899895227877465,8.376014645076282,0.13344730647489225,-885.6716503192893,4139.937136726479,-5025.608787045769,60117.601318359375,4716.658964065485,SPY|short|straddle,100000.0,104716.65896406549,0.04716658964065479,105602.33061438477,-0.008386857043462318,105602.33061438477,0.5692829028355778,45484.7292960254
SPY,straddle,short,2024-02-13,2024-02-14,494.0799865722656,496.7900085449219,495.0,494.0,7.564688986325024,7.4411135724124335,0.1475304730424499,74.14524834755412,4538.8133917950145,-4464.66814344746,59289.598388671875,4790.804212413039,SPY|short|straddle,100000.0,104790.80421241304,0.04790804212413047,104716.65896406549,0.0007080559013346459,104716.65896406549,0.5661906995048196,45427.06057539361
SPY,straddle,short,2024-02-14,2024-02-15,498.57000732421875,499.2900085449219,500.0,499.0,7.569000149185797,7.133629230231662,0.1459927280225351,261.2225513724816,4541.400089511479,-4280.177538138997,59828.40087890625,5052.02676378552,SPY|short|straddle,100000.0,105052.02676378551,0.05052026763785511,104790.80421241304,0.002492800330484899,104790.80421241304,0.5709317847931856,44962.403333506794
SPY,straddle,short,2024-02-15,2024-02-16,502.010009765625,501.70001220703125,503.0,502.0,7.386692120710137,6.972130790008862,0.14197126043419359,248.7367984207649,4432.015272426082,-4183.278474005318,60241.201171875,5300.763562206285,SPY|short|straddle,100000.0,105300.76356220628,0.05300763562206279,105052.02676378551,0.0023677486868488645,105052.02676378551,0.5734415891597238,44810.825591910514
SPY,straddle,short,2024-02-16,2024-02-20,499.510009765625,497.7200012207031,501.0,500.0,7.21852706579125,5.169026211997817,0.13929402711910568,1229.7005122760593,4331.11623947475,-3101.4157271986905,59941.201171875,6530.464074482345,SPY|short|straddle,100000.0,106530.46407448234,0.06530464074482345,105300.76356220628,0.011677982862390314,105300.76356220628,0.5692380486535107,45359.56239033128
SPY,straddle,short,2024-02-20,2024-02-21,496.760009765625,495.4200134277344,498.0,497.0,7.039632427939722,6.757426807673937,0.13701470414764558,169.32337215947064,4223.779456763833,-4054.4560846043623,59611.201171875,6699.787446641815,SPY|short|straddle,100000.0,106699.78744664181,0.06699787446641814,106530.46407448234,0.0015894361639228916,106530.46407448234,0.5595695249219693,46919.26290260734
SPY,straddle,short,2024-02-21,2024-02-22,497.2099914550781,504.010009765625,498.0,497.0,6.783230044766583,8.489742807671433,0.13237039059205896,-1023.9076577429105,4069.93802685995,-5093.84568460286,59665.198974609375,5675.879788898905,SPY|short|straddle,100000.0,105675.8797888989,0.056758797888988965,106699.78744664181,-0.009596154615162134,106699.78744664181,0.5591876085455804,47034.58847203244
SPY,straddle,short,2024-02-22,2024-02-23,507.5,509.2699890136719,509.0,508.0,7.883878852982832,7.487175830071038,0.1489933157714076,238.0218137470756,4730.327311789699,-4492.305498042623,60900.0,5913.90160264598,SPY|short|straddle,100000.0,105913.90160264599,0.05913901602645977,105675.8797888989,0.0022523759842128085,105675.8797888989,0.5762904469937279,44775.87978889891
SPY,straddle,short,2024-02-23,2024-02-26,507.8500061035156,508.29998779296875,509.0,508.0,7.62992814507362,5.856920325225957,0.1446171059683181,1063.8046919085982,4577.956887044173,-3514.1521951355744,60942.000732421875,6977.706294554579,SPY|short|straddle,100000.0,106977.70629455458,0.06977706294554586,105913.90160264599,0.010044051591071043,105913.90160264599,0.5753918967224544,44971.90087022411
SPY,straddle,short,2024-02-26,2024-02-27,505.989990234375,506.70001220703125,507.0,506.0,7.449234951429901,7.042631258522647,0.1419695787545395,243.96221574435276,4469.540970857941,-4225.578755113588,60718.798828125,7221.668510298931,SPY|short|straddle,100000.0,107221.66851029893,0.07221668510298929,106977.70629455458,0.002280495854646783,106977.70629455458,0.5675836670206841,46258.90746642958
SPY,straddle,short,2024-02-27,2024-02-28,506.92999267578125,505.3299865722656,508.0,507.0,7.25355761330934,6.970832015291478,0.13818720402482731,169.63535881071766,4352.134567985604,-4182.499209174886,60831.59912109375,7391.303869109649,SPY|short|straddle,100000.0,107391.30386910964,0.07391303869109644,107221.66851029893,0.0015820995995265987,107221.66851029893,0.5673442688056166,46390.06938920518
SPY,straddle,short,2024-02-28,2024-02-29,506.260009765625,508.07000732421875,507.0,506.0,7.065768544827108,6.836840491740929,0.1350601559202161,137.3568318517082,4239.461126896265,-4102.104295044557,60751.201171875,7528.660700961357,SPY|short|straddle,100000.0,107528.66070096135,0.07528660700961343,107391.30386910964,0.001279031233470459,107391.30386910964,0.565699446632286,46640.102697234644
SPY,straddle,short,2024-02-29,2024-03-01,508.0799865722656,508.9800109863281,509.0,508.0,6.922183960379442,6.563728659497571,0.1320072746051065,215.0731805291225,4153.310376227665,-3938.2371956985426,60969.598388671875,7743.73388149048,SPY|short|straddle,100000.0,107743.73388149048,0.07743733881490478,107528.66070096135,0.0020001474874428494,107528.66070096135,0.5670078841419698,46559.062312289476
SPY,straddle,short,2024-03-01,2024-03-04,512.8499755859375,512.030029296875,514.0,513.0,6.969668333650077,5.416179593537834,0.13154094309661135,932.0932440673455,4181.801000190046,-3249.7077561227,61541.9970703125,8675.827125557826,SPY|short|straddle,100000.0,108675.82712555783,0.08675827125557833,107743.73388149048,0.00865102043978329,107743.73388149048,0.5711886422833999,46201.73681117798
SPY,straddle,short,2024-03-04,2024-03-05,512.2999877929688,510.239990234375,513.0,512.0,6.813798095441996,6.575458949686606,0.12900233308040684,143.0034874532339,4088.2788572651975,-3945.2753698119636,61475.99853515625,8818.83061301106,SPY|short|straddle,100000.0,108818.83061301106,0.08818830613011053,108675.82712555783,0.001315872087065101,108675.82712555783,0.5656823615810203,47199.82859040158
SPY,straddle,short,2024-03-05,2024-03-06,507.17999267578125,510.54998779296875,508.0,507.0,6.8923265175136805,7.0384727047993465,0.131717823083868,-87.68771237139936,4135.3959105082085,-4223.083622879608,60861.59912109375,8731.14290063966,SPY|short|straddle,100000.0,108731.14290063966,0.08731142900639655,108818.83061301106,-0.0008058137720964892,108818.83061301106,0.5592928979133577,47957.23149191731
SPY,straddle,short,2024-03-06,2024-03-07,509.75,513.1400146484375,511.0,510.0,6.8185587117592945,6.851982361518139,0.1295918884610685,-20.05418985530696,4091.1352270555767,-4111.189416910884,61170.0,8711.088710784352,SPY|short|straddle,100000.0,108711.08871078436,0.08711088710784365,108731.14290063966,-0.0001844383248471214,108731.14290063966,0.5625803092670346,47561.142900639665
SPY,straddle,short,2024-03-07,2024-03-08,514.8099975585938,515.4600219726562,516.0,515.0,6.893339732707545,6.50449867735378,0.12967535291976584,233.30463321225943,4136.003839624527,-3902.699206412268,61777.19970703125,8944.393343996613,SPY|short|straddle,100000.0,108944.3933439966,0.08944393343996615,108711.08871078436,0.0021460978450224565,108711.08871078436,0.5682695338594547,46933.88900375311
SPY,straddle,short,2024-03-08,2024-03-11,511.7200012207031,510.4800109863281,513.0,512.0,6.834735873301014,5.398734855667129,0.1293598969761145,861.6006105803308,4100.841523980608,-3239.2409134002773,61406.400146484375,9805.993954576943,SPY|short|straddle,100000.0,109805.99395457694,0.09805993954576953,108944.3933439966,0.007908627366070963,108944.3933439966,0.5636490163618703,47537.99319751223
SPY,straddle,short,2024-03-11,2024-03-12,511.2799987792969,513.4500122070312,512.0,511.0,6.6981702942881896,6.573101812990615,0.12721235102642242,75.04108877854515,4018.902176572914,-3943.861087794369,61353.599853515625,9881.035043355489,SPY|short|straddle,100000.0,109881.03504335548,0.0988103504335549,109805.99395457694,0.0006833970175579589,109805.99395457694,0.5587454531753117,48452.39410106132
SPY,straddle,short,2024-03-12,2024-03-13,516.780029296875,517.1099853515625,518.0,517.0,6.820538547774447,6.4282057902149745,0.12788706683597556,235.39965453568357,4092.3231286646683,-3856.9234741289847,62013.603515625,10116.43469789117,SPY|short|straddle,100000.0,110116.43469789118,0.10116434697891186,109881.03504335548,0.0021423137709141757,109881.03504335548,0.5643703983235728,47867.431527730485
SPY,straddle,short,2024-03-13,2024-03-14,515.969970703125,516.969970703125,517.0,516.0,6.812762413544448,6.460077132554403,0.1280406792905098,211.61116859402682,4087.657448126669,-3876.046279532642,61916.396484375,10328.045866485198,SPY|short|straddle,100000.0,110328.04586648519,0.10328045866485192,110116.43469789118,0.0019217037781380272,110116.43469789118,0.5622811586140171,48200.03821351618
SPY,straddle,short,2024-03-14,2024-03-15,514.9500122070312,510.2099914550781,516.0,515.0,6.149482523458772,6.963750060292611,0.11661041734514066,-488.5605221003034,3689.689514075263,-4178.2500361755665,61794.00146484375,9839.485344384895,SPY|short|straddle,100000.0,109839.4853443849,0.09839485344384902,110328.04586648519,-0.004428253199476956,110328.04586648519,0.5600933196951979,48534.04440164144
SPY,straddle,short,2024-03-15,2024-03-18,509.8299865722656,514.0,511.0,510.0,6.111526233914105,5.523859196778687,0.11704617180875974,352.6002222812508,3666.9157403484633,-3314.3155180672125,61179.598388671875,10192.085566666146,SPY|short|straddle,100000.0,110192.08556666615,0.10192085566666154,109839.4853443849,0.003210140881266211,109839.4853443849,0.5569909417988678,48659.886955713024
SPY,straddle,short,2024-03-18,2024-03-19,512.8599853515625,512.1500244140625,514.0,513.0,6.016589020096717,5.713653766935209,0.11469409757059776,181.76115189690427,3609.95341205803,-3428.192260161126,61543.1982421875,10373.84671856305,SPY|short|straddle,100000.0,110373.84671856306,0.10373846718563051,110192.08556666615,0.0016494937087558695,110192.08556666615,0.5585083350197043,48648.88732447865
SPY,straddle,short,2024-03-19,2024-03-20,515.7100219726562,515.77001953125,517.0,516.0,6.041049991200566,5.693024391499023,0.11439327889420103,208.815359820926,3624.6299947203397,-3415.8146348994137,61885.20263671875,10582.662078383975,SPY|short|straddle,100000.0,110582.66207838398,0.10582662078383964,110373.84671856306,0.0018918916575715098,110373.84671856306,0.5606871960756866,48488.64408184431
SPY,straddle,short,2024-03-20,2024-03-21,520.47998046875,523.3900146484375,521.0,520.0,6.2159539838489195,6.389334916440276,0.11649008598481932,-104.02855955481436,3729.5723903093517,-3833.600949864166,62457.59765625,10478.633518829161,SPY|short|straddle,100000.0,110478.63351882916,0.10478633518829161,110582.66207838398,-0.0009407311923914087,110582.66207838398,0.5648046129688791,48125.064422133975
SPY,straddle,short,2024-03-21,2024-03-22,522.2000122070312,522.1099853515625,523.0,522.0,6.143772341403036,5.788832958459807,0.11493197659764508,212.96362976593718,3686.2634048418213,-3473.299775075884,62664.00146484375,10691.5971485951,SPY|short|straddle,100000.0,110691.5971485951,0.10691597148595111,110478.63351882916,0.0019276454005890764,110478.63351882916,0.567204711616602,47814.632053985406
SPY,straddle,short,2024-03-22,2024-03-25,521.2100219726562,519.7999877929688,522.0,521.0,6.154232322165882,4.826150106941753,0.11533169341840137,796.8493291344776,3692.5393932995294,-2895.690064165052,62545.20263671875,11488.446477729576,SPY|short|straddle,100000.0,111488.44647772958,0.11488446477729575,110691.5971485951,0.007198824026947299,110691.5971485951,0.565040204025212,48146.39451187635
SPY,straddle,short,2024-03-25,2024-03-26,519.77001953125,521.22998046875,521.0,520.0,6.138102345122604,5.848041710922104,0.11523961832410261,174.0363805203001,3682.8614070735625,-3508.8250265532624,62372.40234375,11662.482858249878,SPY|short|straddle,100000.0,111662.48285824987,0.11662482858249867,111488.44647772958,0.0015610261513067617,111488.44647772958,0.5594517128392243,49116.04413397958
SPY,straddle,short,2024-03-26,2024-03-27,518.8099975585938,521.7100219726562,520.0,519.0,6.138659208385434,6.128719521459487,0.11548735240088831,5.963812155568121,3683.1955250312603,-3677.231712875692,62257.19970703125,11668.446670405445,SPY|short|straddle,100000.0,111668.44667040545,0.11668446670405452,111662.48285824987,5.340927411706304e-05,111662.48285824987,0.5575480511754674,49405.283151218624
SPY,straddle,short,2024-03-27,2024-03-28,523.1699829101562,523.2100219726562,524.0,523.0,5.76058611856115,5.427413065963265,0.10807757188706757,199.90383155873133,3456.35167113669,-3256.447839577959,62780.39794921875,11868.350501964176,SPY|short|straddle,100000.0,111868.35050196417,0.11868350501964176,111668.44667040545,0.0017901550305320954,111668.44667040545,0.5622035572368798,48888.0487211867
SPY,straddle,short,2024-03-28,2024-04-01,523.0700073242188,523.8300170898438,524.0,523.0,5.644116751323224,3.7340465817180473,0.10607236246002073,1146.0421017631065,3386.4700507939347,-2240.427949030828,62768.40087890625,13014.392603727283,SPY|short|straddle,100000.0,113014.39260372729,0.13014392603727298,111868.35050196417,0.01024456065205846,111868.35050196417,0.5610916814028125,49099.949623057924
SPY,straddle,short,2024-04-01,2024-04-02,522.1599731445312,518.239990234375,523.0,522.0,5.58774590666863,6.065412273922448,0.10528445709579008,-286.5998203522904,3352.647544001178,-3639.2473643534686,62659.19677734375,12727.792783374993,SPY|short|straddle,100000.0,112727.79278337499,0.12727792783374992,113014.39260372729,-0.002535958595620839,113014.39260372729,0.5544355487274212,50355.19582638354
SPY,straddle,short,2024-04-02,2024-04-03,518.8400268554688,517.719970703125,520.0,519.0,5.599926545062004,5.3769898846387605,0.10607923818511884,133.76199625394656,3359.955927037203,-3226.1939307832563,62260.80322265625,12861.55477962894,SPY|short|straddle,100000.0,112861.55477962893,0.12861554779628936,112727.79278337499,0.0011865928796369876,112727.79278337499,0.5523110289429745,50466.989560718735
SPY,straddle,short,2024-04-03,2024-04-04,519.4099731445312,523.52001953125,520.0,519.0,5.492373251473936,6.230148392161567,0.1041161849052402,-442.66508441257884,3295.423950884361,-3738.08903529694,62329.19677734375,12418.88969521636,SPY|short|straddle,100000.0,112418.88969521636,0.12418889695216362,112861.55477962893,-0.003922195518898506,112861.55477962893,0.5522624324912625,50532.35800228518
SPY,straddle,short,2024-04-04,2024-04-05,513.0700073242188,514.4600219726562,514.0,513.0,5.834722353960359,5.5965051937189685,0.11150754822462558,142.93029614483385,3500.833412376215,-3357.9031162313813,61568.40087890625,12561.819991361193,SPY|short|straddle,100000.0,112561.81999136119,0.1256181999136119,112418.88969521636,0.001271408181777442,112418.88969521636,0.5476695335261446,50850.48881631011
SPY,straddle,short,2024-04-05,2024-04-08,518.4299926757812,519.1500244140625,519.0,518.0,5.212501440689465,4.0246947296771225,0.09939987968555472,712.684026607405,3127.5008644136788,-2414.8168378062737,62211.59912109375,13274.504017968598,SPY|short|straddle,100000.0,113274.5040179686,0.13274504017968614,112561.81999136119,0.0063314899018344015,112561.81999136119,0.5526882838769693,50350.22087026744
SPY,straddle,short,2024-04-08,2024-04-09,518.719970703125,520.5,520.0,519.0,5.2217275910552985,5.026654270521277,0.09940083385170123,117.0439923204126,3133.036554633179,-3015.9925623127665,62246.396484375,13391.54801028901,SPY|short|straddle,100000.0,113391.54801028901,0.13391548010289012,113274.5040179686,0.0010332774646432885,113274.5040179686,0.5495181552461349,51028.107533593604
SPY,straddle,short,2024-04-09,2024-04-10,519.3200073242188,513.47998046875,520.0,519.0,5.170062380004623,6.642349174079712,0.09853528614142888,-883.3720764450532,3102.0374280027736,-3985.4095044478267,62318.40087890625,12508.175933843959,SPY|short|straddle,100000.0,112508.17593384396,0.12508175933843968,113391.54801028901,-0.007790457859918246,113391.54801028901,0.5495859433301992,51073.147131382764
SPY,straddle,short,2024-04-10,2024-04-11,514.1199951171875,515.6799926757812,515.0,514.0,5.389387813344655,5.217862002752668,0.10342980082860463,102.91548635519212,3233.6326880067927,-3130.7172016516006,61694.3994140625,12611.09142019915,SPY|short|straddle,100000.0,112611.09142019915,0.1261109142019916,112508.17593384396,0.0009147378446141332,112508.17593384396,0.5483548097903523,50813.77651978146
SPY,straddle,short,2024-04-11,2024-04-12,518.0,514.3699951171875,519.0,518.0,5.539171707175996,5.974810677234956,0.10525666240737538,-261.3833820353766,3323.503024305597,-3584.8864063409737,62160.0,12349.708038163773,SPY|short|straddle,100000.0,112349.70803816378,0.12349708038163776,112611.09142019915,-0.0023211157865440243,112611.09142019915,0.5519882563614893,50451.091420199155
SPY,straddle,short,2024-04-12,2024-04-15,510.8500061035156,515.1300048828125,512.0,511.0,5.9012183845418065,5.444897676491053,0.1130905463486284,273.7924248304521,3540.7310307250837,-3266.9386058946316,61302.000732421875,12623.500462994227,SPY|short|straddle,100000.0,112623.50046299423,0.1262350046299423,112349.70803816378,0.002436966055465389,112349.70803816378,0.5456356033573168,51047.707305741904
SPY,straddle,short,2024-04-15,2024-04-16,504.45001220703125,504.94000244140625,505.0,504.0,5.954277297131313,5.640344057666653,0.1155050853527294,188.3599436787963,3572.566378278788,-3384.2064345999916,60534.00146484375,12811.860406673022,SPY|short|straddle,100000.0,112811.86040667302,0.12811860406673015,112623.50046299423,0.001672474598147369,112623.50046299423,0.5374899662680435,52089.49899815048
SPY,straddle,short,2024-04-16,2024-04-17,503.5299987792969,506.04998779296875,505.0,504.0,5.96236684553395,5.8037060213239045,0.11555524179620527,95.19649452602744,3577.42010732037,-3482.2236127943424,60423.599853515625,12907.05690119905,SPY|short|straddle,100000.0,112907.05690119904,0.12907056901199043,112811.86040667302,0.0008438518271293077,112811.86040667302,0.5356138941038283,52388.26055315739
SPY,straddle,short,2024-04-17,2024-04-18,500.54998779296875,501.9800109863281,502.0,501.0,5.794706009339706,5.488927943356458,0.1132196654179204,183.466839589948,3476.823605603823,-3293.356766013875,60065.99853515625,13090.523740788998,SPY|short|straddle,100000.0,113090.523740789,0.13090523740788984,112907.05690119904,0.0016249368695394595,112907.05690119904,0.531995077931381,52841.058366042795
SPY,straddle,short,2024-04-18,2024-04-19,499.5199890136719,499.44000244140625,501.0,500.0,5.721930389804612,5.400646077854901,0.11209224835463269,192.77058716982674,3433.1582338827675,-3240.3876467129408,59942.398681640625,13283.294327958825,SPY|short|straddle,100000.0,113283.29432795882,0.13283294327958828,113090.523740789,0.0017045688780403011,113090.523740789,0.5300390934525389,53148.12505914837
SPY,straddle,short,2024-04-19,2024-04-22,495.1600036621094,497.8299865722656,496.0,495.0,5.5230870656578475,4.659941767461532,0.10984106628170605,517.8871789177892,3313.8522393947087,-2795.9650604769195,59419.200439453125,13801.181506876614,SPY|short|straddle,100000.0,113801.18150687662,0.13801181506876614,113283.29432795882,0.004571611215846963,113283.29432795882,0.5245186485081605,53864.0938885057
SPY,straddle,short,2024-04-22,2024-04-23,499.7200012207031,501.7799987792969,501.0,500.0,5.759780179610004,5.57199668976898,0.11294212832916416,112.67009390461453,3455.8681077660026,-3343.198013861388,59966.400146484375,13913.851600781229,SPY|short|straddle,100000.0,113913.85160078123,0.13913851600781224,113801.18150687662,0.0009900608448235335,113801.18150687662,0.5269400488857034,53834.78136039224
SPY,straddle,short,2024-04-23,2024-04-24,505.6499938964844,506.55999755859375,507.0,506.0,6.156700946100159,5.806433515178128,0.11868602012308406,210.16045855321863,3694.0205676600954,-3483.8601091068767,60677.999267578125,14124.012059334447,SPY|short|straddle,100000.0,114124.01205933445,0.14124012059334445,113913.85160078123,0.0018449069678526902,113913.85160078123,0.5326656803794877,53235.8523332031
SPY,straddle,short,2024-04-24,2024-04-25,505.4100036621094,499.17999267578125,506.0,505.0,5.879176483870708,7.297573551082294,0.11395444225267068,-851.0382403269509,3527.505890322425,-4378.544130649376,60649.200439453125,13272.973819007497,SPY|short|straddle,100000.0,113272.9738190075,0.13272973819007494,114124.01205933445,-0.007457135662953086,114124.01205933445,0.5314324246497825,53474.81161988132
SPY,straddle,short,2024-04-25,2024-04-26,503.489990234375,506.3500061035156,504.0,503.0,5.875250711471324,6.076021520090222,0.11427961146138571,-120.46248517133927,3525.1504268827944,-3645.6129120541336,60418.798828125,13152.511333836157,SPY|short|straddle,100000.0,113152.51133383616,0.13152511333836148,113272.9738190075,-0.0010634706683327613,113272.9738190075,0.5333911240351542,52854.1749908825
SPY,straddle,short,2024-04-26,2024-04-29,508.260009765625,510.0899963378906,509.0,508.0,6.1389571020596065,4.904089198192963,0.11799380780094436,740.920742319986,3683.3742612357637,-2942.4535189157777,60991.201171875,13893.432076156143,SPY|short|straddle,100000.0,113893.43207615614,0.13893432076156143,113152.51133383616,0.006547983191765249,113152.51133383616,0.5390176537216343,52161.310161961155
SPY,straddle,short,2024-04-29,2024-04-30,510.05999755859375,508.55999755859375,511.0,510.0,5.991337504610016,5.766950219064938,0.11494757674653193,134.6323713270467,3594.8025027660096,-3460.170131438963,61207.19970703125,14028.06444748319,SPY|short|straddle,100000.0,114028.0644474832,0.1402806444748319,113893.43207615614,0.0011820907393239608,113893.43207615614,0.5374076326552734,52686.23236912489
SPY,straddle,short,2024-04-30,2024-05-01,501.9800109863281,501.3800048828125,503.0,502.0,6.304781284028735,5.9671621393241026,0.122435252025965,202.5714868227792,3782.8687704172407,-3580.2972835944615,60237.601318359375,14230.635934305968,SPY|short|straddle,100000.0,114230.63593430597,0.1423063593430598,114028.0644474832,0.0017765055278656913,114028.0644474832,0.528269962401251,53790.46312912382
SPY,straddle,short,2024-05-01,2024-05-02,500.3500061035156,504.1499938964844,501.0,500.0,6.212595724954639,6.65666407280861,0.1211767392873659,-266.4410087123829,3727.557434972783,-3993.998443685166,60042.000732421875,13964.194925593585,SPY|short|straddle,100000.0,113964.19492559359,0.13964194925593598,114230.63593430597,-0.0023324829327363026,114230.63593430597,0.5256208217815755,54188.6352018841
SPY,straddle,short,2024-05-02,2024-05-03,505.0299987792969,511.1600036621094,506.0,505.0,6.279208109663614,7.658304182386971,0.12125266001933764,-827.457643634014,3767.5248657981683,-4594.982509432182,60603.599853515625,13136.737281959571,SPY|short|straddle,100000.0,113136.73728195958,0.13136737281959587,113964.19492559359,-0.007260680814480856,113964.19492559359,0.5317775455096514,53360.595072077966
SPY,straddle,short,2024-05-03,2024-05-06,511.2900085449219,513.75,512.0,511.0,6.671149386685784,5.467439433718482,0.1267290882118152,722.2259717803809,4002.68963201147,-3280.4636602310893,61354.801025390625,13858.963253739952,SPY|short|straddle,100000.0,113858.96325373996,0.13858963253739964,113136.73728195958,0.006383655646533698,113136.73728195958,0.5423066149811452,51781.93625656895
SPY,straddle,short,2024-05-06,2024-05-07,516.5700073242188,517.5599975585938,518.0,517.0,6.980400161919931,6.58459929337306,0.13058386819430048,237.4805211281223,4188.240097151958,-3950.759576023836,61988.40087890625,14096.443774868076,SPY|short|straddle,100000.0,114096.44377486808,0.14096443774868073,113858.96325373996,0.00208574287295139,113858.96325373996,0.5444314536815361,51870.56237483371
SPY,straddle,short,2024-05-07,2024-05-08,517.1400146484375,515.260009765625,518.0,517.0,6.963668771337581,6.712469437083257,0.13042971644095216,150.71960055259433,4178.201262802549,-4027.4816622499543,62056.8017578125,14247.163375420669,SPY|short|straddle,100000.0,114247.16337542067,0.14247163375420668,114096.44377486808,0.0013209842092010338,114096.44377486808,0.5438977737138,52039.64201705558
SPY,straddle,short,2024-05-08,2024-05-09,517.1900024414062,517.3800048828125,518.0,517.0,6.958823688974405,6.5646014088247,0.13033385439019332,236.53336808982294,4175.294213384643,-3938.76084529482,62062.80029296875,14483.696743510493,SPY|short|straddle,100000.0,114483.69674351049,0.14483696743510488,114247.16337542067,0.0020703653473877945,114247.16337542067,0.5432327460860271,52184.36308245192
SPY,straddle,short,2024-05-09,2024-05-10,520.1699829101562,521.8099975585938,521.0,520.0,6.929014238364772,6.669082569249582,0.12906750554812293,155.9590014691139,4157.408543018863,-4001.4495415497495,62420.39794921875,14639.655744979606,SPY|short|straddle,100000.0,114639.65574497961,0.14639655744979607,114483.69674351049,0.0013622813195709846,114483.69674351049,0.5452339479311673,52063.29879429174
SPY,straddle,short,2024-05-10,2024-05-13,520.8400268554688,522.5599975585938,522.0,521.0,6.947670661549722,5.42348146716094,0.12913866850616515,914.5135166332693,4168.602396929833,-3254.0888802965637,62500.80322265625,15554.169261612875,SPY|short|straddle,100000.0,115554.16926161287,0.1555416926161286,114639.65574497961,0.007977287708082799,114639.65574497961,0.5451935703792737,52138.85252232336
SPY,straddle,short,2024-05-13,2024-05-14,520.9099731445312,521.1099853515625,522.0,521.0,6.941800453293752,6.5449320407699645,0.12905125793108838,238.1210475142716,4165.0802719762505,-3926.959224461979,62509.19677734375,15792.290309127147,SPY|short|straddle,100000.0,115792.29030912714,0.15792290309127144,115554.16926161287,0.0020606876327860504,115554.16926161287,0.5409514617843333,53044.97248426912
SPY,straddle,short,2024-05-14,2024-05-15,523.2999877929688,525.8300170898438,524.0,523.0,6.930403991815496,6.873718714141347,0.1283091271194578,34.01116660448861,4158.242395089297,-4124.2312284848085,62795.99853515625,15826.301475731636,SPY|short|straddle,100000.0,115826.30147573164,0.15826301475731652,115792.29030912714,0.00029372565750008085,115792.29030912714,0.5423158862089323,52996.291773970894
SPY,straddle,short,2024-05-15,2024-05-16,529.780029296875,529.8800048828125,531.0,530.0,7.299680424763466,6.8834093776106045,0.1329546431576764,249.7626282917172,4379.80825485808,-4130.045626566362,63573.603515625,16076.064104023353,SPY|short|straddle,100000.0,116076.06410402336,0.16076064104023358,115826.30147573164,0.0021563550343015,115826.30147573164,0.5488701849721515,52252.69796010664
SPY,straddle,short,2024-05-16,2024-05-17,528.6900024414062,528.8099975585938,530.0,529.0,6.968894680194467,6.569648078449973,0.12749837822942686,239.5479610466964,4181.33680811668,-3941.7888470699836,63442.80029296875,16315.612065070049,SPY|short|straddle,100000.0,116315.61206507005,0.1631561206507004,116076.06410402336,0.002063715399860748,116076.06410402336,0.5465622975992148,52633.26381105461
SPY,straddle,short,2024-05-17,2024-05-20,529.4500122070312,529.5700073242188,530.0,529.0,6.790081605051455,5.202518122517915,0.12436872747161776,952.5380895201238,4074.048963030873,-3121.510873510749,63534.00146484375,17268.150154590174,SPY|short|straddle,100000.0,117268.15015459017,0.17268150154590178,116315.61206507005,0.008189253984127674,116315.61206507005,0.5462207552095513,52781.6106002263
SPY,straddle,short,2024-05-20,2024-05-21,530.0599975585938,529.280029296875,531.0,530.0,6.795972511367893,6.435593849269992,0.12437469948957347,216.2271972587405,4077.5835068207357,-3861.356309561995,63607.19970703125,17484.377351848914,SPY|short|straddle,100000.0,117484.37735184892,0.17484377351848912,117268.15015459017,0.0018438697717470288,117268.15015459017,0.5424081442674783,53660.95044755892
SPY,straddle,short,2024-05-21,2024-05-22,531.3599853515625,530.6500244140625,532.0,531.0,6.820433436856376,6.433372146100481,0.12447048746219676,232.23677445353724,4092.260062113826,-3860.0232876602886,63763.1982421875,17716.61412630245,SPY|short|straddle,100000.0,117716.61412630245,0.17716614126302455,117484.37735184892,0.0019767460124338176,117484.37735184892,0.5427376786551443,53721.17910966142
SPY,straddle,short,2024-05-22,2024-05-23,529.8300170898438,532.9600219726562,531.0,530.0,6.584147716084544,6.597572822291454,0.12072628220288842,-8.055063724145839,3950.4886296507266,-3958.5436933748724,63579.60205078125,17708.559062578304,SPY|short|straddle,100000.0,117708.55906257831,0.1770855906257831,117716.61412630245,-6.842758589287377e-05,117716.61412630245,0.5401072951568618,54137.0120755212
SPY,straddle,short,2024-05-23,2024-05-24,525.9600219726562,527.8499755859375,527.0,526.0,6.5704299519809695,6.343394221431254,0.12143186332330276,136.22143832982965,3942.257971188582,-3806.0365328587523,63115.20263671875,17844.780500908135,SPY|short|straddle,100000.0,117844.78050090813,0.17844780500908142,117708.55906257831,0.0011572772567660877,117708.55906257831,0.5361989233354248,54593.35642585956
SPY,straddle,short,2024-05-24,2024-05-28,529.4400024414062,530.27001953125,530.0,529.0,6.22210132764863,4.168373135113171,0.11463924446301833,1232.2369155212755,3733.2607965891784,-2501.023881067903,63532.80029296875,19077.01741642941,SPY|short|straddle,100000.0,119077.01741642941,0.1907701741642942,117844.78050090813,0.010456440330098283,117844.78050090813,0.5391227343537642,54311.980207939385
SPY,straddle,short,2024-05-28,2024-05-29,529.8099975585938,525.6799926757812,531.0,530.0,5.779776630540198,6.455091747374212,0.10695060671580407,-405.1890701004081,3467.8659783241187,-3873.055048424527,63577.19970703125,18671.828346329003,SPY|short|straddle,100000.0,118671.828346329,0.1867182834632899,119077.01741642941,-0.003402747892848238,119077.01741642941,0.5339166288041349,55499.817709398165
SPY,straddle,short,2024-05-29,2024-05-30,526.0999755859375,524.52001953125,527.0,526.0,5.875069543385678,5.664245303923025,0.10944657099692846,126.49454367759199,3525.0417260314066,-3398.5471823538146,63131.9970703125,18798.322890006595,SPY|short|straddle,100000.0,118798.32289000659,0.1879832289000658,118671.828346329,0.0010659188911157024,118671.828346329,0.5319880712216686,55539.8312760165
SPY,straddle,short,2024-05-30,2024-05-31,522.6099853515625,523.5900268554688,524.0,523.0,5.873323703606985,5.538871451617183,0.10988843648240931,200.6713511938815,3523.9942221641913,-3323.32287097031,62713.1982421875,18998.994241200475,SPY|short|straddle,100000.0,118998.99424120047,0.18998994241200484,118798.32289000659,0.001689176634081609,118798.32289000659,0.5278963264511117,56085.12464781909
SPY,straddle,short,2024-05-31,2024-06-03,527.3699951171875,529.02001953125,528.0,527.0,6.013634618119966,4.793336710549966,0.11153075326039334,732.178744542,3608.1807708719793,-2876.0020263299793,63284.3994140625,19731.172985742476,SPY|short|straddle,100000.0,119731.17298574248,0.19731172985742473,118998.99424120047,0.006152814561255352,118998.99424120047,0.5318061704436812,55714.594827137975
SPY,straddle,short,2024-06-03,2024-06-04,527.7999877929688,526.4600219726562,529.0,528.0,5.759447854368034,5.565098669080726,0.10700137436479593,116.60951117238483,3455.6687126208203,-3339.0592014484355,63335.99853515625,19847.78249691486,SPY|short|straddle,100000.0,119847.78249691486,0.19847782496914856,119731.17298574248,0.0009739277438321816,119731.17298574248,0.5289850333521602,56395.17445058623
SPY,straddle,short,2024-06-04,2024-06-05,528.3900146484375,530.77001953125,529.0,528.0,5.641988258444172,5.6986513919331685,0.10492299759012828,-33.997880093397725,3385.1929550665036,-3419.1908351599013,63406.8017578125,19813.784616821464,SPY|short|straddle,100000.0,119813.78461682146,0.19813784616821462,119847.78249691486,-0.00028367550391908923,119847.78249691486,0.5290611176676943,56440.980739102364
SPY,straddle,short,2024-06-05,2024-06-06,534.6699829101562,534.97998046875,536.0,535.0,5.724129633246491,5.387105522518311,0.10493803177839095,202.21446643690797,3434.4777799478948,-3232.263313510987,64160.39794921875,20015.99908325837,SPY|short|straddle,100000.0,120015.99908325837,0.20015999083258373,119813.78461682146,0.0016877395792446884,119813.78461682146,0.5355009705637063,55653.38666760271
SPY,straddle,short,2024-06-06,2024-06-07,534.6599731445312,533.6599731445312,536.0,535.0,5.719802792117463,5.491191478349947,0.1048581562320175,137.16678826050975,3431.881675270478,-3294.714887009968,64159.19677734375,20153.16587151888,SPY|short|straddle,100000.0,120153.16587151888,0.20153165871518874,120015.99908325837,0.001142904190343434,120015.99908325837,0.5345886987353642,55856.80230591462
SPY,straddle,short,2024-06-07,2024-06-10,534.010009765625,533.1799926757812,535.0,534.0,5.6449234473323315,4.378608840863819,0.1039031047031667,759.7887638811076,3386.954068399399,-2627.1653045182916,64081.201171875,20912.954635399987,SPY|short|straddle,100000.0,120912.95463539999,0.20912954635399994,120153.16587151888,0.006323501826772989,120153.16587151888,0.5333292777353678,56071.96469964388
SPY,straddle,short,2024-06-10,2024-06-11,535.6599731445312,534.0700073242188,537.0,536.0,5.53562504746057,5.4324646424908,0.10154102164660103,61.89624298186209,3321.375028476342,-3259.47878549448,64279.19677734375,20974.85087838185,SPY|short|straddle,100000.0,120974.85087838185,0.20974850878381845,120912.95463539999,0.0005119074558098721,120912.95463539999,0.5316154664417122,56633.75785805624
SPY,straddle,short,2024-06-11,2024-06-12,536.9500122070312,541.6300048828125,538.0,537.0,5.5326502884446995,6.323632026972575,0.10142116447628712,-474.5890431167254,3319.5901730668197,-3794.179216183545,64434.00146484375,20500.261835265126,SPY|short|straddle,100000.0,120500.26183526512,0.2050026183526512,120974.85087838185,-0.003923038876847537,120974.85087838185,0.5326231113078237,56540.849413538104
SPY,straddle,short,2024-06-12,2024-06-13,541.3599853515625,543.1500244140625,542.0,541.0,4.789506418741723,4.769678631705062,0.08811549519420142,11.896672221996596,2873.703851245034,-2861.8071790230374,64963.1982421875,20512.158507487122,SPY|short|straddle,100000.0,120512.15850748713,0.20512158507487133,120500.26183526512,9.872735578168648e-05,120500.26183526512,0.5391125069171894,55537.06359307762
SPY,straddle,short,2024-06-13,2024-06-14,542.4500122070312,540.8800048828125,543.0,542.0,4.70229001348315,4.511370739396227,0.08642479346524937,114.5515644521538,2821.37400808989,-2706.8224436377363,65094.00146484375,20626.710071939277,SPY|short|straddle,100000.0,120626.71007193928,0.2062671007193928,120512.15850748713,0.000950539479757447,120512.15850748713,0.5401446814248175,55418.157042643375
SPY,straddle,short,2024-06-14,2024-06-17,542.780029296875,542.0800170898438,544.0,543.0,4.57840747161265,3.5765561444320895,0.08428879621380343,601.1107963083359,2747.04448296759,-2145.933686659254,65133.603515625,21227.82086824761,SPY|short|straddle,100000.0,121227.82086824761,0.21227820868247615,120626.71007193928,0.004983231292222476,120626.71007193928,0.5399600426537429,55493.10655631428
SPY,straddle,short,2024-06-17,2024-06-18,547.0999755859375,547.1599731445312,548.0,547.0,4.394014666108632,4.134388585497675,0.08068306012812823,155.77564836657393,2636.408799665179,-2480.633151298605,65651.9970703125,21383.596516614183,SPY|short|straddle,100000.0,121383.59651661418,0.2138359651661419,121227.82086824761,0.001284982665289954,121227.82086824761,0.5415588319587479,55575.82379793511
SPY,straddle,short,2024-06-18,2024-06-20,548.489990234375,549.4400024414062,549.0,548.0,4.195892038792778,3.696399434059032,0.07703602913769565,299.6955628402475,2517.535223275667,-2217.8396604354193,65818.798828125,21683.292079454433,SPY|short|straddle,100000.0,121683.29207945443,0.2168329207945443,121383.59651661418,0.002468995576344017,121383.59651661418,0.5422380018136648,55564.79768848918
SPY,straddle,short,2024-06-20,2024-06-21,547.0,544.4000244140625,548.0,547.0,4.2450186945418125,4.498872665260109,0.0782102274487743,-152.31238243097778,2547.0112167250873,-2699.323599156065,65640.0,21530.979697023453,SPY|short|straddle,100000.0,121530.97969702346,0.21530979697023467,121683.29207945443,-0.0012517115524087214,121683.29207945443,0.5394331372719572,56043.29207945443
SPY,straddle,short,2024-06-21,2024-06-24,544.510009765625,544.3300170898438,546.0,545.0,4.370096537799412,3.365322200721124,0.08026748936629567,602.8646022469727,2622.057922679647,-2019.1933204326745,65341.201171875,22133.844299270426,SPY|short|straddle,100000.0,122133.84429927042,0.22133844299270433,121530.97969702346,0.004960583743749233,121530.97969702346,0.5376505754727766,56189.77852514846
SPY,straddle,short,2024-06-24,2024-06-25,542.739990234375,543.989990234375,544.0,543.0,4.358410749987655,4.149859290664239,0.08057984124880889,125.13087559404994,2615.046449992593,-2489.915574398543,65128.798828125,22258.975174864478,SPY|short|straddle,100000.0,122258.97517486448,0.22258975174864482,122133.84429927042,0.001024538909030291,122133.84429927042,0.5332575847570701,57005.04547114542
SPY,straddle,short,2024-06-25,2024-06-26,544.8300170898438,543.6900024414062,546.0,545.0,4.391226696850879,4.263817382995654,0.08088440790023077,76.44558831313452,2634.7360181105273,-2558.290429797393,65379.60205078125,22335.42076317761,SPY|short|straddle,100000.0,122335.42076317761,0.22335420763177605,122258.97517486448,0.0006252758801862684,122258.97517486448,0.5347632102859537,56879.37312408323
SPY,straddle,short,2024-06-26,2024-06-27,545.510009765625,545.3699951171875,547.0,546.0,4.40981955227636,4.167465519396757,0.08078524521256049,145.41241972776197,2645.891731365816,-2500.4793116380542,65461.201171875,22480.833182905375,SPY|short|straddle,100000.0,122480.83318290538,0.2248083318290537,122335.42076317761,0.001188637099710131,122335.42076317761,0.5350960561013456,56874.21959130261
SPY,straddle,short,2024-06-27,2024-06-28,546.3699951171875,547.1599731445312,547.0,546.0,4.366977570835473,4.180524585172066,0.08027063774934949,111.87179139804448,2620.186542501284,-2508.3147511032394,65564.3994140625,22592.70497430342,SPY|short|straddle,100000.0,122592.70497430341,0.22592704974303413,122480.83318290538,0.0009133820246877484,122480.83318290538,0.5353033426556842,56916.43376884288
SPY,straddle,short,2024-06-28,2024-07-01,544.219970703125,545.6300048828125,545.0,544.0,4.01554305149881,3.2109644386116827,0.07477934010704151,482.74716773227624,2409.325830899286,-1926.5786631670096,65306.396484375,23075.452142035694,SPY|short|straddle,100000.0,123075.45214203569,0.2307545214203568,122592.70497430341,0.003937813166235826,122592.70497430341,0.5327102986924371,57286.308489928415
SPY,straddle,short,2024-07-01,2024-07-02,545.3400268554688,543.7000122070312,546.0,545.0,3.9998287752137287,3.901485600342454,0.07431552700829301,59.005904922764785,2399.8972651282374,-2340.8913602054727,65440.80322265625,23134.458046958458,SPY|short|straddle,100000.0,123134.45804695846,0.23134458046958462,123075.45214203569,0.0004794287073158082,123075.45214203569,0.5317128808686727,57634.64891937944
SPY,straddle,short,2024-07-02,2024-07-03,549.010009765625,548.6900024414062,550.0,549.0,4.135348758306577,3.9013148849836057,0.07611213798735236,140.42032399378286,2481.2092549839463,-2340.7889309901634,65881.201171875,23274.878370952243,SPY|short|straddle,100000.0,123274.87837095224,0.23274878370952234,123134.45804695846,0.001140382036198448,123134.45804695846,0.5350346460025884,57253.25687508346
SPY,straddle,short,2024-07-03,2024-07-05,551.4600219726562,551.77001953125,552.0,551.0,4.198668783571151,3.601950627452453,0.07668953230718546,358.0308936712181,2519.20127014269,-2161.170376471472,66175.20263671875,23632.90926462346,SPY|short|straddle,100000.0,123632.90926462346,0.2363290926462347,123274.87837095224,0.0029043297255897547,123274.87837095224,0.536810123126529,57099.67573423349
SPY,straddle,short,2024-07-05,2024-07-08,554.6400146484375,555.4400024414062,556.0,555.0,4.293383570513299,3.2492267165286535,0.07770206666542158,626.4941123907874,2576.0301423079795,-1949.536029917192,66556.8017578125,24259.40337701425,SPY|short|straddle,100000.0,124259.40337701424,0.24259403377014244,123632.90926462346,0.005067373372649847,123632.90926462346,0.5383421141967512,57076.107506810964
SPY,straddle,short,2024-07-08,2024-07-09,555.280029296875,556.260009765625,556.0,555.0,4.220842089709748,4.06392124402052,0.07662847009241526,94.15250741353702,2532.5052538258487,-2438.3527464123117,66633.603515625,24353.555884427784,SPY|short|straddle,100000.0,124353.55588442778,0.2435355588442778,124259.40337701424,0.0007577093149873722,124259.40337701424,0.5362459637235875,57625.79986138924
SPY,straddle,short,2024-07-09,2024-07-10,555.8200073242188,557.0700073242188,557.0,556.0,3.9387993250050215,3.772233106920879,0.07188517643331656,99.93973085048583,2363.279595003013,-2263.3398641525273,66698.40087890625,24453.49561527827,SPY|short|straddle,100000.0,124453.49561527827,0.24453495615278276,124353.55588442778,0.0008036740898938848,124353.55588442778,0.5363610264663013,57655.155005521534
SPY,straddle,short,2024-07-10,2024-07-11,561.3200073242188,561.4400024414062,562.0,561.0,4.131083256671985,3.889389096850522,0.07433033236566852,145.01649589287808,2478.649954003191,-2333.633458110313,67358.40087890625,24598.51211117115,SPY|short|straddle,100000.0,124598.51211117115,0.24598512111171145,124453.49561527827,0.0011652263777400516,124453.49561527827,0.5412334988735916,57095.09473637202
SPY,straddle,short,2024-07-11,2024-07-12,556.47998046875,557.6300048828125,557.0,556.0,4.46887150527516,4.353769201066029,0.08039945966718724,69.06138252547862,2681.3229031650962,-2612.2615206396176,66777.59765625,24667.573493696626,SPY|short|straddle,100000.0,124667.57349369663,0.24667573493696637,124598.51211117115,0.0005542713259999416,124598.51211117115,0.5359421755908986,57820.91445492115
SPY,straddle,short,2024-07-12,2024-07-15,559.989990234375,562.030029296875,561.0,560.0,4.289987413401661,3.5257076763735142,0.07712544173364833,458.56784221688804,2573.992448040997,-2115.4246058241088,67198.798828125,25126.141335913515,SPY|short|straddle,100000.0,125126.14133591352,0.2512614133591351,124667.57349369663,0.003678324919351012,124667.57349369663,0.5390238772195455,57468.77466557163
SPY,straddle,short,2024-07-15,2024-07-16,561.530029296875,562.8699951171875,563.0,562.0,4.041914057347583,3.829149223173175,0.07254854536517781,127.65890050464486,2425.1484344085497,-2297.489533903905,67383.603515625,25253.80023641816,SPY|short|straddle,100000.0,125253.80023641816,0.25253800236418167,125126.14133591352,0.0010202416468828197,125126.14133591352,0.5385253856324638,57742.53782028852
SPY,straddle,short,2024-07-16,2024-07-17,564.8599853515625,558.7999877929688,566.0,565.0,3.92724297179808,6.3875418596100175,0.07057676914128853,-1476.1793326871625,2356.345783078848,-3832.5251157660105,67783.1982421875,23777.620903730996,SPY|short|straddle,100000.0,123777.620903731,0.23777620903731012,125253.80023641816,-0.011785505349145934,125253.80023641816,0.5411667998435643,57470.60199423066
SPY,straddle,short,2024-07-17,2024-07-18,556.9400024414062,558.510009765625,558.0,557.0,4.7525408767908175,4.6028386501090495,0.08507336315950108,89.82133600906081,2851.5245260744905,-2761.7031900654297,66832.80029296875,23867.44223974006,SPY|short|straddle,100000.0,123867.44223974006,0.23867442239740067,123777.620903731,0.0007256670095389864,123777.620903731,0.5399425179204929,56944.82061076225
SPY,straddle,short,2024-07-18,2024-07-19,552.6599731445312,552.4199829101562,554.0,553.0,4.987574261319452,4.715105796419039,0.08942121902585574,163.48107894024815,2992.5445567916713,-2829.063477851423,66319.19677734375,24030.923318680307,SPY|short|straddle,100000.0,124030.9233186803,0.24030923318680308,123867.44223974006,0.0013198066899923356,123867.44223974006,0.5354045871794609,57548.24546239631
SPY,straddle,short,2024-07-19,2024-07-22,548.989990234375,553.0,550.0,549.0,4.7874029660903545,4.690174960022773,0.08689471481821553,58.33680364054908,2872.441779654213,-2814.104976013664,65878.798828125,24089.260122320855,SPY|short|straddle,100000.0,124089.26012232085,0.24089260122320844,124030.9233186803,0.0004703407995331997,124030.9233186803,0.5311481771272357,58152.1244905553
SPY,straddle,short,2024-07-22,2024-07-23,554.6500244140625,554.5399780273438,556.0,555.0,5.102616219494138,4.814446365223432,0.09097796600940314,172.90191256242315,3061.5697316964824,-2888.6678191340593,66558.0029296875,24262.16203488328,SPY|short|straddle,100000.0,124262.16203488328,0.24262162034883272,124089.26012232085,0.0013933672615340383,124089.26012232085,0.5363719862950107,57531.25719263335
SPY,straddle,short,2024-07-23,2024-07-24,553.780029296875,548.8599853515625,555.0,554.0,5.093343723029733,6.355894943938409,0.09106604355681527,-757.5307325452059,3056.0062338178395,-3813.5369663630454,66453.603515625,23504.63130233807,SPY|short|straddle,100000.0,123504.63130233806,0.23504631302338064,124262.16203488328,-0.0060962301004592965,124262.16203488328,0.5347855085361377,57808.55851925828
SPY,straddle,short,2024-07-24,2024-07-25,541.22998046875,541.3499755859375,542.0,541.0,6.364151760125623,6.000546014074246,0.11457887911466617,218.16344763082589,3818.4910560753733,-3600.3276084445474,64947.59765625,23722.7947499689,SPY|short|straddle,100000.0,123722.7947499689,0.237227947499689,123504.63130233806,0.0017664394066062511,123504.63130233806,0.5258717585841696,58557.033646088064
SPY,straddle,short,2024-07-25,2024-07-26,538.4099731445312,542.280029296875,539.0,538.0,6.386898310555381,6.859656436269489,0.11551641986662699,-283.65487542846495,3832.138986333229,-4115.793861761694,64609.19677734375,23439.139874540433,SPY|short|straddle,100000.0,123439.13987454043,0.23439139874540427,123722.7947499689,-0.002292664629842079,123722.7947499689,0.5222093221213788,59113.59797262515
SPY,straddle,short,2024-07-26,2024-07-29,544.4400024414062,546.02001953125,545.0,544.0,6.590455919436948,5.228052255652642,0.11761536942492143,817.4421982705835,3954.2735516621688,-3136.8313533915853,65332.80029296875,24256.582072811016,SPY|short|straddle,100000.0,124256.58207281101,0.24256582072811006,123439.13987454043,0.006622228566250587,123439.13987454043,0.5292713507188312,58106.33958157168
SPY,straddle,short,2024-07-29,2024-07-30,544.760009765625,546.260009765625,546.0,545.0,6.590729857416335,6.278515581364161,0.11749599708491781,187.32856563130417,3954.4379144498007,-3767.1093488184965,65371.201171875,24443.91063844232,SPY|short|straddle,100000.0,124443.91063844232,0.24443910638442312,124256.58207281101,0.001507594708516404,124256.58207281101,0.5260984978129306,58885.38090093601
SPY,straddle,short,2024-07-30,2024-07-31,542.0,548.97998046875,543.0,542.0,6.6062627116806425,8.365655308524254,0.11845217368253903,-1055.6355581061662,3963.7576270083855,-5019.393185114552,65040.0,23388.275080336156,SPY|short|straddle,100000.0,123388.27508033616,0.23388275080336163,124443.91063844232,-0.008482822121953365,124443.91063844232,0.5226450990355515,59403.91063844232
SPY,straddle,short,2024-07-31,2024-08-01,550.8099975585938,552.5700073242188,552.0,551.0,7.149068907607898,6.841873452067972,0.12542462302753876,184.3172733239553,4289.441344564739,-4105.124071240783,66097.19970703125,23572.59235366011,SPY|short|straddle,100000.0,123572.59235366012,0.23572592353660116,123388.27508033616,0.0014937989302788231,123388.27508033616,0.535684607504209,57291.075373304906
SPY,straddle,short,2024-08-01,2024-08-02,543.010009765625,535.75,544.0,543.0,7.431709474879085,9.167193660366195,0.13201123868950387,-1041.2905112922663,4459.025684927451,-5500.316196219717,65161.201171875,22531.301842367844,SPY|short|straddle,100000.0,122531.30184236784,0.22531301842367846,123572.59235366012,-0.008426549054762337,123572.59235366012,0.5273111126890183,58411.39118178512
SPY,straddle,short,2024-08-02,2024-08-05,532.9000244140625,511.6400146484375,534.0,533.0,7.894586803013937,21.12871344524329,0.14235032394233957,-7940.475985337612,4736.752081808362,-12677.228067145974,63948.0029296875,14590.825857030231,SPY|short|straddle,100000.0,114590.82585703023,0.1459082585703022,122531.30184236784,-0.06480365315593195,122531.30184236784,0.5218911573465067,58583.298912680344
SPY,straddle,short,2024-08-05,2024-08-06,517.3800048828125,519.219970703125,518.0,517.0,8.922270274475835,8.585783048823885,0.16466536476931312,201.8923353911705,5353.362164685501,-5151.46982929433,62085.6005859375,14792.718192421402,SPY|short|straddle,100000.0,114792.7181924214,0.14792718192421406,114590.82585703023,0.0017618542660916188,114590.82585703023,0.5418025406623641,52505.22527109273
SPY,straddle,short,2024-08-06,2024-08-07,522.1500244140625,528.469970703125,523.0,522.0,9.175614362562584,10.064467896968921,0.1675642501329192,-533.3121206438018,5505.368617537551,-6038.680738181352,62658.0029296875,14259.406071777601,SPY|short|straddle,100000.0,114259.4060717776,0.14259406071777603,114792.7181924214,-0.004645870653135305,114792.7181924214,0.5458360418354844,52134.715262733895
SPY,straddle,short,2024-08-07,2024-08-08,518.6599731445312,523.9099731445312,520.0,519.0,9.120920273591764,9.426749974971955,0.1675459016624953,-183.49782082811453,5472.552164155059,-5656.049984983173,62239.19677734375,14075.908250949487,SPY|short|straddle,100000.0,114075.90825094949,0.14075908250949487,114259.4060717776,-0.0016059756228107946,114259.4060717776,0.5447183642653032,52020.20929443385
SPY,straddle,short,2024-08-08,2024-08-09,530.6500244140625,529.8099975585938,532.0,531.0,10.181793203342892,9.65314510166553,0.18187296521122762,317.18886100641794,6109.075922005735,-5791.887060999317,63678.0029296875,14393.097111955904,SPY|short|straddle,100000.0,114393.0971119559,0.14393097111955888,114075.90825094949,0.002780506996347126,114075.90825094949,0.558207284132296,50397.90532126199
SPY,straddle,short,2024-08-09,2024-08-12,532.989990234375,534.2100219726562,534.0,533.0,10.250450333195374,7.946360647496192,0.18239331756297386,1382.4538114195093,6150.270199917224,-4767.816388497715,63958.798828125,15775.550923375413,SPY|short|straddle,100000.0,115775.55092337541,0.15775550923375414,114393.0971119559,0.012085115678496836,114393.0971119559,0.5591141462454581,50434.298283830896
SPY,straddle,short,2024-08-12,2024-08-13,533.27001953125,536.530029296875,534.0,533.0,10.241926251533954,10.056423785552852,0.18218952379478587,111.301479588662,6145.155750920373,-6033.854271331711,63992.40234375,15886.852402964076,SPY|short|straddle,100000.0,115886.85240296408,0.1588685240296408,115775.55092337541,0.0009613556463430304,115775.55092337541,0.5527281177534846,51783.14857962541
SPY,straddle,short,2024-08-13,2024-08-14,542.0399780273438,542.8499755859375,543.0,542.0,10.804553222144477,10.22426170615904,0.18861972443606143,348.1749095912619,6482.731933286686,-6134.5570236954245,65044.79736328125,16235.027312555338,SPY|short|straddle,100000.0,116235.02731255534,0.16235027312555328,115886.85240296408,0.0030044384015244555,115886.85240296408,0.5612784885821748,50842.05503968283
SPY,straddle,short,2024-08-14,2024-08-15,543.75,549.5,545.0,544.0,10.79503066588046,11.08963470883316,0.18776721140380617,-176.76242577161884,6477.018399528277,-6653.780825299896,65250.0,16058.26488678372,SPY|short|straddle,100000.0,116058.26488678373,0.16058264886783724,116235.02731255534,-0.0015207328621888276,116235.02731255534,0.5613626245773842,50985.027312555336
SPY,straddle,short,2024-08-15,2024-08-16,553.0700073242188,551.4199829101562,554.0,553.0,11.359652736608552,10.791374605096024,0.19395479150607495,340.96687890751673,6815.791641965132,-6474.824763057615,66368.40087890625,16399.231765691235,SPY|short|straddle,100000.0,116399.23176569123,0.16399231765691225,116058.26488678373,0.0029378939900586497,116058.26488678373,0.57185415397731,49689.86400787748
SPY,straddle,short,2024-08-16,2024-08-19,554.3099975585938,554.72998046875,555.0,554.0,11.346984869335415,8.76904902626876,0.19333159833596814,1546.7615058399924,6808.190921601249,-5261.429415761257,66517.19970703125,17945.993271531228,SPY|short|straddle,100000.0,117945.99327153123,0.17945993271531235,116399.23176569123,0.013288416790873543,116399.23176569123,0.5714573773212587,49882.032058659985
SPY,straddle,short,2024-08-19,2024-08-20,559.6099853515625,559.1500244140625,561.0,560.0,11.592216422956767,10.962220688467568,0.19528200150866112,377.9974406935189,6955.32985377406,-6577.332413080541,67153.1982421875,18323.990712224746,SPY|short|straddle,100000.0,118323.99071222474,0.18323990712224747,117945.99327153123,0.003204834943594109,117945.99327153123,0.5693554853329329,50792.79502934373
SPY,straddle,short,2024-08-20,2024-08-21,558.7000122070312,559.77001953125,560.0,559.0,11.573560560151122,10.9480563224472,0.1953448349529192,375.30254262235303,6944.1363360906735,-6568.83379346832,67044.00146484375,18699.2932548471,SPY|short|straddle,100000.0,118699.2932548471,0.18699293254847094,118323.99071222474,0.003171821203488012,118323.99071222474,0.5666137615988728,51279.98924738099
SPY,straddle,short,2024-08-21,2024-08-22,560.6199951171875,562.5599975585938,562.0,561.0,11.500804630210439,10.932779581808944,0.19345966365365788,340.81502904089575,6900.482778126263,-6559.667749085367,67274.3994140625,19040.108283887996,SPY|short|straddle,100000.0,119040.108283888,0.19040108283888002,118699.2932548471,0.002871247331769421,118699.2932548471,0.5667632685025725,51424.8938407846
SPY,straddle,short,2024-08-22,2024-08-23,556.219970703125,559.530029296875,557.0,556.0,11.377904147677839,11.103441522645142,0.19317052740840995,164.67757501961933,6826.742488606704,-6662.064913587084,66746.396484375,19204.785858907613,SPY|short|straddle,100000.0,119204.78585890762,0.19204785858907614,119040.108283888,0.0013833789081146891,119040.108283888,0.5607051055867452,52293.711799512996
SPY,straddle,short,2024-08-23,2024-08-26,562.1300048828125,563.1799926757812,563.0,562.0,11.604088278607719,8.997903715400469,0.1947764772212382,1563.7107379243507,6962.452967164631,-5398.742229240281,67455.6005859375,20768.496596831967,SPY|short|straddle,100000.0,120768.49659683197,0.20768496596831976,119204.78585890762,0.013117851994425623,119204.78585890762,0.5658799694986982,51749.18527297012
SPY,straddle,short,2024-08-26,2024-08-27,560.7899780273438,559.489990234375,562.0,561.0,11.578924183724837,10.991981994975362,0.19474481753045955,352.165313249684,6947.354510234902,-6595.189196985218,67294.79736328125,21120.66191008165,SPY|short|straddle,100000.0,121120.66191008165,0.2112066191008164,120768.49659683197,0.0029160362443306433,120768.49659683197,0.5572214547634482,53473.699233550724
SPY,straddle,short,2024-08-27,2024-08-28,561.5599975585938,561.2100219726562,563.0,562.0,11.555345084942076,10.924160458731876,0.19398113529120461,378.7107757261201,6933.207050965246,-6554.496275239126,67387.19970703125,21499.37268580777,SPY|short|straddle,100000.0,121499.37268580777,0.21499372685807772,121120.66191008165,0.0031267231350442085,121120.66191008165,0.5563641962017892,53733.462203050396
SPY,straddle,short,2024-08-28,2024-08-29,558.2999877929688,560.3099975585938,559.0,558.0,11.242848966121926,10.771583410338252,0.19026002716724255,282.7593334702033,6745.709379673155,-6462.950046202952,66995.99853515625,21782.132019277975,SPY|short|straddle,100000.0,121782.13201927798,0.2178213201927799,121499.37268580777,0.002327249328285891,121499.37268580777,0.5514102423261481,54503.37415065152
SPY,straddle,short,2024-08-29,2024-08-30,558.3499755859375,560.77001953125,559.0,558.0,11.155336374733906,10.756849927901612,0.18882033005217,239.09186809937637,6693.201824840344,-6454.109956740967,67001.9970703125,22021.22388737735,SPY|short|straddle,100000.0,122021.22388737735,0.2202122388737735,121782.13201927798,0.001963275434047487,121782.13201927798,0.550179209046087,54780.13494896548
SPY,straddle,short,2024-08-30,2024-09-03,563.6799926757812,560.469970703125,565.0,564.0,11.31269824454472,8.127998471436172,0.18942054548499745,1910.8198638651293,6787.618946726832,-4876.799082861703,67641.59912109375,23932.04375124248,SPY|short|straddle,100000.0,123932.04375124248,0.23932043751242493,122021.22388737735,0.01565973363477136,122021.22388737735,0.5543429000804427,54379.624766283596
SPY,straddle,short,2024-09-03,2024-09-04,552.0800170898438,550.2000122070312,553.0,552.0,11.54097931971171,10.981406035139969,0.19727864820824087,335.7439707430449,6924.587591827026,-6588.843621083981,66249.60205078125,24267.78772198552,SPY|short|straddle,100000.0,124267.78772198551,0.24267787721985523,123932.04375124248,0.00270909734545291,123932.04375124248,0.5345639436379993,57682.44170046123
SPY,straddle,short,2024-09-04,2024-09-05,550.9500122070312,550.8900146484375,552.0,551.0,11.520325773146624,10.878724528417706,0.1973133949272937,384.9607468373506,6912.195463887974,-6527.234717050624,66114.00146484375,24652.748468822872,SPY|short|straddle,100000.0,124652.74846882287,0.24652748468822883,124267.78772198551,0.003097832140526979,124267.78772198551,0.532028473965879,58153.786257141765
SPY,straddle,short,2024-09-05,2024-09-06,549.6099853515625,549.9400024414062,551.0,550.0,10.774656265267083,10.170838210415013,0.1853567563651971,362.2908329112415,6464.7937591602495,-6102.502926249008,65953.1982421875,25015.039301734116,SPY|short|straddle,100000.0,125015.03930173411,0.2501503930173412,124652.74846882287,0.0029064006799806325,124652.74846882287,0.5290954194939647,58699.55022663537
SPY,straddle,short,2024-09-06,2024-09-09,540.3599853515625,544.6500244140625,541.0,540.0,10.942555447541906,9.155254548909141,0.1915411779707349,1072.3805391796586,6565.533268525143,-5493.152729345485,64843.1982421875,26087.419840913775,SPY|short|straddle,100000.0,126087.41984091378,0.26087419840913784,125015.03930173411,0.008578012254920624,125015.03930173411,0.5186831808746073,60171.84105954661
SPY,straddle,short,2024-09-09,2024-09-10,546.4099731445312,548.3599853515625,547.0,546.0,11.070721648168046,10.614119123179421,0.19153945761139593,273.9615149931751,6642.432988900828,-6368.471473907653,65569.19677734375,26361.38135590695,SPY|short|straddle,100000.0,126361.38135590695,0.26361381355906954,126087.41984091378,0.0021727902382238933,126087.41984091378,0.5200296497467654,60518.223063570025
SPY,straddle,short,2024-09-10,2024-09-11,548.7899780273438,548.7000122070312,550.0,549.0,11.150465532220664,10.53028782563689,0.19192851242556203,372.1066239502643,6690.279319332399,-6318.172695382134,65854.79736328125,26733.487979857215,SPY|short|straddle,100000.0,126733.48797985722,0.2673348797985722,126361.38135590695,0.002944781229497612,126361.38135590695,0.5211623730022066,60506.5839926257
SPY,straddle,short,2024-09-11,2024-09-12,554.4199829101562,555.010009765625,555.0,554.0,11.351071567259737,10.74350789481332,0.19335115429549027,364.5382034678505,6810.642940355842,-6446.104736887992,66530.39794921875,27098.026183325062,SPY|short|straddle,100000.0,127098.02618332507,0.27098026183325064,126733.48797985722,0.002876415770437799,126733.48797985722,0.5249630465453059,60203.09003063847
SPY,straddle,short,2024-09-12,2024-09-13,559.0900268554688,559.7100219726562,560.0,559.0,11.198793339298959,10.59021067956013,0.18926468562420956,365.1495958432979,6719.276003579375,-6354.126407736077,67090.80322265625,27463.175779168363,SPY|short|straddle,100000.0,127463.17577916836,0.2746317577916837,127098.02618332507,0.0028729761335286935,127098.02618332507,0.527866602160171,60007.22296066882
SPY,straddle,short,2024-09-13,2024-09-16,562.010009765625,561.739990234375,563.0,562.0,10.960138253981086,8.462904063928818,0.18442136410388185,1498.3405140313607,6576.082952388651,-5077.742438357291,67441.201171875,28961.516293199722,SPY|short|straddle,100000.0,128961.51629319972,0.2896151629319972,127463.17577916836,0.011755085379539384,127463.17577916836,0.529103411707847,60021.97460729336
SPY,straddle,short,2024-09-16,2024-09-17,562.8400268554688,565.0999755859375,564.0,563.0,10.36130797670927,9.92224885540665,0.17446497290394533,263.43547278157257,6216.784786025562,-5953.34931324399,67540.80322265625,29224.951765981295,SPY|short|straddle,100000.0,129224.9517659813,0.292249517659813,128961.51629319972,0.0020427448463202027,128961.51629319972,0.5237283583817303,61420.71307054347
SPY,straddle,short,2024-09-17,2024-09-18,563.0700073242188,563.739990234375,564.0,563.0,8.661157801269951,8.191774065386426,0.14710376128216565,281.6302415301152,5196.694680761971,-4915.064439231855,67568.40087890625,29506.58200751141,SPY|short|straddle,100000.0,129506.5820075114,0.29506582007511395,129224.9517659813,0.002179379738056554,129224.9517659813,0.5228742588449063,61656.55088707505
SPY,straddle,short,2024-09-18,2024-09-19,561.4000244140625,571.010009765625,562.0,561.0,8.613605092223224,11.554031289804414,0.14675524107830307,-1764.255718548713,5168.163055333935,-6932.418773882648,67368.0029296875,27742.326288962697,SPY|short|straddle,100000.0,127742.3262889627,0.27742326288962693,129506.5820075114,-0.013622903880255182,129506.5820075114,0.5201897995098052,62138.5790778239
SPY,straddle,short,2024-09-19,2024-09-20,570.97998046875,567.8400268554688,572.0,571.0,8.96895432858139,8.816130290513115,0.14993465109669546,91.69442284096476,5381.372597148834,-5289.678174307869,68517.59765625,27834.020711803663,SPY|short|straddle,100000.0,127834.02071180366,0.27834020711803653,127742.3262889627,0.0007178076797626585,127742.3262889627,0.5363734922226019,59224.72863271269
SPY,straddle,short,2024-09-20,2024-09-23,568.25,569.3400268554688,569.0,568.0,8.267922127471763,6.416442475889596,0.1394959037418881,1110.8877909492999,4960.753276483058,-3849.8654855337577,68190.0,28944.90850275296,SPY|short|straddle,100000.0,128944.90850275297,0.28944908502752975,127834.02071180366,0.008690079407372698,127834.02071180366,0.533426075627641,59644.02071180366
SPY,straddle,short,2024-09-23,2024-09-24,569.6699829101562,570.47998046875,571.0,570.0,8.289618416142275,7.826476411949784,0.13935377312463365,277.8852025154947,4973.771049685365,-4695.88584716987,68360.39794921875,29222.793705268457,SPY|short|straddle,100000.0,129222.79370526846,0.29222793705268457,128944.90850275297,0.002155069213217999,128944.90850275297,0.5301519753124588,60584.510553534215
SPY,straddle,short,2024-09-24,2024-09-25,571.2999877929688,571.1400146484375,572.0,571.0,8.301128130314453,7.828386208450468,0.13927142824212346,283.6451531183902,4980.676878188671,-4697.031725070281,68555.99853515625,29506.438858386846,SPY|short|straddle,100000.0,129506.43885838684,0.2950643885838684,129222.79370526846,0.0021950086744396543,129222.79370526846,0.5305255873938066,60666.79517011221
SPY,straddle,short,2024-09-25,2024-09-26,570.0399780273438,574.3800048828125,571.0,570.0,7.90545480820839,8.203688337705614,0.13329101659316664,-178.94011769833378,4743.272884925034,-4922.213002623368,68404.79736328125,29327.498740688512,SPY|short|straddle,100000.0,129327.49874068852,0.2932749874068852,129506.43885838684,-0.0013817082708451418,129506.43885838684,0.5281961110681205,61101.64149510559
SPY,straddle,short,2024-09-26,2024-09-27,572.2999877929688,573.3900146484375,573.0,572.0,7.945097481537573,7.56551548019479,0.13338888692969625,227.74920080566972,4767.058488922544,-4539.309288116874,68675.99853515625,29555.247941494184,SPY|short|straddle,100000.0,129555.24794149419,0.295552479414942,129327.49874068852,0.0017610268738153221,129327.49874068852,0.5310239446666858,60651.50020553227
SPY,straddle,short,2024-09-27,2024-09-30,571.469970703125,570.4199829101562,572.0,571.0,7.438594056108229,5.729716331675178,0.12549643548072612,1025.3266346598302,4463.156433664937,-3437.829799005107,68576.396484375,30580.574576154013,SPY|short|straddle,100000.0,130580.57457615402,0.3058057457615402,129555.24794149419,0.007914203792986118,129555.24794149419,0.5293216413382451,60978.85145711919
SPY,straddle,short,2024-09-30,2024-10-01,573.760009765625,573.4000244140625,575.0,574.0,7.487497896519471,7.076626799249482,0.1257397958463871,246.5226583619933,4492.498737911683,-4245.9760795496895,68851.201171875,30827.097234516008,SPY|short|straddle,100000.0,130827.09723451601,0.3082709723451602,130580.57457615402,0.0018878968725797908,130580.57457615402,0.5272698592065184,61729.37340427902
SPY,straddle,short,2024-10-01,2024-10-02,568.6199951171875,567.7100219726562,570.0,569.0,7.468093884025109,7.112164581740274,0.12648281621119706,213.55758137090015,4480.856330415065,-4267.298749044165,68234.3994140625,31040.65481588691,SPY|short|straddle,100000.0,131040.65481588691,0.31040654815886914,130827.09723451601,0.0016323650519286872,130827.09723451601,0.5215616707580688,62592.69782045351
SPY,straddle,short,2024-10-02,2024-10-03,568.8599853515625,567.3599853515625,570.0,569.0,7.453227574257767,7.1466347779223725,0.12631807730344122,183.95567780123656,4471.93654455466,-4287.9808667534235,68263.1982421875,31224.610493688142,SPY|short|straddle,100000.0,131224.61049368815,0.31224610493688143,131040.65481588691,0.00140380615511801,131040.65481588691,0.5209314493894875,62777.45657369941
SPY,straddle,short,2024-10-03,2024-10-04,567.8200073242188,572.3499755859375,569.0,568.0,7.433230084981631,7.784613394389169,0.1262140523231377,-210.82998564452282,4459.938050988978,-4670.768036633501,68138.40087890625,31013.78050804362,SPY|short|straddle,100000.0,131013.78050804362,0.3101378050804362,131224.61049368815,-0.001606634493722987,131224.61049368815,0.5192501667374634,63086.209614781896
SPY,straddle,short,2024-10-04,2024-10-07,572.97998046875,571.2999877929688,574.0,573.0,7.492682019182041,5.928988478519727,0.12606941370394875,938.2161243973887,4495.609211509225,-3557.3930871118364,68757.59765625,31951.99663244101,SPY|short|straddle,100000.0,131951.996632441,0.31951996632441015,131013.78050804362,0.007161201827465674,131013.78050804362,0.5248119502362472,62256.18285179362
SPY,straddle,short,2024-10-07,2024-10-08,567.7999877929688,570.4199829101562,569.0,568.0,7.417490660301496,7.234955318243493,0.1259585367919534,109.52120523480153,4450.494396180898,-4340.973190946096,68135.99853515625,32061.517837675812,SPY|short|straddle,100000.0,132061.5178376758,0.3206151783767581,131951.996632441,0.0008300079425086565,131951.996632441,0.5163695910184105,63815.998097284755
SPY,straddle,short,2024-10-08,2024-10-09,573.1699829101562,573.1599731445312,574.0,573.0,7.639287931384672,7.204693190578553,0.12836308104032615,260.75684448367247,4583.572758830804,-4322.815914347131,68780.39794921875,32322.274682159485,SPY|short|straddle,100000.0,132322.27468215948,0.3232227468215947,132061.5178376758,0.001974510430844686,132061.5178376758,0.5208208952570164,63281.11988845706
SPY,straddle,short,2024-10-09,2024-10-10,577.1400146484375,575.77001953125,578.0,577.0,7.774232331139729,7.395463671820579,0.12959909236507997,227.26119559148992,4664.539398683837,-4437.278203092347,69256.8017578125,32549.535877750972,SPY|short|straddle,100000.0,132549.53587775098,0.3254953587775098,132322.27468215948,0.0017174825337410158,132322.27468215948,0.5233948851330481,63065.47292434698
SPY,straddle,short,2024-10-10,2024-10-11,576.1300048828125,576.0499877929688,577.0,576.0,7.676662195745166,7.239847590660304,0.12829142428194665,262.0887630509169,4605.9973174471,-4343.908554396183,69135.6005859375,32811.62464080189,SPY|short|straddle,100000.0,132811.6246408019,0.32811624640801895,132549.53587775098,0.0019772891795912326,132549.53587775098,0.5215831208168131,63413.93529181348
SPY,straddle,short,2024-10-11,2024-10-14,579.5800170898438,581.219970703125,581.0,580.0,7.785722564882576,6.028332147672387,0.129039721439749,1054.4342503261132,4671.433538929546,-3616.9992886034324,69549.60205078125,33866.05889112801,SPY|short|straddle,100000.0,133866.058891128,0.3386605889112799,132811.6246408019,0.007939321977107823,132811.6246408019,0.52367104339611,63262.02259002064
SPY,straddle,short,2024-10-14,2024-10-15,584.3200073242188,584.5900268554688,585.0,584.0,7.797177010599796,7.363504821268009,0.12834387634469863,260.2033135990714,4678.306206359877,-4418.102892760806,70118.40087890625,34126.26220472708,SPY|short|straddle,100000.0,134126.26220472707,0.34126262204727076,133866.058891128,0.0019437586775501647,133866.058891128,0.5237952133627306,63747.65801222174
SPY,straddle,short,2024-10-15,2024-10-16,579.780029296875,579.780029296875,581.0,580.0,6.799131523641904,6.411614575227816,0.11368381275469894,232.510169048453,4079.4789141851425,-3846.9687451366894,69573.603515625,34358.77237377553,SPY|short|straddle,100000.0,134358.77237377554,0.34358772373775537,134126.26220472707,0.0017335170996829474,134126.26220472707,0.5187172323450686,64552.65868910207
SPY,straddle,short,2024-10-16,2024-10-17,582.2999877929688,585.9099731445312,583.0,582.0,6.808178869507458,7.093110398171234,0.11339337528854461,-170.95891719826568,4084.9073217044747,-4255.86623890274,69875.99853515625,34187.81345657726,SPY|short|straddle,100000.0,134187.81345657725,0.34187813456577243,134358.77237377554,-0.001272406067559708,134358.77237377554,0.5200702365809559,64482.773838619294
SPY,straddle,short,2024-10-17,2024-10-18,582.3499755859375,584.0700073242188,583.0,582.0,6.771606682775769,6.568988204160917,0.11280038397610875,121.57108716891116,4062.964009665461,-3941.39292249655,69881.9970703125,34309.38454374617,SPY|short|straddle,100000.0,134309.3845437462,0.3430938454374619,134187.81345657725,0.0009059771080348602,134187.81345657725,0.5207775227139094,64305.81638626475
SPY,straddle,short,2024-10-18,2024-10-21,584.5900268554688,583.8499755859375,586.0,585.0,5.8304053626786185,4.561676087991998,0.09759841131935737,761.2375648119723,3498.243217607171,-2737.005652795199,70150.80322265625,35070.62210855815,SPY|short|straddle,100000.0,135070.62210855813,0.35070622108558136,134309.3845437462,0.005667791326703817,134309.3845437462,0.5223075324256831,64158.581321089936
SPY,straddle,short,2024-10-21,2024-10-22,583.6300048828125,581.0499877929688,585.0,584.0,5.64493294492911,5.79917415349766,0.09490404784700501,-92.54472514112967,3386.959766957466,-3479.5044920985956,70035.6005859375,34978.07738341702,SPY|short|straddle,100000.0,134978.07738341702,0.3497807738341703,135070.62210855813,-0.0006851580580324136,135070.62210855813,0.5185109796092366,65035.021522620635
SPY,straddle,short,2024-10-22,2024-10-23,583.3200073242188,581.260009765625,584.0,583.0,5.638547188920427,5.482634969939028,0.09499681378597054,93.54733138883921,3383.128313352256,-3289.580981963417,69998.40087890625,35071.624714805854,SPY|short|straddle,100000.0,135071.62471480586,0.3507162471480587,134978.07738341702,0.0006930557406230483,134978.07738341702,0.5185908870228584,64979.676504510775
SPY,straddle,short,2024-10-23,2024-10-24,577.989990234375,579.97998046875,579.0,578.0,5.7148066241402375,5.583106520967306,0.09709670301627003,79.02006190375914,3428.8839744841425,-3349.8639125803834,69358.798828125,35150.64477670961,SPY|short|straddle,100000.0,135150.6447767096,0.35150644776709616,135071.62471480586,0.0005850234056975652,135071.62471480586,0.5134964429025799,65712.82588668086
SPY,straddle,short,2024-10-24,2024-10-25,579.239990234375,581.510009765625,580.0,579.0,5.584729693830695,5.587337385677301,0.09484673047038317,-1.5646151079636184,3350.8378162984172,-3352.402431406381,69508.798828125,35149.080161601654,SPY|short|straddle,100000.0,135149.08016160165,0.35149080161601653,135150.6447767096,-1.1576823111340768e-05,135150.6447767096,0.5143060837257907,65641.84594858461
SPY,straddle,short,2024-10-25,2024-10-28,579.0399780273438,582.5800170898438,580.0,579.0,5.538082009229015,4.973106562999703,0.094160162866418,338.98526773758704,3322.849205537409,-2983.863937799822,69484.79736328125,35488.065429339236,SPY|short|straddle,100000.0,135488.06542933924,0.35488065429339244,135149.08016160165,0.0025082321487667736,135149.08016160165,0.5141344453117718,65664.2827983204
SPY,straddle,short,2024-10-28,2024-10-29,580.8300170898438,579.8499755859375,582.0,581.0,5.572341109006743,5.328179324110636,0.09434718091373138,146.49707093766438,3343.4046654040458,-3196.9075944663814,69699.60205078125,35634.5625002769,SPY|short|straddle,100000.0,135634.5625002769,0.356345625002769,135488.06542933924,0.0010812544298528391,135488.06542933924,0.5144335172984775,65788.463378558
SPY,straddle,short,2024-10-29,2024-10-30,581.77001953125,581.2899780273438,583.0,582.0,5.58359443635851,5.289582618031261,0.09434093590869048,176.40709099634932,3350.156661815106,-3173.7495708187566,69812.40234375,35810.96959127325,SPY|short|straddle,100000.0,135810.96959127326,0.35810969591273256,135634.5625002769,0.001300605743436443,135634.5625002769,0.5147095331516809,65822.1601565269
SPY,straddle,short,2024-10-30,2024-10-31,580.010009765625,575.5599975585938,581.0,580.0,5.561391245068705,6.327952200869049,0.0943633729435685,-459.93657348020633,3336.834747041223,-3796.7713205214295,69601.201171875,35351.033017793045,SPY|short|straddle,100000.0,135351.03301779303,0.3535103301779303,135810.96959127326,-0.0033865936961086263,135810.96959127326,0.5124858572274513,66209.76841939826
SPY,straddle,short,2024-10-31,2024-11-01,568.6400146484375,571.3200073242188,570.0,569.0,5.846781239995778,5.771303452402719,0.10062647729671799,45.28667255583514,3508.0687439974668,-3462.7820714416316,68236.8017578125,35396.31969034888,SPY|short|straddle,100000.0,135396.31969034887,0.35396319690348865,135351.03301779303,0.00033458682616690355,135351.03301779303,0.5041468855937155,67114.23125998053
SPY,straddle,short,2024-11-01,2024-11-04,571.0399780273438,571.1799926757812,572.0,571.0,5.847332877864801,4.4656241350646155,0.10039004707385006,829.0252456801113,3508.3997267188806,-2679.3744810387693,68524.79736328125,36225.34493602899,SPY|short|straddle,100000.0,136225.344936029,0.36225344936029,135396.31969034887,0.006122952585240799,135396.31969034887,0.5061053174857141,66871.52232706762
SPY,straddle,short,2024-11-04,2024-11-05,569.8099975585938,570.739990234375,571.0,570.0,5.836043018157341,5.52160344243805,0.10035620697425919,188.66374543157463,3501.6258108944044,-3312.9620654628297,68377.19970703125,36414.00868146057,SPY|short|straddle,100000.0,136414.00868146057,0.36414008681460586,136225.344936029,0.001384938650881527,136225.344936029,0.5019418357071584,67848.14522899775
SPY,straddle,short,2024-11-05,2024-11-06,576.7000122070312,589.2000122070312,578.0,577.0,6.27298431944871,12.083067200795817,0.10597234689510296,-3486.0497288082643,3763.790591669226,-7249.84032047749,69204.00146484375,32927.958952652305,SPY|short|straddle,100000.0,132927.9589526523,0.3292795895265228,136414.00868146057,-0.025554924765450706,136414.00868146057,0.5073086124639995,67210.00721661682
SPY,straddle,short,2024-11-06,2024-11-07,591.0399780273438,593.0800170898438,592.0,591.0,7.790385241557146,7.520840894627327,0.12679303379238718,161.72660815789186,4674.231144934288,-4512.504536776396,70924.79736328125,33089.68556081019,SPY|short|straddle,100000.0,133089.6855608102,0.330896855608102,132927.9589526523,0.0012166485473195099,132927.9589526523,0.533558161293547,62003.16158937104
SPY,straddle,short,2024-11-07,2024-11-08,595.6099853515625,596.1699829101562,597.0,596.0,7.941016005143922,7.487961168574316,0.1279585618120766,271.83290194176425,4764.609603086354,-4492.776701144589,71473.1982421875,33361.518462751956,SPY|short|straddle,100000.0,133361.51846275196,0.3336151846275197,133089.6855608102,0.002042479105697193,133089.6855608102,0.5370303336506913,61616.487318622705
SPY,straddle,short,2024-11-08,2024-11-11,598.1900024414062,599.8099975585938,599.0,598.0,7.96734810209,6.248866479003539,0.12796189876168612,1031.0889738518767,4780.408861254,-3749.319887402123,71782.80029296875,34392.60743660384,SPY|short|straddle,100000.0,134392.60743660384,0.3439260743660384,133361.51846275196,0.007731532946963716,133361.51846275196,0.5382572208265444,61578.71816978321
SPY,straddle,short,2024-11-11,2024-11-12,598.760009765625,598.6799926757812,600.0,599.0,7.9668086199095,7.518336987149496,0.127754118268068,269.08297965600286,4780.0851719457005,-4511.002192289698,71851.201171875,34661.69041625984,SPY|short|straddle,100000.0,134661.69041625984,0.3466169041625984,134392.60743660384,0.0020022156336458883,134392.60743660384,0.5346365588283486,62541.40626472884
SPY,straddle,short,2024-11-12,2024-11-13,596.9000244140625,597.3699951171875,598.0,597.0,7.735142865477599,7.30134470202313,0.12468375656936113,260.27889807268093,4641.085719286559,-4380.806821213878,71628.0029296875,34921.96931433252,SPY|short|straddle,100000.0,134921.96931433253,0.34921969314332535,134661.69041625984,0.0019328355174223577,134661.69041625984,0.5319107662192151,63033.68748657234
SPY,straddle,short,2024-11-13,2024-11-14,597.1900024414062,597.3200073242188,598.0,597.0,7.736873130337074,7.299653382773101,0.12467858217488638,262.3318485383843,4642.123878202245,-4379.79202966386,71662.80029296875,35184.30116287091,SPY|short|straddle,100000.0,135184.3011628709,0.351843011628709,134921.96931433253,0.0019443227064616913,134921.96931433253,0.5311425608235333,63259.16902136378
SPY,straddle,short,2024-11-14,2024-11-15,593.3499755859375,589.719970703125,594.0,593.0,7.804644354924619,7.791743643782695,0.12649580459298307,7.7404266851535795,4682.786612954771,-4675.0461862696175,71201.9970703125,35192.04158955606,SPY|short|straddle,100000.0,135192.04158955606,0.35192041589556067,135184.3011628709,5.725832525352086e-05,135184.3011628709,0.5267031486483619,63982.30409255839
SPY,straddle,short,2024-11-15,2024-11-18,585.75,586.219970703125,587.0,586.0,7.99202038611503,6.138784475363593,0.13097211808367357,1111.9415464508625,4795.212231669018,-3683.270685218156,70290.0,36303.98313600692,SPY|short|straddle,100000.0,136303.98313600692,0.3630398313600691,135192.04158955606,0.008224903872867935,135192.04158955606,0.5199270546812282,64902.04158955606
SPY,straddle,short,2024-11-18,2024-11-19,588.1500244140625,584.7100219726562,589.0,588.0,7.822819224218506,7.8153343878428245,0.12792140186993967,4.4909018254084,4693.691534531104,-4689.200632705695,70578.0029296875,36308.474037832326,SPY|short|straddle,100000.0,136308.47403783232,0.3630847403783233,136303.98313600692,3.294769325212812e-05,136303.98313600692,0.5177985360799274,65725.98020631942
SPY,straddle,short,2024-11-19,2024-11-20,590.2999877929688,590.3800048828125,591.0,590.0,7.7139305194529015,7.277250735065081,0.1257679581538133,262.0078706326922,4628.358311671741,-4366.350441039049,70835.99853515625,36570.48190846502,SPY|short|straddle,100000.0,136570.48190846504,0.36570481908465036,136308.47403783232,0.0019221686141095826,136308.47403783232,0.5196742098036823,65472.47550267607
SPY,straddle,short,2024-11-20,2024-11-21,590.5,593.4000244140625,591.0,590.0,7.63926712080621,7.662815243236224,0.12451526761044135,-14.128873458008457,4583.560272483726,-4597.689145941735,70860.0,36556.353035007014,SPY|short|straddle,100000.0,136556.35303500702,0.36556353035007016,136570.48190846504,-0.00010345481146854405,136570.48190846504,0.5188529688830796,65710.48190846504
SPY,straddle,short,2024-11-21,2024-11-22,593.6699829101562,593.6599731445312,595.0,594.0,7.7157398611942085,7.279865810879983,0.12497061472064844,261.5244301885359,4629.443916716526,-4367.91948652799,71240.39794921875,36817.87746519555,SPY|short|straddle,100000.0,136817.87746519555,0.36817877465195537,136556.35303500702,0.0019151392401457338,136556.35303500702,0.5216923004011088,65315.95508578827
SPY,straddle,short,2024-11-22,2024-11-25,595.510009765625,599.52001953125,597.0,596.0,7.700589402863557,6.456073541669838,0.12425253152944667,746.7095167162315,4620.353641718134,-3873.6441250019025,71461.201171875,37564.58698191178,SPY|short|straddle,100000.0,137564.5869819118,0.37564586981911785,136817.87746519555,0.005457689671484514,136817.87746519555,0.5223089445314167,65356.67629332055
SPY,straddle,short,2024-11-25,2024-11-26,597.530029296875,598.7999877929688,599.0,598.0,7.618157371686436,7.204479483889315,0.12259705914359492,248.2067326782726,4570.894423011861,-4322.687690333589,71703.603515625,37812.79371459005,SPY|short|straddle,100000.0,137812.79371459005,0.37812793714590054,137564.5869819118,0.0018042923554948704,137564.5869819118,0.5212359160795738,65860.9834662868
SPY,straddle,short,2024-11-26,2024-11-27,600.6500244140625,600.4600219726562,602.0,601.0,7.5160609636454865,7.098069112428448,0.1204971567874419,250.7951107302233,4509.636578187292,-4258.841467457069,72078.0029296875,38063.58882532027,SPY|short|straddle,100000.0,138063.58882532027,0.3806358882532028,137812.79371459005,0.0018198245893601094,137812.79371459005,0.5230138725651325,65734.79078490255
SPY,straddle,short,2024-11-27,2024-11-29,598.8300170898438,599.6599731445312,600.0,599.0,7.5006401394956015,6.46097063988077,0.1207121415887204,623.8016997688992,4500.384083697361,-3876.582383928462,71859.60205078125,38687.39052508918,SPY|short|straddle,100000.0,138687.39052508917,0.3868739052508916,138063.58882532027,0.004518220227913535,138063.58882532027,0.5204819218606499,66203.98677453902
SPY,straddle,short,2024-11-29,2024-12-02,602.5499877929688,602.969970703125,604.0,603.0,7.620901490960591,5.847057284379559,0.12163380647293942,1064.306523948619,4572.540894576355,-3508.2343706277356,72305.99853515625,39751.69704903779,SPY|short|straddle,100000.0,139751.6970490378,0.3975169704903778,138687.39052508917,0.007674140525097566,138687.39052508917,0.5213595717779099,66381.39198993292
SPY,straddle,short,2024-12-02,2024-12-03,603.6300048828125,603.3900146484375,605.0,604.0,7.615311322972957,7.194739168320382,0.12138294140018276,252.34329279154554,4569.186793783774,-4316.843500992229,72435.6005859375,40004.040341829335,SPY|short|straddle,100000.0,140004.04034182933,0.4000404034182934,139751.6970490378,0.0018056545868133554,139751.6970490378,0.5183164291773888,67316.09646310029
SPY,straddle,short,2024-12-03,2024-12-04,603.9099731445312,605.6300048828125,605.0,604.0,7.594291042198336,7.271664223598663,0.12112721054038818,193.57609115980358,4556.574625319001,-4362.998534159197,72469.19677734375,40197.61643298914,SPY|short|straddle,100000.0,140197.61643298913,0.40197616432989136,140004.04034182933,0.0013826464628247475,140004.04034182933,0.5176221814770867,67534.84356448558
SPY,straddle,short,2024-12-04,2024-12-05,607.6599731445312,607.6599731445312,609.0,608.0,7.701765151081645,7.266392681532807,0.12188619068174118,261.2234817293029,4621.059090648987,-4359.835608919684,72919.19677734375,40458.83991471845,SPY|short|straddle,100000.0,140458.83991471844,0.40458839914718436,140197.61643298913,0.0018632519466132366,140197.61643298913,0.5201172361742488,67278.41965564538
SPY,straddle,short,2024-12-05,2024-12-06,606.6599731445312,607.4400024414062,608.0,607.0,7.436436839670364,7.018024903974435,0.11812197370492254,251.04716141755762,4461.862103802218,-4210.814942384661,72799.19677734375,40709.887076136,SPY|short|straddle,100000.0,140709.88707613602,0.4070988707613601,140458.83991471844,0.0017873361446668963,140458.83991471844,0.5182955862482191,67659.64313737469
SPY,straddle,short,2024-12-06,2024-12-09,607.8099975585938,607.6900024414062,609.0,608.0,7.446278580633077,5.724693018892026,0.11811378336892879,1032.9513370446302,4467.767148379846,-3434.8158113352156,72937.19970703125,41742.83841318063,SPY|short|straddle,100000.0,141742.83841318064,0.4174283841318063,140709.88707613602,0.0073410003981149935,140709.88707613602,0.5183516327290209,67772.68736910477
SPY,straddle,short,2024-12-09,2024-12-10,604.6799926757812,605.3699951171875,606.0,605.0,7.50995355649286,7.0856773044175725,0.11962067801336217,254.56575124517258,4505.972133895716,-4251.4063826505435,72561.59912109375,41997.4041644258,SPY|short|straddle,100000.0,141997.4041644258,0.4199740416442579,141742.83841318064,0.0017959690527934325,141742.83841318064,0.5119242702730177,69181.23929208689
SPY,straddle,short,2024-12-10,2024-12-11,602.7999877929688,605.780029296875,604.0,603.0,7.522051477788182,7.41245740405293,0.12022927054911198,65.75644424115126,4513.230886672909,-4447.474442431758,72335.99853515625,42063.160608666956,SPY|short|straddle,100000.0,142063.16060866695,0.4206316060866695,141997.4041644258,0.00046308201637974047,141997.4041644258,0.5094177528160644,69661.40562926955
SPY,straddle,short,2024-12-11,2024-12-12,607.4600219726562,606.5800170898438,608.0,607.0,7.681566278967409,7.243205689283968,0.12168037452345089,263.0163538100642,4608.939767380445,-4345.923413570381,72895.20263671875,42326.176962477024,SPY|short|straddle,100000.0,142326.17696247704,0.42326176962477047,142063.16060866695,0.0018514043520021343,142063.16060866695,0.5131182660191468,69167.9579719482
SPY,straddle,short,2024-12-12,2024-12-13,604.3300170898438,606.4000244140625,605.0,604.0,7.6924859930310845,7.484242693435135,0.12251690497249403,124.94597975756915,4615.49159581865,-4490.545616061081,72519.60205078125,42451.12294223459,SPY|short|straddle,100000.0,142451.1229422346,0.42451122942234587,142326.17696247704,0.0008778847463211914,142326.17696247704,0.509531019510911,69806.57491169579
SPY,straddle,short,2024-12-13,2024-12-16,604.2100219726562,606.0,605.0,604.0,6.522735142638737,5.181940652692873,0.10501033254623492,804.4766939675187,3913.6410855832423,-3109.1643916157236,72505.20263671875,43255.59963620211,SPY|short|straddle,100000.0,143255.5996362021,0.4325559963620209,142451.1229422346,0.00564738752037597,142451.1229422346,0.5089830191519119,69945.92030551584
SPY,straddle,short,2024-12-16,2024-12-17,606.7899780273438,604.1900024414062,608.0,607.0,6.556962002340583,6.559690886790662,0.10501934638487108,-1.6373306700470494,3934.17720140435,-3935.814532074397,72814.79736328125,43253.96230553206,SPY|short|straddle,100000.0,143253.96230553207,0.4325396230553207,143255.5996362021,-1.1429435737276966e-05,143255.5996362021,0.5082858718835046,70440.80227292085
SPY,straddle,short,2024-12-17,2024-12-18,604.2899780273438,603.97998046875,605.0,604.0,6.580941013328186,6.19956091279937,0.10585381510561855,228.82806031728933,3948.5646079969115,-3719.736547679622,72514.79736328125,43482.79036584935,SPY|short|straddle,100000.0,143482.79036584936,0.43482790365849366,143253.96230553207,0.0015973593793464841,143253.96230553207,0.5061974984581695,70739.16494225082
SPY,straddle,short,2024-12-18,2024-12-19,586.280029296875,591.3599853515625,587.0,586.0,8.397792921841415,8.979170208271086,0.13720768907144376,-348.82637185780277,5038.675753104849,-5387.502124962652,70353.603515625,43133.96399399155,SPY|short|straddle,100000.0,143133.96399399155,0.4313396399399154,143482.79036584936,-0.002431137357786064,143482.79036584936,0.49032781796505964,73129.18685022436
SPY,straddle,short,2024-12-19,2024-12-20,586.0999755859375,581.77001953125,587.0,586.0,7.074848768672325,7.4626805457738214,0.11680252172177706,-232.6990662608987,4244.909261203395,-4477.608327464293,70331.9970703125,42901.26492773065,SPY|short|straddle,100000.0,142901.26492773066,0.42901264927730653,143133.96399399155,-0.001625743183292729,143133.96399399155,0.49137182474220364,72801.96692367905
SPY,straddle,short,2024-12-20,2024-12-23,591.1500244140625,590.8900146484375,592.0,591.0,7.175619889686402,5.5056875876148865,0.11734972709726268,1001.9593812429089,4305.371933811841,-3303.412552568932,70938.0029296875,43903.22430897356,SPY|short|straddle,100000.0,143903.22430897356,0.43903224308973554,142901.26492773066,0.0070115501199351105,142901.26492773066,0.4964127012141069,71963.26199804316
SPY,straddle,short,2024-12-23,2024-12-24,594.6900024414062,596.0599975585938,596.0,595.0,7.27197439437515,6.901660941941373,0.11800318678855834,222.18807146026666,4363.18463662509,-4140.996565164824,71362.80029296875,44125.41238043382,SPY|short|straddle,100000.0,144125.41238043382,0.44125412380433815,143903.22430897356,0.0015440103759121358,143903.22430897356,0.49590827888433,72540.4240160048
SPY,straddle,short,2024-12-24,2024-12-26,601.2999877929688,599.5,602.0,601.0,7.64373916416713,6.680033608773499,0.12240666364648789,578.2233332361789,4586.243498500278,-4008.0201652640994,72155.99853515625,44703.63571367,SPY|short|straddle,100000.0,144703.63571367,0.4470363571367,144125.41238043382,0.004011945733136215,144125.41238043382,0.5006472997606632,71969.41384527757
SPY,straddle,short,2024-12-26,2024-12-27,601.3400268554688,597.5399780273438,602.0,601.0,7.619171574324696,7.6753932302108865,0.1220188434171038,-33.73299353171478,4571.502944594818,-4605.235938126532,72160.80322265625,44669.902720138285,SPY|short|straddle,100000.0,144669.90272013829,0.4466990272013829,144703.63571367,-0.0002331178022262233,144703.63571367,0.4986799596759496,72542.83249101375
SPY,straddle,short,2024-12-27,2024-12-30,595.010009765625,587.8900146484375,596.0,595.0,7.79297013443869,8.431037077588513,0.12598292348246817,-382.8401658898947,4675.7820806632135,-5058.622246553108,71401.201171875,44287.06255424839,SPY|short|straddle,100000.0,144287.06255424838,0.4428706255424837,144669.90272013829,-0.0026463013985050725,144669.90272013829,0.493545649989131,73268.70154826329
SPY,straddle,short,2024-12-30,2024-12-31,588.219970703125,589.9099731445312,589.0,588.0,7.892983291605617,7.586877677635584,0.12898364384603614,183.66336838202005,4735.789974963371,-4552.126606581351,70586.396484375,44470.725922630416,SPY|short|straddle,100000.0,144470.7259226304,0.44470725922630394,144287.06255424838,0.001272902539775298,144287.06255424838,0.4892080775283387,73700.66606987338
SPY,straddle,short,2024-12-31,2025-01-02,586.0800170898438,589.3900146484375,587.0,586.0,7.528071824109929,6.958849440143041,0.12381379722200979,341.5334303801328,4516.843094465958,-4175.309664085825,70329.60205078125,44812.259353010544,SPY|short|straddle,100000.0,144812.25935301054,0.4481225935301054,144470.7259226304,0.0023640320777721918,144470.7259226304,0.48680867076452183,74141.12387184915
SPY,straddle,short,2025-01-02,2025-01-03,584.6400146484375,587.530029296875,586.0,585.0,7.491211060105854,7.32441549299395,0.12339719886291427,100.07734026714297,4494.726636063513,-4394.64929579637,70156.8017578125,44912.33669327769,SPY|short|straddle,100000.0,144912.3366932777,0.449123366932777,144812.25935301054,0.0006910833427657756,144812.25935301054,0.4844672824749626,74655.45759519804
SPY,straddle,short,2025-01-03,2025-01-06,591.9500122070312,596.27001953125,593.0,592.0,7.902575520206426,6.868075119680583,0.12830045009300745,620.7002403155057,4741.545312123855,-4120.8450718083495,71034.00146484375,45533.0369335932,SPY|short|straddle,100000.0,145533.0369335932,0.45533036933593185,144912.3366932777,0.004283280875038841,144912.3366932777,0.4901860192565574,73878.33522843395
SPY,straddle,short,2025-01-06,2025-01-07,595.3599853515625,597.4199829101562,596.0,595.0,8.019811621468705,7.788494028985326,0.12934261465062907,138.79055549002624,4811.886972881222,-4673.096417391196,71443.1982421875,45671.827489083225,SPY|short|straddle,100000.0,145671.82748908323,0.4567182748908323,145533.0369335932,0.0009536704408453763,145533.0369335932,0.4909070802582583,74089.83869140569
SPY,straddle,short,2025-01-07,2025-01-08,588.6300048828125,588.7000122070312,590.0,589.0,8.148039531687118,7.687036178067558,0.13267212298259234,276.6020121717356,4888.823719012271,-4612.221706840535,70635.6005859375,45948.429501254956,SPY|short|straddle,100000.0,145948.42950125496,0.4594842950125495,145671.82748908323,0.0018988023761318188,145671.82748908323,0.4848954104816938,75036.22690314573
SPY,straddle,short,2025-01-08,2025-01-10,589.489990234375,585.8800048828125,590.0,589.0,8.137076709727637,7.42262605878949,0.13239466603209346,428.6703905628892,4882.246025836583,-4453.5756352736935,70738.798828125,46377.099891817845,SPY|short|straddle,100000.0,146377.09989181784,0.4637709989181784,145948.42950125496,0.0029371360283065137,145948.42950125496,0.4846835219115307,75209.63067312996
SPY,straddle,short,2025-01-10,2025-01-13,580.489990234375,575.77001953125,581.0,580.0,8.417158822252077,7.3296540225723845,0.13882729937983296,652.5028798078156,5050.295293351246,-4397.7924135434305,69658.798828125,47029.602771625665,SPY|short|straddle,100000.0,147029.60277162568,0.4702960277162569,146377.09989181784,0.004457684161593975,146377.09989181784,0.4758859061943936,76718.30106369284
SPY,straddle,short,2025-01-13,2025-01-14,581.3900146484375,584.3599853515625,582.0,581.0,8.36406152595066,8.307603226871578,0.1378150740179289,33.87497944744973,5018.436915570396,-4984.5619361229465,69766.8017578125,47063.477751073115,SPY|short|straddle,100000.0,147063.4777510731,0.47063477751073113,147029.60277162568,0.000230395640121984,147029.60277162568,0.4745085373465782,77262.80101381318
SPY,straddle,short,2025-01-14,2025-01-15,582.1900024414062,590.3300170898438,583.0,582.0,8.377629269100112,10.389377783803312,0.13786596102551027,-1207.0491088219196,5026.577561460067,-6233.626670281987,69862.80029296875,45856.428642251194,SPY|short|straddle,100000.0,145856.42864225118,0.4585642864225119,147063.4777510731,-0.008207674177711413,147063.4777510731,0.47505200721026036,77200.67745810436
SPY,straddle,short,2025-01-15,2025-01-16,592.780029296875,594.1699829101562,594.0,593.0,9.150470290982923,8.684206255371578,0.14713987829712502,279.75842136680785,5490.2821745897545,-5210.523753222947,71133.603515625,46136.187063618,SPY|short|straddle,100000.0,146136.187063618,0.46136187063618017,145856.42864225118,0.0019180397050100842,145856.42864225118,0.4876960458842557,74722.82512662618
SPY,straddle,short,2025-01-16,2025-01-17,591.6400146484375,596.9600219726562,593.0,592.0,9.1284795211306,9.46214078520049,0.14702138850204127,-200.19675844193353,5477.08771267836,-5677.284471120293,70996.8017578125,45935.99030517606,SPY|short|straddle,100000.0,145935.99030517606,0.45935990305176055,146136.187063618,-0.0013699328172205637,146136.187063618,0.4858262911082058,75139.38530580551
SPY,straddle,short,2025-01-17,2025-01-21,597.5800170898438,600.6699829101562,599.0,598.0,9.437591417985459,6.5774110481356445,0.1502166875696994,1716.108221909889,5662.554850791275,-3946.4466288813865,71709.60205078125,47652.09852708595,SPY|short|straddle,100000.0,147652.09852708597,0.4765209852708596,145935.99030517606,0.01175932145539442,145935.99030517606,0.49137708868679153,74226.38825439481
SPY,straddle,short,2025-01-21,2025-01-22,603.0499877929688,605.9199829101562,604.0,603.0,9.606676222636736,9.355278745262439,0.15155493369015965,150.83848642457906,5764.005733582042,-5613.167247157463,72365.99853515625,47802.937013510535,SPY|short|straddle,100000.0,147802.93701351053,0.47802937013510527,147652.09852708597,0.0010215803766372381,147652.09852708597,0.4901115477331404,75286.09999192972
SPY,straddle,short,2025-01-22,2025-01-23,606.4400024414062,605.7999877929688,607.0,606.0,9.723851966231337,9.170662471992955,0.1524308021082426,331.9136965430289,5834.311179738802,-5502.397483195773,72772.80029296875,48134.850710053564,SPY|short|straddle,100000.0,148134.85071005358,0.4813485071005359,147802.93701351053,0.00224565021000015,147802.93701351053,0.49236369563019344,75030.13672054178
SPY,straddle,short,2025-01-23,2025-01-24,609.75,609.8099975585938,611.0,610.0,9.831890701784914,9.280761324033676,0.153161819122573,330.67762665074224,5899.1344210709485,-5568.456794420206,73170.0,48465.52833670431,SPY|short|straddle,100000.0,148465.5283367043,0.484655283367043,148134.85071005358,0.0022322743437193063,148134.85071005358,0.4939418350865771,74964.85071005358
SPY,straddle,short,2025-01-24,2025-01-27,607.969970703125,594.8099975585938,609.0,608.0,9.76185205790324,13.72185720909011,0.1526289483345779,-2376.003090712122,5857.111234741944,-8233.114325454066,72956.396484375,46089.52524599218,SPY|short|straddle,100000.0,146089.52524599218,0.4608952524599217,148465.5283367043,-0.016003735798680453,148465.5283367043,0.4914029357637654,75509.1318523293
SPY,straddle,short,2025-01-27,2025-01-28,599.3699951171875,600.6199951171875,600.0,599.0,9.974237653054843,9.497329804063213,0.15803190394427608,286.1447093949773,5984.542591832906,-5698.397882437928,71924.3994140625,46375.66995538716,SPY|short|straddle,100000.0,146375.66995538716,0.46375669955387155,146089.52524599218,0.0019586942247444084,146089.52524599218,0.4923309819301071,74165.12583192968
SPY,straddle,short,2025-01-28,2025-01-29,604.52001953125,603.719970703125,606.0,605.0,10.102178443395246,9.58087172382568,0.15842173324945436,312.78403174173945,6061.307066037148,-5748.523034295408,72542.40234375,46688.4539871289,SPY|short|straddle,100000.0,146688.45398712892,0.4668845398712891,146375.66995538716,0.0021368580709968453,146375.66995538716,0.49559057434790704,73833.26761163716
SPY,straddle,short,2025-01-29,2025-01-30,601.8099975585938,603.9600219726562,603.0,602.0,10.034361065669998,9.599858102174068,0.15824893530043768,260.7017780975575,6020.616639401998,-5759.914861304441,72217.19970703125,46949.15576522646,SPY|short|straddle,100000.0,146949.15576522646,0.4694915576522647,146688.45398712892,0.0017772481133411673,146688.45398712892,0.4923168643754873,74471.25428009767
SPY,straddle,short,2025-01-30,2025-01-31,605.0399780273438,607.5,606.0,605.0,10.140498036816211,9.77629131673217,0.15904675726446182,218.52403205042447,6084.298822089727,-5865.774790039302,72604.79736328125,47167.67979727688,SPY|short|straddle,100000.0,147167.67979727688,0.47167679797276874,146949.15576522646,0.0014870723884902728,146949.15576522646,0.4940810784872995,74344.35840194521
SPY,straddle,short,2025-01-31,2025-02-03,601.8200073242188,592.6699829101562,603.0,602.0,10.102071842030455,11.01914266494498,0.15926862458608715,-550.2424937487149,6061.243105218273,-6611.485598966988,72218.40087890625,46617.43730352817,SPY|short|straddle,100000.0,146617.43730352816,0.46617437303528164,147167.67979727688,-0.0037388813529347785,147167.67979727688,0.49072188253825105,74949.27891837063
SPY,straddle,short,2025-02-03,2025-02-04,597.77001953125,597.8300170898438,599.0,598.0,10.080397859560719,9.51595334163602,0.16000024698016801,338.6667107548201,6048.238715736432,-5709.572004981612,71732.40234375,46956.10401428299,SPY|short|straddle,100000.0,146956.104014283,0.46956104014282984,146617.43730352816,0.0023098665273606615,146617.43730352816,0.48924878011098516,74885.03495977816
SPY,straddle,short,2025-02-04,2025-02-05,601.780029296875,600.6400146484375,603.0,602.0,8.402338813591427,7.995967569562822,0.1336798519576193,243.82274641716322,5041.403288154856,-4797.580541737693,72213.603515625,47199.92676070015,SPY|short|straddle,100000.0,147199.92676070015,0.4719992676070015,146956.104014283,0.0016591535823069013,146956.104014283,0.49139574024503535,74742.50049865799
SPY,straddle,short,2025-02-05,2025-02-06,604.219970703125,605.989990234375,605.0,604.0,8.451390277202677,8.120756377563367,0.13394199116414046,198.38033978358544,5070.834166321606,-4872.453826538021,72506.396484375,47398.30710048374,SPY|short|straddle,100000.0,147398.30710048374,0.4739830710048374,147199.92676070015,0.0013476931962479045,147199.92676070015,0.4925708733690278,74693.53027632515
SPY,straddle,short,2025-02-06,2025-02-07,606.3200073242188,606.8900146484375,607.0,606.0,8.369680619283258,7.922170344661367,0.1322422509069132,268.5061647731345,5021.808371569955,-4753.30220679682,72758.40087890625,47666.813265256875,SPY|short|straddle,100000.0,147666.81326525687,0.4766681326525688,147398.30710048374,0.0018216366934939738,147398.30710048374,0.49361761549476757,74639.90622157749
SPY,straddle,short,2025-02-07,2025-02-10,600.77001953125,604.030029296875,602.0,601.0,8.436880129316933,6.85923988286973,0.13442121091609036,946.5841478683215,5062.12807759016,-4115.543929721838,72092.40234375,48613.39741312519,SPY|short|straddle,100000.0,148613.3974131252,0.48613397413125203,147666.81326525687,0.006410270032495069,147666.81326525687,0.4882099149403933,75574.41092150687
SPY,straddle,short,2025-02-10,2025-02-11,604.8499755859375,602.5499877929688,606.0,605.0,8.334136136648851,8.089346801577989,0.1320050159282762,146.8736010425182,5000.481681989311,-4853.608080946793,72581.9970703125,48760.27101416771,SPY|short|straddle,100000.0,148760.2710141677,0.4876027101416769,148613.3974131252,0.0009882931391052812,148613.3974131252,0.4883947095869448,76031.4003428127
SPY,straddle,short,2025-02-11,2025-02-12,605.3099975585938,599.2000122070312,606.0,605.0,8.339589165837594,9.113118799075863,0.1320144062617112,-464.11777994296153,5003.753499502556,-5467.871279445518,72637.19970703125,48296.15323422475,SPY|short|straddle,100000.0,148296.15323422477,0.4829615323422476,148760.2710141677,-0.003119904103285478,148760.2710141677,0.48828359354167483,76123.07130713644
SPY,straddle,short,2025-02-12,2025-02-13,603.3599853515625,604.47998046875,604.0,603.0,8.075201971563104,7.697610933395595,0.12845797671482584,226.55462290050582,4845.121182937863,-4618.566560037357,72403.1982421875,48522.70785712526,SPY|short|straddle,100000.0,148522.70785712526,0.4852270785712527,148296.15323422477,0.0015277174623853967,148296.15323422477,0.4882338257812463,75892.95499203727
SPY,straddle,short,2025-02-13,2025-02-14,609.72998046875,609.9400024414062,611.0,610.0,8.036498664326245,7.579957195209033,0.12648259846938875,273.9248814703278,4821.899198595747,-4547.9743171254195,73167.59765625,48796.63273859558,SPY|short|straddle,100000.0,148796.6327385956,0.487966327385956,148522.70785712526,0.0018443299709687221,148522.70785712526,0.4926357639980225,75355.11020087526
SPY,straddle,short,2025-02-14,2025-02-18,609.7000122070312,610.8800048828125,611.0,610.0,7.985254954783159,5.3310912076023556,0.12571351247598594,1592.4982483084818,4791.152972869895,-3198.6547245614133,73164.00146484375,50389.13098690406,SPY|short|straddle,100000.0,150389.13098690406,0.5038913098690405,148796.6327385956,0.010702515366098146,148796.6327385956,0.49170468523556926,75632.63127375185
SPY,straddle,short,2025-02-18,2025-02-19,611.489990234375,610.0800170898438,612.0,611.0,7.978900756843814,7.549457715519736,0.12527629551756816,257.66582479444696,4787.340454106288,-4529.674629311841,73378.798828125,50646.796811698514,SPY|short|straddle,100000.0,150646.79681169853,0.5064679681169852,150389.13098690406,0.001713327439978921,150389.13098690406,0.48792621080119714,77010.33215877906
SPY,straddle,short,2025-02-19,2025-02-20,612.9299926757812,611.5399780273438,614.0,613.0,7.7036489028814685,7.3537645473175814,0.12096762591587633,209.93061333833248,4622.189341728881,-4412.258728390549,73551.59912109375,50856.72742503684,SPY|short|straddle,100000.0,150856.72742503684,0.5085672742503684,150646.79681169853,0.0013935285567388198,150646.79681169853,0.4882387191612831,77095.19769060478
SPY,straddle,short,2025-02-20,2025-02-21,610.3800048828125,610.1599731445312,611.0,610.0,7.680936761740668,7.238899695601333,0.12111580232367296,265.2222396836005,4608.562057044401,-4343.3398173608,73245.6005859375,51121.94966472044,SPY|short|straddle,100000.0,151121.94966472045,0.5112194966472046,150856.72742503684,0.0017581068090940376,150856.72742503684,0.4855308863990466,77611.12683909934
SPY,straddle,short,2025-02-21,2025-02-24,599.9400024414062,602.02001953125,601.0,600.0,7.950021645207926,6.272551563310657,0.12730753311222018,1006.4820491383616,4770.012987124755,-3763.530937986394,71992.80029296875,52128.43171385881,SPY|short|straddle,100000.0,152128.4317138588,0.5212843171385879,151121.94966472045,0.006660065274246033,151121.94966472045,0.4763887737862843,79129.1493717517
SPY,straddle,short,2025-02-24,2025-02-25,597.2100219726562,597.1500244140625,598.0,597.0,7.966743405209115,7.513724939244582,0.12816130856197497,271.8110795787197,4780.046043125469,-4508.234963546749,71665.20263671875,52400.24279343752,SPY|short|straddle,100000.0,152400.24279343753,0.5240024279343753,152128.4317138588,0.0017867211047700423,152128.4317138588,0.4710835563697598,80463.22907714004
SPY,straddle,short,2025-02-25,2025-02-26,594.239990234375,595.9299926757812,595.0,594.0,7.410277758610448,7.140569774353679,0.1203109457170102,161.82479055406202,4446.166655166269,-4284.341864612207,71308.798828125,52562.067583991586,SPY|short|straddle,100000.0,152562.0675839916,0.525620675839916,152400.24279343753,0.0010618407660504744,152400.24279343753,0.46790475868714043,81091.44396531253
SPY,straddle,short,2025-02-26,2025-02-27,594.5399780273438,596.8499755859375,596.0,595.0,7.426225716808688,7.1391555731754295,0.12029102439368441,172.24208617995555,4455.735430085213,-4283.4933439052575,71344.79736328125,52734.30967017154,SPY|short|straddle,100000.0,152734.30967017153,0.5273430967017152,152562.0675839916,0.0011289968004997658,152562.0675839916,0.4676444052778916,81217.27022071034
SPY,straddle,short,2025-02-27,2025-02-28,585.0499877929688,585.5599975585938,586.0,585.0,7.8989971067445595,7.462887080627127,0.12977395011294127,261.6660156704593,4739.398264046736,-4477.732248376276,70205.99853515625,52995.975685842,SPY|short|straddle,100000.0,152995.975685842,0.5299597568584198,152734.30967017153,0.0017132104517676799,152734.30967017153,0.4596609542856842,82528.31113501528
SPY,straddle,short,2025-02-28,2025-03-03,594.1799926757812,596.1799926757812,595.0,594.0,7.8418005376775,6.2178880112941215,0.1269114670198297,974.3475158300271,4705.0803226065,-3730.732806776473,71301.59912109375,53970.32320167203,SPY|short|straddle,100000.0,153970.32320167203,0.5397032320167203,152995.975685842,0.006368451924714198,152995.975685842,0.46603578166985665,81694.37656474824
SPY,straddle,short,2025-03-03,2025-03-04,583.77001953125,579.7100219726562,585.0,584.0,8.344107654922368,8.56471410387175,0.13688952971689258,-132.36386936962936,5006.464592953421,-5138.82846232305,70052.40234375,53837.9593323024,SPY|short|straddle,100000.0,153837.9593323024,0.5383795933230238,153970.32320167203,-0.00085967130949162,153970.32320167203,0.4549734058296065,83917.92085792203
SPY,straddle,short,2025-03-04,2025-03-05,576.8599853515625,576.6900024414062,578.0,577.0,8.250665066252566,7.787700401216512,0.1370944299767934,277.77879902163204,4950.399039751539,-4672.620240729907,69223.1982421875,54115.73813132403,SPY|short|straddle,100000.0,154115.73813132403,0.5411573813132404,153837.9593323024,0.0018056583708420588,153837.9593323024,0.449974756182639,84614.76109011489
SPY,straddle,short,2025-03-05,2025-03-06,583.0599975585938,575.47998046875,584.0,583.0,8.412408862854818,9.994690038721856,0.13819578587748296,-949.3687055202226,5047.445317712891,-5996.814023233113,69967.19970703125,53166.36942580381,SPY|short|straddle,100000.0,153166.3694258038,0.5316636942580379,154115.73813132403,-0.0061601022519274,154115.73813132403,0.4539912701674328,84148.53842429278
SPY,straddle,short,2025-03-06,2025-03-07,572.7100219726562,570.9000244140625,574.0,573.0,8.68481567745988,8.354742516028836,0.14489006885500655,198.0438968586268,5210.889406475928,-5012.845509617301,68725.20263671875,53364.41332266244,SPY|short|straddle,100000.0,153364.41332266244,0.5336441332266244,153166.3694258038,0.0012929985714296268,153166.3694258038,0.44869642660042497,84441.16678908505
SPY,straddle,short,2025-03-07,2025-03-10,575.9199829101562,567.5900268554688,577.0,576.0,8.734996732778598,9.748231467094726,0.14495502641699295,-607.9408405896775,5240.998039667158,-5848.938880256836,69110.39794921875,52756.47248207276,SPY|short|straddle,100000.0,152756.47248207277,0.5275647248207278,153364.41332266244,-0.003964028078082459,153364.41332266244,0.4506286461893726,84254.01537344369
SPY,straddle,short,2025-03-10,2025-03-11,560.5800170898438,559.4000244140625,562.0,561.0,9.56656336968939,9.110076122050032,0.16219439926678444,273.8923485836149,5739.938021813634,-5466.045673230019,67269.60205078125,53030.36483065638,SPY|short|straddle,100000.0,153030.36483065638,0.5303036483065637,152756.47248207277,0.0017929999569462327,152756.47248207277,0.4403715335772492,85486.87043129152
SPY,straddle,short,2025-03-11,2025-03-12,555.9199829101562,562.1699829101562,557.0,556.0,9.30326888507085,10.053666899431647,0.15942438042010565,-450.2388086164783,5581.96133104251,-6032.2001396589885,66710.39794921875,52580.1260220399,SPY|short|straddle,100000.0,152580.1260220399,0.5258012602203992,153030.36483065638,-0.0029421534027884804,153030.36483065638,0.4359291570861807,86319.96688143763
SPY,straddle,short,2025-03-12,2025-03-13,558.8699951171875,558.489990234375,560.0,559.0,9.251482046874344,8.740009896109541,0.15772795938984885,306.8832904588817,5550.889228124606,-5244.005937665725,67064.3994140625,52887.009312498776,SPY|short|straddle,100000.0,152887.0093124988,0.5288700931249879,152580.1260220399,0.0020112926791956702,152580.1260220399,0.43953561425408166,85515.72660797741
SPY,straddle,short,2025-03-13,2025-03-14,551.4199829101562,556.1099853515625,552.0,551.0,9.303054252412267,9.65325233166368,0.16074374985126338,-210.11884755084793,5581.83255144736,-5791.951398998208,66170.39794921875,52676.89046494793,SPY|short|straddle,100000.0,152676.89046494794,0.5267689046494795,152887.0093124988,-0.0013743407533165105,152887.0093124988,0.43280588878527565,86716.61136328004
SPY,straddle,short,2025-03-14,2025-03-17,562.8099975585938,562.7899780273438,564.0,563.0,10.268886946407804,7.922394375868635,0.1729755431622509,1407.895542323502,6161.332167844683,-4753.436625521181,67537.19970703125,54084.78600727143,SPY|short|straddle,100000.0,154084.78600727144,0.5408478600727145,152676.89046494794,0.009221405662874247,152676.89046494794,0.4423537805974419,85139.69075791669
SPY,straddle,short,2025-03-17,2025-03-18,567.1500244140625,564.7999877929688,568.0,567.0,10.483785224206201,10.038754588751914,0.17516401738239915,267.0183812725718,6290.27113452372,-6023.2527532511485,68058.0029296875,54351.804388544006,SPY|short|straddle,100000.0,154351.804388544,0.5435180438854399,154084.78600727144,0.0017329315125243505,154084.78600727144,0.44169190673033587,86026.78307758394
SPY,straddle,short,2025-03-18,2025-03-19,561.02001953125,562.8300170898438,562.0,561.0,10.451576035173275,9.97348280676195,0.17653928166574087,286.8559370467947,6270.945621103965,-5984.08968405717,67322.40234375,54638.6603255908,SPY|short|straddle,100000.0,154638.6603255908,0.5463866032559082,154351.804388544,0.0018584553525833945,154351.804388544,0.43616206892069653,87029.402044794
SPY,straddle,short,2025-03-19,2025-03-20,567.1300048828125,563.3300170898438,568.0,567.0,10.706835367859469,10.49994758556835,0.1787307234764463,124.13266937467233,6424.101220715682,-6299.9685513410095,68055.6005859375,54762.79299496547,SPY|short|straddle,100000.0,154762.79299496548,0.5476279299496547,154638.6603255908,0.0008027272682866736,154638.6603255908,0.44009434925682117,86583.05973965331
SPY,straddle,short,2025-03-20,2025-03-21,565.489990234375,559.280029296875,566.0,565.0,10.619612146008933,10.980880500048158,0.17782803459127813,-216.76101242353434,6371.76728760536,-6588.528300028895,67858.798828125,54546.031982541936,SPY|short|straddle,100000.0,154546.03198254193,0.5454603198254193,154762.79299496548,-0.0014006015801910844,154762.79299496548,0.4384697220496175,86903.99416684048
SPY,straddle,short,2025-03-21,2025-03-24,563.97998046875,570.7999877929688,565.0,564.0,10.539297639652773,9.713551854297378,0.17701308382555758,495.4474712132369,6323.578583791664,-5828.131112578427,67677.59765625,55041.47945375517,SPY|short|straddle,100000.0,155041.47945375516,0.5504147945375517,154546.03198254193,0.0032058246003314043,154546.03198254193,0.437912230990797,86868.43432629193
SPY,straddle,short,2025-03-24,2025-03-25,574.0800170898438,575.2999877929688,575.0,574.0,11.247095265200755,10.672235142200464,0.18508457489542546,344.9160738001747,6748.257159120453,-6403.341085320279,68889.60205078125,55386.395527555345,SPY|short|straddle,100000.0,155386.39552755535,0.5538639552755535,155041.47945375516,0.0022246696497955835,155041.47945375516,0.4443301385764267,86151.87740297391
SPY,straddle,short,2025-03-25,2025-03-26,575.4600219726562,575.1900024414062,576.0,575.0,11.19512053703238,10.56391780704638,0.18381465907443847,378.7216379916008,6717.072322219428,-6338.3506842278275,69055.20263671875,55765.11716554695,SPY|short|straddle,100000.0,155765.11716554695,0.5576511716554695,155386.39552755535,0.0024372895497433715,155386.39552755535,0.44440957911577844,86331.1928908366
SPY,straddle,short,2025-03-26,2025-03-27,568.5900268554688,567.1799926757812,570.0,569.0,11.207641299080706,10.669673194499154,0.18606581205071052,322.7808627489303,6724.584779448423,-6401.803916699493,68230.80322265625,56087.89802829588,SPY|short|straddle,100000.0,156087.8980282959,0.560878980282959,155765.11716554695,0.0020722281639340293,155765.11716554695,0.43803647738498885,87534.3139428907
SPY,straddle,short,2025-03-27,2025-03-28,567.0800170898438,565.530029296875,568.0,567.0,11.164079853537942,10.597978171257665,0.18604284939472415,339.66100936816656,6698.447912122765,-6358.7869027545985,68049.60205078125,56427.55903766405,SPY|short|straddle,100000.0,156427.55903766403,0.5642755903766403,156087.8980282959,0.0021760880482008427,156087.8980282959,0.43596975108502706,88038.29597751464
SPY,straddle,short,2025-03-28,2025-03-31,555.6599731445312,549.8300170898438,557.0,556.0,11.14358142354871,9.95619854349303,0.18938366120597608,712.4297280334067,6686.148854129226,-5973.719126095819,66679.19677734375,57139.98876569745,SPY|short|straddle,100000.0,157139.98876569746,0.5713998876569746,156427.55903766403,0.0045543747688466495,156427.55903766403,0.4262624641562615,89748.36226032028
SPY,straddle,short,2025-03-31,2025-04-01,559.3900146484375,557.4500122070312,560.0,559.0,11.331766571718504,10.756680456754538,0.19132303417351162,345.051668978379,6799.059943031102,-6454.008274052723,67126.8017578125,57485.04043467583,SPY|short|straddle,100000.0,157485.04043467582,0.5748504043467582,157139.98876569746,0.0021958234290882254,157139.98876569746,0.42717835405920435,90013.18700788496
SPY,straddle,short,2025-04-01,2025-04-02,560.969970703125,555.0499877929688,562.0,561.0,11.365292875115017,11.703663985320674,0.19129402812960786,-203.02266612339372,6819.17572506901,-7022.1983911924035,67316.396484375,57282.01776855244,SPY|short|straddle,100000.0,157282.01776855244,0.5728201776855244,157485.04043467582,-0.0012891552465112185,157485.04043467582,0.4274462913974206,90168.64395030082
SPY,straddle,short,2025-04-02,2025-04-03,564.52001953125,545.1099853515625,566.0,565.0,11.532383523323745,20.470725521419077,0.1925727212843023,-5363.005198857198,6919.430113994247,-12282.435312851445,67742.40234375,51919.01256969524,SPY|short|straddle,100000.0,151919.01256969525,0.5191901256969524,157282.01776855244,-0.03409801880052875,157282.01776855244,0.43070659510126574,89539.61542480244
SPY,straddle,short,2025-04-03,2025-04-04,536.7000122070312,523.6699829101562,538.0,537.0,13.584155587898437,16.81903936816633,0.2372622071885668,-1940.930268160736,8150.493352739061,-10091.423620899797,64404.00146484375,49978.0823015345,SPY|short|straddle,100000.0,149978.0823015345,0.4997808230153451,151919.01256969525,-0.01277608533211275,151919.01256969525,0.423936414379322,87515.0111048515
SPY,straddle,short,2025-04-04,2025-04-07,505.2799987792969,489.19000244140625,506.0,505.0,15.44915316786927,17.918607892643323,0.2856286619290675,-1481.672834864432,9269.491900721561,-10751.164735585993,60633.599853515625,48496.40946667007,SPY|short|straddle,100000.0,148496.40946667007,0.48496409466670065,149978.0823015345,-0.009879262437063926,149978.0823015345,0.40428307205322395,89344.48244801888
SPY,straddle,short,2025-04-07,2025-04-08,504.3800048828125,521.8599853515625,505.0,504.0,15.431846552511985,20.921520547491994,0.28584036469060664,-3293.8043969880055,9259.107931507191,-12552.912328495197,60525.6005859375,45202.60506968207,SPY|short|straddle,100000.0,145202.60506968206,0.45202605069682056,148496.40946667007,-0.022181037297924013,148496.40946667007,0.4075896569036064,87970.80888073257
SPY,straddle,short,2025-04-08,2025-04-09,496.4800109863281,493.44000244140625,497.0,496.0,15.26427348207477,14.531593373721677,0.2873386308697524,439.60806501185834,9158.564089244863,-8718.956024233004,59577.601318359375,45642.21313469393,SPY|short|straddle,100000.0,145642.2131346939,0.4564221313469392,145202.60506968206,0.0030275494355000896,145202.60506968206,0.41030669725084035,85625.00375132269
SPY,straddle,short,2025-04-09,2025-04-10,548.6199951171875,532.1699829101562,550.0,549.0,24.995532010546867,27.015188041035856,0.4203638356914984,-1211.7936182933918,14997.31920632812,-16209.112824621512,65834.3994140625,44430.419516400536,SPY|short|straddle,100000.0,144430.41951640055,0.44430419516400543,145642.2131346939,-0.008320346087934628,145642.2131346939,0.45202828216553564,79807.81372063141
SPY,straddle,short,2025-04-10,2025-04-11,524.5800170898438,523.010009765625,526.0,525.0,24.8028882518945,23.47174265035636,0.43626430305120517,798.6873609228824,14881.7329511367,-14083.045590213818,62949.60205078125,45229.106877323415,SPY|short|straddle,100000.0,145229.10687732341,0.4522910687732342,144430.41951640055,0.005529910967489704,144430.41951640055,0.43584725614975534,81480.8174656193
SPY,straddle,short,2025-04-11,2025-04-14,533.9400024414062,544.0499877929688,535.0,534.0,25.29416283247292,21.32802894226674,0.4371481332025511,2379.6803341237064,15176.497699483753,-12796.817365360046,64072.80029296875,47608.787211447125,SPY|short|straddle,100000.0,147608.78721144714,0.47608787211447146,145229.10687732341,0.016385698330664857,145229.10687732341,0.4411842892285479,81156.30658435466
SPY,straddle,short,2025-04-14,2025-04-15,539.1199951171875,539.6699829101562,540.0,539.0,25.510397006244432,24.13645378480237,0.4366575877355891,824.3659328652357,15306.238203746658,-14481.872270881422,64694.3994140625,48433.15314431236,SPY|short|straddle,100000.0,148433.15314431235,0.4843315314431236,147608.78721144714,0.00558480256113984,147608.78721144714,0.4382828464093323,82914.38779738464
SPY,straddle,short,2025-04-15,2025-04-16,537.6099853515625,531.6799926757812,539.0,538.0,25.400363167576415,24.419141617110625,0.43577712315630324,588.7329302794733,15240.21790054585,-14651.484970266376,64513.1982421875,49021.88607459183,SPY|short|straddle,100000.0,149021.88607459184,0.49021886074591836,148433.15314431235,0.003966316943406065,148433.15314431235,0.43462795794323195,83919.95490212485
SPY,straddle,short,2025-04-16,2025-04-17,525.6599731445312,527.6400146484375,527.0,526.0,24.938397584763692,23.65153243743805,0.4377518996760937,772.1190883953859,14963.038550858215,-14190.919462462829,63079.19677734375,49794.00516298722,SPY|short|straddle,100000.0,149794.00516298722,0.4979400516298722,149021.88607459184,0.005181246250023351,149021.88607459184,0.423288138668235,85942.68929724809
SPY,straddle,short,2025-04-17,2025-04-21,526.4099731445312,521.1599731445312,527.0,526.0,24.841143464550186,17.22981912792926,0.4357860081786048,4566.794601972555,14904.686078730112,-10337.891476757557,63169.19677734375,54360.799764959775,SPY|short|straddle,100000.0,154360.79976495978,0.5436079976495978,149794.00516298722,0.030487165337514922,149794.00516298722,0.421707108429412,86624.80838564347
SPY,straddle,short,2025-04-21,2025-04-22,513.8800048828125,520.1400146484375,515.0,514.0,24.449291163139662,23.738349010411042,0.4392908916157253,426.56529163716914,14669.574697883796,-14243.009406246627,61665.6005859375,54787.365056596944,SPY|short|straddle,100000.0,154787.36505659693,0.5478736505659694,154360.79976495978,0.0027634301732479124,154360.79976495978,0.39949003036932773,92695.19917902228
SPY,straddle,short,2025-04-22,2025-04-23,527.25,540.4299926757812,528.0,527.0,25.225581319060325,26.400151137889736,0.44164537925921526,-704.7418912976464,15135.348791436194,-15840.09068273384,63270.0,54082.623165299294,SPY|short|straddle,100000.0,154082.6231652993,0.540826231652993,154787.36505659693,-0.004552967815169942,154787.36505659693,0.40875429320000223,91517.36505659693
SPY,straddle,short,2025-04-23,2025-04-24,535.4199829101562,536.719970703125,536.0,535.0,25.762946357099793,24.420345041982813,0.4440485692272883,805.5607890701867,15457.767814259874,-14652.207025189688,64250.39794921875,54888.18395436948,SPY|short|straddle,100000.0,154888.18395436948,0.5488818395436947,154082.6231652993,0.0052281092606139236,154082.6231652993,0.416986657089107,89832.22521608055
SPY,straddle,short,2025-04-24,2025-04-25,546.6900024414062,546.6500244140625,548.0,547.0,26.590764035722657,25.142907981107214,0.4483018136102936,868.7136327692679,15954.458421433596,-15085.744788664328,65602.80029296875,55756.89758713875,SPY|short|straddle,100000.0,155756.89758713875,0.5575689758713875,154888.18395436948,0.005608650128051043,154888.18395436948,0.42354941880069774,89285.38366140073
SPY,straddle,short,2025-04-25,2025-04-28,550.6400146484375,551.3900146484375,552.0,551.0,26.721781733927514,20.781921392170887,0.4472135464982948,3563.9162050539762,16033.06904035651,-12469.152835302533,66076.8017578125,59320.81379219273,SPY|short|straddle,100000.0,159320.81379219273,0.5932081379219272,155756.89758713875,0.0228812737044928,155756.89758713875,0.42423034088006023,89680.09582932625
SPY,straddle,short,2025-04-28,2025-04-29,550.8499755859375,548.9099731445312,552.0,551.0,26.46807111542182,25.042113819611927,0.4429850754115558,855.5743774859366,15880.842669253092,-15025.268291767155,66101.9970703125,60176.38816967866,SPY|short|straddle,100000.0,160176.38816967866,0.6017638816967865,159320.81379219273,0.005370135622090719,159320.81379219273,0.4148986908674184,93218.81672188023
SPY,straddle,short,2025-04-29,2025-04-30,554.3200073242188,547.5700073242188,555.0,554.0,26.613420653391017,25.54032268042866,0.44277269067384695,643.8587837774139,15968.05239203461,-15324.193608257196,66518.40087890625,60820.24695345607,SPY|short|straddle,100000.0,160820.24695345608,0.6082024695345607,160176.38816967866,0.0040196859920162455,160176.38816967866,0.41528218758711005,93657.9872907724
SPY,straddle,short,2025-04-30,2025-05-01,554.5399780273438,560.3699951171875,556.0,555.0,26.582685204000256,25.606358788463552,0.4417412779790846,585.7958493220194,15949.611122400152,-15363.815273078133,66544.79736328125,61406.042802778094,SPY|short|straddle,100000.0,161406.0428027781,0.614060428027781,160820.24695345608,0.0036425503655118626,160820.24695345608,0.41378370338245013,94275.44959017483
SPY,straddle,short,2025-05-01,2025-05-02,558.469970703125,564.72998046875,559.0,558.0,26.70722234841685,25.931102989619347,0.4410438276027747,465.6716152784993,16024.333409050108,-15558.66179377161,67016.396484375,61871.714418056596,SPY|short|straddle,100000.0,161871.7144180566,0.6187171441805659,161406.0428027781,0.002885094059628877,161406.0428027781,0.4152037638780493,94389.6463184031
SPY,straddle,short,2025-05-02,2025-05-05,566.760009765625,562.5700073242188,568.0,567.0,27.26062874082669,21.428409117133896,0.44317111159922556,3499.331774215674,16356.377244496012,-12857.045470280338,68011.201171875,65371.04619227227,SPY|short|straddle,100000.0,165371.04619227228,0.6537104619227228,161871.7144180566,0.021617932365738432,161871.7144180566,0.42015494440385337,93860.5132461816
SPY,straddle,short,2025-05-05,2025-05-06,563.510009765625,557.9299926757812,565.0,564.0,27.126114508097714,25.982663610491045,0.44342660236804204,686.0705385640031,16275.66870485863,-15589.598166294627,67621.201171875,66057.11673083628,SPY|short|straddle,100000.0,166057.11673083628,0.6605711673083627,165371.04619227228,0.004148673872246827,165371.04619227228,0.4089059283887805,97749.84502039728
SPY,straddle,short,2025-05-06,2025-05-07,558.7999877929688,560.1500244140625,560.0,559.0,26.722594494474208,25.311015651062917,0.440784469335663,846.9473060467735,16033.556696684524,-15186.60939063775,67055.99853515625,66904.06403688305,SPY|short|straddle,100000.0,166904.06403688306,0.6690406403688307,166057.11673083628,0.0051003372979165915,166057.11673083628,0.4038128558130274,99001.11819568003
SPY,straddle,short,2025-05-07,2025-05-08,561.1500244140625,565.239990234375,562.0,561.0,26.836823590884308,25.678107633920916,0.4409320005250154,695.2295741780326,16102.094154530583,-15406.86458035255,67338.0029296875,67599.29361106108,SPY|short|straddle,100000.0,167599.29361106106,0.6759929361106105,166904.06403688306,0.004165444252000948,166904.06403688306,0.4034533449994777,99566.06110719556
SPY,straddle,short,2025-05-08,2025-05-09,565.0599975585938,566.47998046875,566.0,565.0,26.98242852164907,25.56901010052519,0.440180657908677,848.0510526743274,16189.457112989443,-15341.406060315116,67807.19970703125,68447.3446637354,SPY|short|straddle,100000.0,168447.34466373542,0.6844734466373541,167599.29361106106,0.005059991807855439,167599.29361106106,0.40457926907727837,99792.09390402981
SPY,straddle,short,2025-05-09,2025-05-12,564.3400268554688,581.469970703125,565.0,564.0,26.93845943548274,25.466772030881202,0.4401319421939973,883.0124427609226,16163.075661289644,-15280.063218528721,67720.80322265625,69330.35710649633,SPY|short|straddle,100000.0,169330.35710649635,0.6933035710649635,168447.34466373542,0.005242068045202163,168447.34466373542,0.4020295087336908,100726.54144107917
SPY,straddle,short,2025-05-12,2025-05-13,582.989990234375,583.4099731445312,584.0,583.0,28.210766525135227,26.68699934339628,0.445695630995966,914.2603090433677,16926.459915081137,-16012.19960603777,69958.798828125,70244.6174155397,SPY|short|straddle,100000.0,170244.6174155397,0.7024461741553969,169330.35710649635,0.005399269951745068,169330.35710649635,0.4131497743439238,99371.55827837135
SPY,straddle,short,2025-05-13,2025-05-14,586.8400268554688,587.8099975585938,588.0,587.0,28.403688122340156,26.886791674920403,0.4456850092064455,910.1378684518495,17042.212873404093,-16132.075004952243,70420.80322265625,71154.75528399154,SPY|short|straddle,100000.0,171154.75528399154,0.7115475528399156,170244.6174155397,0.005346059583372023,170244.6174155397,0.4136448146890331,99823.81419288344
SPY,straddle,short,2025-05-14,2025-05-15,587.5900268554688,585.5599975585938,589.0,588.0,28.447643724206443,26.925592492780254,0.44567063534165324,913.2307388557165,17068.586234523867,-16155.355495668151,70510.80322265625,72067.98602284727,SPY|short|straddle,100000.0,172067.98602284727,0.7206798602284727,171154.75528399154,0.00533570181757686,171154.75528399154,0.4119710440160424,100643.9520613353
SPY,straddle,short,2025-05-15,2025-05-16,590.4600219726562,591.25,591.0,590.0,28.55961597235313,27.03839191351625,0.44555669194451203,912.7344353021272,17135.76958341188,-16223.035148109751,70855.20263671875,72980.72045814939,SPY|short|straddle,100000.0,172980.7204581494,0.7298072045814938,172067.98602284727,0.005304498857683694,172067.98602284727,0.4117860868512203,101212.78338612852
SPY,straddle,short,2025-05-16,2025-05-19,594.2000122070312,588.0999755859375,595.0,594.0,26.903839033886413,21.358216903776906,0.4174428763025024,3327.3732780657047,16142.30342033185,-12814.930142266145,71304.00146484375,76308.09373621509,SPY|short|straddle,100000.0,176308.0937362151,0.7630809373621508,172980.7204581494,0.019235515202231584,172980.7204581494,0.4122077956201766,101676.71899330564
SPY,straddle,short,2025-05-19,2025-05-20,594.8499755859375,593.0900268554688,596.0,595.0,23.916118347054066,22.631549200866004,0.3713902187420364,770.7414877128376,14349.671008232439,-13578.929520519601,71381.9970703125,77078.83522392793,SPY|short|straddle,100000.0,177078.83522392792,0.7707883522392791,176308.0937362151,0.004371560439340858,176308.0937362151,0.40487078929632864,104926.09666590259
SPY,straddle,short,2025-05-20,2025-05-21,592.8499755859375,588.4400024414062,594.0,593.0,23.85350033155737,22.764780198899103,0.3716863834486866,653.2320795949599,14312.100198934422,-13658.868119339462,71141.9970703125,77732.0673035229,SPY|short|straddle,100000.0,177732.0673035229,0.7773206730352289,177078.83522392792,0.0036889336818197653,177078.83522392792,0.40175324724916295,105936.83815361542
SPY,straddle,short,2025-05-21,2025-05-22,582.8599853515625,582.6599731445312,584.0,583.0,23.482782636391562,22.199195669891992,0.3723001648026911,770.1521798997419,14089.669581834936,-13319.517401935194,69943.1982421875,78502.21948342264,SPY|short|straddle,100000.0,178502.21948342264,0.7850221948342264,177732.0673035229,0.004333220175650747,177732.0673035229,0.3935316755346216,107788.8690613354
SPY,straddle,short,2025-05-22,2025-05-23,583.0900268554688,575.97998046875,584.0,583.0,15.064498390368271,15.23090269109639,0.24151108484478065,-99.84258043687078,9038.699034220963,-9138.541614657834,69970.80322265625,78402.37690298576,SPY|short|straddle,100000.0,178402.37690298576,0.7840237690298577,178502.21948342264,-0.0005593352325019301,178502.21948342264,0.39198842134931766,108531.41626076639
SPY,straddle,short,2025-05-23,2025-05-27,579.1099853515625,586.0700073242188,580.0,579.0,12.228233944784222,9.87772837411876,0.19882445546418473,1410.3033423992765,7336.940366870533,-5926.637024471256,69493.1982421875,79812.68024538504,SPY|short|straddle,100000.0,179812.68024538504,0.7981268024538504,178402.37690298576,0.007905182469436445,178402.37690298576,0.3895306746948642,108909.17866079826
SPY,straddle,short,2025-05-27,2025-05-28,591.1500244140625,591.5599975585938,592.0,591.0,12.621854200782309,11.930450965635089,0.200809858519013,414.84194108833253,7573.112520469385,-7158.270579381053,70938.0029296875,80227.52218647338,SPY|short|straddle,100000.0,180227.52218647336,0.8022752218647335,179812.68024538504,0.0023070783468785963,179812.68024538504,0.39451056973779886,108874.67731569754
SPY,straddle,short,2025-05-28,2025-05-29,587.72998046875,593.0599975585938,589.0,588.0,12.605288326296659,12.583343678582708,0.20161691108369362,13.166788628370341,7563.172995777995,-7550.006207149625,70527.59765625,80240.68897510174,SPY|short|straddle,100000.0,180240.68897510174,0.8024068897510175,180227.52218647336,7.305648143321447e-05,180227.52218647336,0.3913253469871169,109699.92453022336
SPY,straddle,short,2025-05-29,2025-05-30,590.0499877929688,588.9299926757812,591.0,590.0,12.604934664734515,11.927834697818128,0.2009114523954078,406.2599801498318,7562.960798840709,-7156.700818690877,70805.99853515625,80646.94895525157,SPY|short|straddle,100000.0,180646.94895525157,0.8064694895525157,180240.68897510174,0.0022539859476788404,180240.68897510174,0.39284136638501926,109434.6904399455
SPY,straddle,short,2025-05-30,2025-06-02,589.3900146484375,587.760009765625,590.0,589.0,11.637809351147553,9.042032133177287,0.18628367618775923,1557.4663307821593,6982.685610688532,-5425.219279906372,70726.8017578125,82204.41528603373,SPY|short|straddle,100000.0,182204.41528603373,0.8220441528603373,180646.94895525157,0.008621603297423874,180646.94895525157,0.39151949239581335,109920.14719743907
SPY,straddle,short,2025-06-02,2025-06-03,592.7100219726562,592.3400268554688,594.0,593.0,11.708272849072614,11.06535437148517,0.18621271844994877,385.7510865524664,7024.963709443568,-6639.212622891102,71125.20263671875,82590.1663725862,SPY|short|straddle,100000.0,182590.16637258622,0.8259016637258623,182204.41528603373,0.0021171335828876307,182204.41528603373,0.3903593802875896,111079.21264931498
SPY,straddle,short,2025-06-03,2025-06-04,596.0900268554688,596.9600219726562,597.0,596.0,10.4513168406163,9.897178490635156,0.16616245657485507,332.4830099886867,6270.79010436978,-5938.3070943810935,71530.80322265625,82922.64938257489,SPY|short|straddle,100000.0,182922.6493825749,0.829226493825749,182590.16637258622,0.0018209250618143101,182590.16637258622,0.3917560547959267,111059.36314992997
SPY,straddle,short,2025-06-04,2025-06-05,595.9299926757812,597.6300048828125,597.0,596.0,9.692066256623832,9.239270159466855,0.15464145222018696,271.6776582941866,5815.2397539743,-5543.562095680113,71511.59912109375,83194.32704086907,SPY|short|straddle,100000.0,183194.32704086907,0.8319432704086906,182922.6493825749,0.0014852051356745025,182922.6493825749,0.39093900816803884,111411.05026148114
SPY,straddle,short,2025-06-05,2025-06-06,593.0499877929688,598.6599731445312,594.0,593.0,9.52766455955907,10.053459617087185,0.15290287503313138,-315.477034516869,5716.5987357354425,-6032.0757702523115,71165.99853515625,82878.85000635221,SPY|short|straddle,100000.0,182878.8500063522,0.828788500063522,183194.32704086907,-0.0017220895407229985,183194.32704086907,0.38847272011474315,112028.32850571282
SPY,straddle,short,2025-06-06,2025-06-09,599.1400146484375,599.719970703125,600.0,599.0,9.127076167720588,7.038925339297066,0.14529876807480954,1252.8904970541134,5476.245700632353,-4223.3552035782395,71896.8017578125,84131.74050340631,SPY|short|straddle,100000.0,184131.74050340633,0.8413174050340633,182878.8500063522,0.006850931625010738,182878.8500063522,0.39313896470431214,110982.04824853971
SPY,straddle,short,2025-06-09,2025-06-10,599.6799926757812,600.219970703125,601.0,600.0,9.115855808501237,8.60318798336749,0.1448833345312555,307.60069508024753,5469.513485100742,-5161.912790020495,71961.59912109375,84439.34119848657,SPY|short|straddle,100000.0,184439.34119848657,0.8443934119848657,184131.74050340633,0.001670546828261568,184131.74050340633,0.39081583068923686,112170.14138231258
SPY,straddle,short,2025-06-10,2025-06-11,603.0800170898438,604.1900024414062,604.0,603.0,9.164612398799136,8.699416598041466,0.1449104548057279,279.1174804546017,5498.767439279482,-5219.64995882488,72369.60205078125,84718.45867894117,SPY|short|straddle,100000.0,184718.45867894118,0.8471845867894119,184439.34119848657,0.001513329415735801,184439.34119848657,0.39237616866620584,112069.73914770532
SPY,straddle,short,2025-06-11,2025-06-12,601.3599853515625,600.010009765625,602.0,601.0,9.180130271056669,8.690171193464835,0.14554213734042964,293.97544655510046,5508.078162634001,-5214.102716078901,72163.1982421875,85012.43412549626,SPY|short|straddle,100000.0,185012.43412549625,0.8501243412549624,184718.45867894118,0.0015914784513553063,184718.45867894118,0.3906658747494977,112555.26043675368
SPY,straddle,short,2025-06-12,2025-06-13,603.75,598.5,605.0,604.0,9.21427284917803,9.716857881551476,0.1454157088849292,-301.5510194240678,5528.563709506818,-5830.114728930886,72450.0,84710.8831060722,SPY|short|straddle,100000.0,184710.8831060722,0.847108831060722,185012.43412549625,-0.0016298959626655253,185012.43412549625,0.39159530191822817,112562.43412549625
SPY,straddle,short,2025-06-13,2025-06-16,597.0,600.4000244140625,598.0,597.0,9.428770627615279,7.692440884902027,0.1503839589302463,1041.7978456279516,5657.262376569168,-4615.464530941216,71640.0,85752.68095170015,SPY|short|straddle,100000.0,185752.68095170014,0.8575268095170014,184710.8831060722,0.005640154105211483,184710.8831060722,0.38784937192282254,113070.8831060722
SPY,straddle,short,2025-06-16,2025-06-17,602.6799926757812,600.2100219726562,604.0,603.0,9.325866362489819,9.060533054193513,0.14732030452057002,159.19998497778306,5595.519817493891,-5436.319832516108,72321.59912109375,85911.88093667793,SPY|short|straddle,100000.0,185911.88093667792,0.8591188093667792,185752.68095170014,0.000857053498028266,185752.68095170014,0.389343500995816,113431.08183060639
SPY,straddle,short,2025-06-17,2025-06-18,597.530029296875,598.4400024414062,599.0,598.0,9.348171267881185,8.825707016283275,0.14884325951319213,313.4785509587464,5608.902760728711,-5295.424209769964,71703.603515625,86225.35948763668,SPY|short|straddle,100000.0,186225.35948763668,0.8622535948763668,185911.88093667792,0.001686167389514595,185911.88093667792,0.3856859666760482,114208.27742105292
SPY,straddle,short,2025-06-18,2025-06-20,597.4400024414062,598.3800048828125,598.0,597.0,9.132004260657709,7.920308625281621,0.14574883900965507,727.0173812256535,5479.202556394625,-4752.185175168972,71692.80029296875,86952.37686886234,SPY|short|straddle,100000.0,186952.37686886234,0.8695237686886235,186225.35948763668,0.0039039655137512,186225.35948763668,0.3849787187428056,114532.55919466793
SPY,straddle,short,2025-06-20,2025-06-23,594.280029296875,595.0399780273438,595.0,594.0,9.176031800149417,7.0947256079028875,0.14722737069266117,1248.7837153479177,5505.61908008965,-4256.8353647417325,71313.603515625,88201.16058421024,SPY|short|straddle,100000.0,188201.16058421024,0.8820116058421024,186952.37686886234,0.006679688893305039,186952.37686886234,0.38145331292389983,115638.77335323734
SPY,straddle,short,2025-06-23,2025-06-24,600.1500244140625,604.3300170898438,601.0,600.0,9.343258314864329,9.455978811793472,0.14831772254278383,-67.63229815748582,5605.954988918597,-5673.587287076083,72018.0029296875,88133.52828605277,SPY|short|straddle,100000.0,188133.52828605275,0.8813352828605274,188201.16058421024,-0.0003593617486074103,188201.16058421024,0.38266503089635934,116183.15765452274
SPY,straddle,short,2025-06-24,2025-06-25,606.780029296875,607.9099731445312,608.0,607.0,9.582873986594052,9.074286194629735,0.15020458370098452,305.15267517859047,5749.724391956432,-5444.571716777841,72813.603515625,88438.68096123135,SPY|short|straddle,100000.0,188438.68096123135,0.8843868096123135,188133.52828605275,0.0016220004906016155,188133.52828605275,0.38703150990138013,115319.92477042775
SPY,straddle,short,2025-06-25,2025-06-26,607.1199951171875,608.989990234375,608.0,607.0,7.566843170011168,7.298920916547473,0.1201031949363768,160.75335207821627,4540.1059020067005,-4379.352549928484,72854.3994140625,88599.43431330957,SPY|short|straddle,100000.0,188599.43431330955,0.8859943431330954,188438.68096123135,0.000853080435811844,188438.68096123135,0.38662125547913,115584.28154716885
SPY,straddle,short,2025-06-26,2025-06-27,611.8699951171875,612.8800048828125,613.0,612.0,7.666484854818293,7.262622909799518,0.12061173827008591,242.31716701126606,4599.890912890976,-4357.57374587971,73424.3994140625,88841.75148032083,SPY|short|straddle,100000.0,188841.75148032082,0.8884175148032081,188599.43431330955,0.0012848244635173098,188599.43431330955,0.3893139959905007,115175.03489924705
SPY,straddle,short,2025-06-27,2025-06-30,614.9099731445312,617.3800048828125,616.0,615.0,7.736067152306987,6.181983952474013,0.12105172389403172,932.4499198997842,4641.640291384192,-3709.190371484408,73789.19677734375,89774.20140022063,SPY|short|straddle,100000.0,189774.20140022063,0.8977420140022063,188841.75148032082,0.004937731791779927,188841.75148032082,0.3907461999209074,115052.55470297707
SPY,straddle,short,2025-06-30,2025-07-01,617.8499755859375,616.3599853515625,619.0,618.0,7.774716577263064,7.44207962026465,0.1210273432928317,199.5821741990485,4664.829946357839,-4465.24777215879,74141.9970703125,89973.78357441966,SPY|short|straddle,100000.0,189973.78357441968,0.8997378357441967,189774.20140022063,0.0010516823294550112,189774.20140022063,0.39068533300768404,115632.20432990813
SPY,straddle,short,2025-07-01,2025-07-02,617.6500244140625,617.239990234375,619.0,618.0,7.725680545122657,7.307611378013519,0.12026509869064733,250.84150026548195,4635.408327073594,-4384.566826808112,74118.0029296875,90224.62507468516,SPY|short|straddle,100000.0,190224.62507468514,0.9022462507468514,189973.78357441968,0.0013204006128941374,189973.78357441968,0.39014858542654,115855.78064473218
SPY,straddle,short,2025-07-02,2025-07-03,620.4500122070312,622.4500122070312,621.0,620.0,7.7837881112286595,7.5757958780998536,0.12062656307508435,124.79533987728337,4670.272866737196,-4545.477526859912,74454.00146484375,90349.42041456244,SPY|short|straddle,100000.0,190349.42041456245,0.9034942041456244,190224.62507468514,0.0006560419810436571,190224.62507468514,0.3914004374334393,115770.6236098414
SPY,straddle,short,2025-07-03,2025-07-07,625.3400268554688,623.3599853515625,626.0,625.0,7.882659679690107,5.429695121283345,0.12115057632341307,1471.7787350440576,4729.595807814065,-3257.817072770007,75040.80322265625,91821.19914960649,SPY|short|straddle,100000.0,191821.1991496065,0.9182119914960649,190349.42041456245,0.007731984325661025,190349.42041456245,0.3942265915978347,115308.6171919062
SPY,straddle,short,2025-07-07,2025-07-08,620.6799926757812,621.3499755859375,622.0,621.0,7.1342816239333615,6.729771908894236,0.11105714322006281,242.70582902347542,4280.568974360017,-4037.8631453365415,74481.59912109375,92063.90497862997,SPY|short|straddle,100000.0,192063.90497862996,0.9206390497862995,191821.1991496065,0.0012652711488586965,191821.1991496065,0.38828658902816865,117339.60002851274
SPY,straddle,short,2025-07-08,2025-07-09,620.3400268554688,622.77001953125,621.0,620.0,7.136202374806658,7.056523800802125,0.11121606311130365,47.80714440271913,4281.721424883995,-4233.9142804812755,74440.80322265625,92111.71212303269,SPY|short|straddle,100000.0,192111.7121230327,0.9211171212303269,192063.90497862996,0.00024891269605311007,192063.90497862996,0.38758351409620106,117623.10175597371
SPY,straddle,short,2025-07-09,2025-07-10,624.0599975585938,624.2000122070312,625.0,624.0,6.98985765541596,6.591957252824898,0.10846255930443605,238.74024155463712,4193.914593249576,-3955.1743516949387,74887.19970703125,92350.45236458733,SPY|short|straddle,100000.0,192350.45236458734,0.9235045236458734,192111.7121230327,0.0012427157038803675,192111.7121230327,0.38981069336924024,117224.51241600144
SPY,straddle,short,2025-07-10,2025-07-11,625.8200073242188,622.739990234375,627.0,626.0,6.013934297851961,6.2149747020373525,0.09397538797660988,-120.62424251123502,3608.3605787111765,-3728.9848212224115,75098.40087890625,92229.82812207608,SPY|short|straddle,100000.0,192229.82812207608,0.9222982812207607,192350.45236458734,-0.0006271066224611726,192350.45236458734,0.3904248727035083,117252.05148568109
SPY,straddle,short,2025-07-11,2025-07-14,623.6199951171875,623.1599731445312,625.0,624.0,5.901769648948118,4.568976709571672,0.09257317488378218,799.6757636258676,3541.061789368871,-2741.3860257430033,74834.3994140625,93029.50388570195,SPY|short|straddle,100000.0,193029.50388570194,0.9302950388570195,192229.82812207608,0.004159998328240877,192229.82812207608,0.38929650067906585,117395.42870801358
SPY,straddle,short,2025-07-14,2025-07-15,624.8099975585938,627.52001953125,626.0,625.0,5.8942255453087,5.876954559051683,0.09238573346765923,10.36259175421037,3536.53532718522,-3526.1727354310096,74977.19970703125,93039.86647745616,SPY|short|straddle,100000.0,193039.86647745618,0.9303986647745617,193029.50388570194,5.36839785919273e-05,193029.50388570194,0.3884235217815578,118052.30417867069
SPY,straddle,short,2025-07-15,2025-07-16,622.1400146484375,623.739990234375,623.0,622.0,5.956160270559167,5.763552206919513,0.09373152052054003,115.56483818379184,3573.6961623355,-3458.131324151708,74656.8017578125,93155.43131563996,SPY|short|straddle,100000.0,193155.43131563996,0.9315543131563997,193039.86647745618,0.0005986578849881658,193039.86647745618,0.3867429206211721,118383.06471964368
SPY,straddle,short,2025-07-16,2025-07-17,624.219970703125,624.4000244140625,625.0,624.0,5.938936843926285,5.600626311740939,0.09315646229579774,202.9863193112078,3563.362106355771,-3360.3757870445634,74906.396484375,93358.41763495117,SPY|short|straddle,100000.0,193358.41763495118,0.9335841763495119,193155.43131563996,0.0010508962545272824,193155.43131563996,0.3878037287078335,118249.03483126496
SPY,straddle,short,2025-07-17,2025-07-18,628.0399780273438,629.2999877929688,629.0,628.0,5.988288682765983,5.72716368669677,0.09331720447374521,156.67499764152808,3592.97320965959,-3436.298212018062,75364.79736328125,93515.0926325927,SPY|short|straddle,100000.0,193515.0926325927,0.9351509263259272,193358.41763495118,0.0008102827875708046,193358.41763495118,0.38976734649104006,117993.62027166993
SPY,straddle,short,2025-07-18,2025-07-21,627.5800170898438,628.77001953125,629.0,628.0,6.001973358908515,4.602899012786054,0.09341367539398207,839.4446076734766,3601.184015345109,-2761.7394076716323,75309.60205078125,94354.53724026617,SPY|short|straddle,100000.0,194354.53724026616,0.9435453724026617,193515.0926325927,0.004337876680591751,193515.0926325927,0.3891665555707527,118205.49058181146
SPY,straddle,short,2025-07-21,2025-07-22,628.77001953125,629.0999755859375,630.0,629.0,5.861265354740112,5.521180126290744,0.09131366934900614,204.05113706962084,3516.7592128440674,-3312.7080757744466,75452.40234375,94558.5883773358,SPY|short|straddle,100000.0,194558.5883773358,0.9455858837733582,194354.53724026616,0.001049891296426836,194354.53724026616,0.3882204316664538,118902.13489651616
SPY,straddle,short,2025-07-22,2025-07-23,628.8599853515625,631.5499877929688,630.0,629.0,5.629847097147433,5.64878169492826,0.08799580729924515,-11.360758668496146,3377.90825828846,-3389.269016956956,75463.1982421875,94547.2276186673,SPY|short|straddle,100000.0,194547.2276186673,0.945472276186673,194558.5883773358,-5.83924809654898e-05,194558.5883773358,0.3878687590795567,119095.39013514831
SPY,straddle,short,2025-07-23,2025-07-24,634.2100219726562,634.5999755859375,635.0,634.0,5.832836551494893,5.5107836509913,0.09017154644483033,193.23174030215569,3499.7019308969357,-3306.47019059478,76105.20263671875,94740.45935896946,SPY|short|straddle,100000.0,194740.45935896947,0.9474045935896946,194547.2276186673,0.0009932382109341074,194547.2276186673,0.39119140153409343,118442.02498194855
SPY,straddle,short,2025-07-24,2025-07-25,634.4199829101562,635.0900268554688,635.0,634.0,5.796571085816481,5.51261026143402,0.08954618702854357,170.37649462947684,3477.9426514898887,-3307.566156860412,76130.39794921875,94910.83585359892,SPY|short|straddle,100000.0,194910.83585359892,0.9491083585359892,194740.45935896947,0.0008748900726141249,194740.45935896947,0.39093261975358634,118610.06140975072
SPY,straddle,short,2025-07-25,2025-07-28,637.0999755859375,637.47998046875,638.0,637.0,5.762071128618118,4.404509859342852,0.08876947854266314,814.5367615651594,3457.2426771708706,-2642.705915605711,76451.9970703125,95725.37261516409,SPY|short|straddle,100000.0,195725.3726151641,0.957253726151641,194910.83585359892,0.004179022464287069,194910.83585359892,0.3922408763755802,118458.83878328642
SPY,straddle,short,2025-07-28,2025-07-29,636.9400024414062,638.3499755859375,638.0,637.0,5.761038625165838,5.522673723998537,0.0887680181281835,143.01894070038088,3456.623175099503,-3313.604234399122,76432.80029296875,95868.39155586447,SPY|short|straddle,100000.0,195868.39155586448,0.9586839155586449,195725.3726151641,0.0007307123179251023,195725.3726151641,0.39051043445067896,119292.57232219534
SPY,straddle,short,2025-07-29,2025-07-30,635.260009765625,635.9199829101562,636.0,635.0,5.199179907331143,4.938718505313943,0.08095571748934362,156.27684121031962,3119.5079443986856,-2963.231103188366,76231.201171875,96024.66839707478,SPY|short|straddle,100000.0,196024.6683970748,0.960246683970748,195868.39155586448,0.0007978665672850395,195868.39155586448,0.3891960339610629,119637.19038398948
SPY,straddle,short,2025-07-30,2025-07-31,634.4600219726562,639.4600219726562,635.0,634.0,5.018230195579292,6.41154583043182,0.07836584819106847,-835.989380911516,3010.9381173475754,-3846.9274982590914,76135.20263671875,95188.67901616327,SPY|short|straddle,100000.0,195188.67901616328,0.9518867901616328,196024.6683970748,-0.004264715189917348,196024.6683970748,0.3883960282105744,119889.46576035605
SPY,straddle,short,2025-07-31,2025-08-01,632.0800170898438,626.2999877929688,633.0,632.0,4.682896222280135,6.403992338217293,0.07398403835572166,-1032.6576695622944,2809.737733368081,-3842.3954029303754,75849.60205078125,94156.02134660097,SPY|short|straddle,100000.0,194156.02134660096,0.9415602134660095,195188.67901616328,-0.005290561290579673,195188.67901616328,0.3885963183576864,119339.07696538203
SPY,straddle,short,2025-08-01,2025-08-04,621.719970703125,625.6699829101562,623.0,622.0,5.778650012701178,5.17813772828552,0.09111695382446586,360.3073706493942,3467.1900076207066,-3106.8826369713124,74606.396484375,94516.32871725038,SPY|short|straddle,100000.0,194516.32871725038,0.9451632871725038,194156.02134660096,0.0018557620214424632,194156.02134660096,0.3842600191687597,119549.62486222596
SPY,straddle,short,2025-08-04,2025-08-05,631.1699829101562,631.7899780273438,632.0,631.0,6.289979646523648,5.956162303712063,0.09718276979076657,200.2904056869511,3773.9877879141886,-3573.6973822272375,75740.39794921875,94716.61912293732,SPY|short|straddle,100000.0,194716.61912293732,0.9471661912293732,194516.32871725038,0.001029684278989729,194516.32871725038,0.3893780971946847,118775.93076803163
SPY,straddle,short,2025-08-05,2025-08-06,627.969970703125,629.0499877929688,629.0,628.0,6.198792449634766,5.895475420715513,0.09636044152531162,181.99021735155156,3719.2754697808596,-3537.285252429308,75356.396484375,94898.60934028888,SPY|short|straddle,100000.0,194898.60934028888,0.9489860934028889,194716.61912293732,0.0009346414197786028,194716.61912293732,0.3870054688901392,119360.22263856232
SPY,straddle,short,2025-08-06,2025-08-07,632.780029296875,636.239990234375,634.0,633.0,6.085412853393507,6.255713190686862,0.09395329841819497,-102.18020237601331,3651.247712036104,-3753.4279144121174,75933.603515625,94796.42913791287,SPY|short|straddle,100000.0,194796.42913791287,0.9479642913791286,194898.60934028888,-0.0005242736350037718,194898.60934028888,0.38960567123927764,118965.00582466388
SPY,straddle,short,2025-08-07,2025-08-08,632.25,634.0599975585938,633.0,632.0,6.091151344246839,5.948025995535289,0.09414889012682916,85.87520922693011,3654.6908065481034,-3568.8155973211733,75870.0,94882.3043471398,SPY|short|straddle,100000.0,194882.30434713978,0.9488230434713978,194796.42913791287,0.0004408459108156022,194796.42913791287,0.3894835256260535,118926.42913791287
SPY,straddle,short,2025-08-08,2025-08-11,637.1799926757812,637.4600219726562,638.0,637.0,6.14029730826212,4.697613656895953,0.09413341197033374,865.6101908197002,3684.178384957272,-2818.568194137572,76461.59912109375,95747.9145379595,SPY|short|straddle,100000.0,195747.9145379595,0.957479145379595,194882.30434713978,0.0044417074896538926,194882.30434713978,0.3923475729478973,118420.70522604603
SPY,straddle,short,2025-08-11,2025-08-12,635.9199829101562,638.2899780273438,637.0,636.0,6.116241148296183,6.024986636832324,0.09397141384139757,54.752706878315166,3669.7446889777098,-3614.9919820993946,76310.39794921875,95802.66724483781,SPY|short|straddle,100000.0,195802.6672448378,0.9580266724483779,195747.9145379595,0.00027971029478169744,195747.9145379595,0.3898401580897589,119437.51658874075
SPY,straddle,short,2025-08-12,2025-08-13,642.6900024414062,644.9099731445312,644.0,643.0,6.433993332483226,6.23685437761327,0.09738750710605931,118.28337292197375,3860.3959994899355,-3742.112626567962,77122.80029296875,95920.95061775978,SPY|short|straddle,100000.0,195920.95061775978,0.9592095061775978,195802.6672448378,0.0006040947990461668,195802.6672448378,0.3938802334931014,118679.86695186904
SPY,straddle,short,2025-08-13,2025-08-14,644.8900146484375,642.7899780273438,646.0,645.0,6.456601023644964,6.321708988710782,0.0974444232357854,80.93522096050947,3873.9606141869785,-3793.025393226469,77386.8017578125,96001.88583872029,SPY|short|straddle,100000.0,196001.8858387203,0.9600188583872031,195920.95061775978,0.0004131014100600882,195920.95061775978,0.39498992585429793,118534.14885994728
SPY,straddle,short,2025-08-14,2025-08-15,644.9500122070312,645.989990234375,646.0,645.0,6.429894963176537,6.1079048017429045,0.09707106629154764,193.19409686017934,3857.936977905922,-3664.7428810457427,77394.00146484375,96195.07993558048,SPY|short|straddle,100000.0,196195.0799355805,0.961950799355805,196001.8858387203,0.0009856746838606883,196001.8858387203,0.3948635551829701,118607.88437387656
SPY,straddle,short,2025-08-15,2025-08-18,643.4400024414062,642.8599853515625,644.0,643.0,6.3132585094249976,4.826036723090681,0.09556989498242786,892.33307180059,3787.9551056549985,-2895.6220338544085,77212.80029296875,97087.41300738107,SPY|short|straddle,100000.0,197087.41300738108,0.9708741300738108,196195.0799355805,0.004548192911328778,196195.0799355805,0.39355115489298265,118982.27964261174
SPY,straddle,short,2025-08-18,2025-08-19,643.2999877929688,643.1199951171875,644.0,643.0,6.073343960363843,5.718514702774712,0.09226331783616111,212.89755455347859,3644.006376218306,-3431.1088216648272,77195.99853515625,97300.31056193454,SPY|short|straddle,100000.0,197300.31056193454,0.9730031056193453,197087.41300738108,0.0010802189308025743,197087.41300738108,0.39168406219967583,119891.41447222483
SPY,straddle,short,2025-08-19,2025-08-20,639.8099975585938,639.4000244140625,641.0,640.0,6.170203414776722,5.832943281358382,0.09413592949739018,202.35608005100403,3702.1220488660333,-3499.7659688150293,76777.19970703125,97502.66664198555,SPY|short|straddle,100000.0,197502.66664198553,0.9750266664198552,197300.31056193454,0.001025624741667512,197300.31056193454,0.38913876763985183,120523.1108549033
SPY,straddle,short,2025-08-20,2025-08-21,638.1099853515625,636.280029296875,639.0,638.0,6.1060766001771185,5.905746387881692,0.0935174711678074,120.19812737725579,3663.645960106271,-3543.4478327290153,76573.1982421875,97622.8647693628,SPY|short|straddle,100000.0,197622.8647693628,0.9762286476936279,197502.66664198553,0.0006085898961310723,197502.66664198553,0.3877071613467998,120929.46839979803
SPY,straddle,short,2025-08-21,2025-08-22,635.5499877929688,637.760009765625,637.0,636.0,6.146871793476691,5.939086428640621,0.09429556443123131,124.67121890164208,3688.123076086015,-3563.451857184373,76265.99853515625,97747.53598826444,SPY|short|straddle,100000.0,197747.53598826443,0.9774753598826442,197622.8647693628,0.0006308542235087045,197622.8647693628,0.38591687568218913,121356.86623420654
SPY,straddle,short,2025-08-22,2025-08-25,645.3099975585938,644.0399780273438,646.0,645.0,6.831233175562659,5.298279087376841,0.10262797903031216,919.7724529114912,4098.739905337596,-3178.9674524261045,77437.19970703125,98667.30844117593,SPY|short|straddle,100000.0,198667.30844117593,0.9866730844117593,197747.53598826443,0.00465124608665706,197747.53598826443,0.3915962811876799,120310.33628123318
SPY,straddle,short,2025-08-25,2025-08-26,642.469970703125,642.2000122070312,643.0,642.0,6.889525684358489,6.486232417214524,0.10384380347306846,241.97596028637963,4133.715410615094,-3891.739450328714,77096.396484375,98909.28440146231,SPY|short|straddle,100000.0,198909.2844014623,0.9890928440146229,198667.30844117593,0.0012179958654749033,198667.30844117593,0.38806785620293804,121570.91195680093
SPY,straddle,short,2025-08-26,2025-08-27,645.1599731445312,644.5700073242188,646.0,645.0,6.857148050316994,6.471538648474166,0.10304624105532628,231.36564110569725,4114.288830190197,-3882.9231890844994,77419.19677734375,99140.65004256801,SPY|short|straddle,100000.0,199140.650042568,0.9914065004256802,198909.2844014623,0.0011631716528562222,198909.2844014623,0.3892186179760576,121490.08762411855
SPY,straddle,short,2025-08-27,2025-08-28,646.6300048828125,647.239990234375,648.0,647.0,6.871529028074804,6.47763404901724,0.10290169234306092,236.3369874345385,4122.917416844883,-3886.580429410344,77595.6005859375,99376.98703000255,SPY|short|straddle,100000.0,199376.98703000255,0.9937698703000255,199140.650042568,0.0011867842521555466,199140.650042568,0.38965224111375946,121545.04945663051
SPY,straddle,short,2025-08-28,2025-08-29,648.9199829101562,647.469970703125,650.0,649.0,6.832748038316254,6.548605819717636,0.1021000906636765,170.48533115917053,4099.648822989752,-3929.1634918305817,77870.39794921875,99547.47236116172,SPY|short|straddle,100000.0,199547.47236116172,0.9954747236116173,199376.98703000255,0.0008550903175877346,199376.98703000255,0.3905686363767785,121506.5890807838
SPY,straddle,short,2025-08-29,2025-09-02,645.0499877929688,637.5,646.0,645.0,6.925546962655346,7.942382250472164,0.10402954473145824,-610.1011726900906,4155.328177593208,-4765.429350283299,77405.99853515625,98937.37118847163,SPY|short|straddle,100000.0,198937.37118847162,0.9893737118847161,199547.47236116172,-0.003057423707105977,199547.47236116172,0.3879076874251699,122141.47382600547
SPY,straddle,short,2025-09-02,2025-09-03,640.27001953125,642.6699829101562,641.0,640.0,7.0641531902801376,6.971740166438707,0.10674687324463528,55.447814304858184,4238.491914168082,-4183.044099863224,76832.40234375,98992.81900277648,SPY|short|straddle,100000.0,198992.81900277646,0.9899281900277646,198937.37118847162,0.0002787199507744947,198937.37118847162,0.38621402245714614,122104.96884472162
SPY,straddle,short,2025-09-03,2025-09-04,643.739990234375,644.4199829101562,645.0,644.0,7.171280301519118,6.768991693352859,0.1076350369349536,241.37316489975547,4302.768180911471,-4061.3950160117156,77248.798828125,99234.19216767624,SPY|short|straddle,100000.0,199234.19216767623,0.9923419216767624,198992.81900277646,0.0012129742475600975,198992.81900277646,0.3881989270529766,121744.02017465146
SPY,straddle,short,2025-09-04,2025-09-05,649.1199951171875,651.47998046875,650.0,649.0,7.223986958682815,7.079119606353771,0.10754343229259929,86.9204113974256,4334.3921752096885,-4247.471763812263,77894.3994140625,99321.11257907367,SPY|short|straddle,100000.0,199321.11257907367,0.9932111257907368,199234.19216767623,0.0004362725617110594,199234.19216767623,0.39096903280791423,121339.79275361373
SPY,straddle,short,2025-09-05,2025-09-08,647.239990234375,648.6199951171875,648.0,647.0,7.240002517598555,5.662483044454007,0.10806579417286417,946.5116838867289,4344.001510559133,-3397.489826672404,77668.798828125,100267.6242629604,SPY|short|straddle,100000.0,200267.6242629604,1.002676242629604,199321.11257907367,0.004748677506559841,199321.11257907367,0.3896666932225387,121652.31375094867
SPY,straddle,short,2025-09-08,2025-09-09,648.8300170898438,648.969970703125,650.0,649.0,7.232900466918295,6.82042707011982,0.10768303453956164,247.48403807908517,4339.740280150977,-4092.256242071892,77859.60205078125,100515.10830103948,SPY|short|straddle,100000.0,200515.1083010395,1.0051510830103951,200267.6242629604,0.0012357665847882006,200267.6242629604,0.38877777842187855,122408.02221217914
SPY,straddle,short,2025-09-09,2025-09-10,650.3300170898438,653.6199951171875,651.0,650.0,7.256583971709347,7.400946716589516,0.10776114925698801,-86.61764692810175,4353.950383025608,-4440.56802995371,78039.60205078125,100428.49065411137,SPY|short|straddle,100000.0,200428.49065411137,1.004284906541114,200515.1083010395,-0.00043197566339021204,200515.1083010395,0.389195620778949,122475.50625025824
SPY,straddle,short,2025-09-10,2025-09-11,652.2100219726562,654.1799926757812,653.0,652.0,7.255730177543114,7.046711347914311,0.10746529412847855,125.41129777728202,4353.4381065258685,-4228.0268087485865,78265.20263671875,100553.90195188866,SPY|short|straddle,100000.0,200553.90195188866,1.0055390195188867,200428.49065411137,0.0006257159217633886,200428.49065411137,0.39048940787457503,122163.28801739262
SPY,straddle,short,2025-09-11,2025-09-12,657.6300048828125,657.5999755859375,659.0,658.0,7.46403307997997,7.042473111414893,0.10935417696780814,252.9359811390459,4478.4198479879815,-4225.483866848936,78915.6005859375,100806.83793302771,SPY|short|straddle,100000.0,200806.8379330277,1.0080683793302772,200553.90195188866,0.0012611870358908465,200553.90195188866,0.39348823342698536,121638.30136595116
SPY,straddle,short,2025-09-12,2025-09-15,657.4099731445312,659.6400146484375,658.0,657.0,7.392919738717069,5.982366058078725,0.10845292085702893,846.3322083830062,4435.751843230241,-3589.419634847235,78889.19677734375,101653.17014141071,SPY|short|straddle,100000.0,201653.17014141072,1.0165317014141073,200806.8379330277,0.004214658310915048,200806.8379330277,0.3928611076663363,121917.64115568396
SPY,straddle,short,2025-09-15,2025-09-16,660.9099731445312,661.469970703125,662.0,661.0,6.4399821933311046,6.081303493737266,0.09486097763755406,215.20721975630295,3863.9893159986627,-3648.78209624236,79309.19677734375,101868.37736116702,SPY|short|straddle,100000.0,201868.37736116702,1.01868377361167,201653.17014141072,0.0010672146617153966,201653.17014141072,0.39329506559072497,122343.97336406697
SPY,straddle,short,2025-09-16,2025-09-17,660.0,660.010009765625,661.0,660.0,5.846189281864213,5.508288529919071,0.08684516514697689,202.7404511670852,3507.7135691185276,-3304.9731179514424,79200.0,102071.1178123341,SPY|short|straddle,100000.0,202071.1178123341,1.020711178123341,201868.37736116702,0.0010043200119667973,201868.37736116702,0.3923348522205714,122668.37736116702
SPY,straddle,short,2025-09-17,2025-09-18,659.1799926757812,661.8900146484375,660.0,659.0,5.706170054597408,5.817880425276769,0.08501406449107726,-67.02622240761684,3423.7020327584446,-3490.7282551660614,79101.59912109375,102004.09158992648,SPY|short|straddle,100000.0,202004.09158992648,1.0200409158992647,202071.1178123341,-0.0003316962024719679,202071.1178123341,0.39145425619190355,122969.51869124034
SPY,straddle,short,2025-09-18,2025-09-19,662.260009765625,662.3300170898438,663.0,662.0,5.634333529831281,5.308932533545374,0.08361304181102831,195.24059777154434,3380.6001178987685,-3185.359520127224,79471.201171875,102199.33218769803,SPY|short|straddle,100000.0,202199.33218769805,1.0219933218769803,202004.09158992648,0.0009665180355251803,202004.09158992648,0.3934138192270065,122532.89041805148
SPY,straddle,short,2025-09-19,2025-09-22,663.7000122070312,662.2000122070312,665.0,664.0,5.630160658766158,4.547301041677002,0.08333071827003116,649.7157702534932,3378.096395259695,-2728.3806250062016,79644.00146484375,102849.04795795152,SPY|short|straddle,100000.0,202849.04795795152,1.0284904795795153,202199.33218769805,0.003213243897612746,202199.33218769805,0.39388854850871435,122555.3307228543
SPY,straddle,short,2025-09-22,2025-09-23,666.8400268554688,666.719970703125,668.0,667.0,5.544873574649728,5.227181765020703,0.08183123039685099,190.61508577741506,3326.9241447898366,-3136.3090590124216,80020.80322265625,103039.66304372894,SPY|short|straddle,100000.0,203039.66304372894,1.0303966304372896,202849.04795795152,0.0009396893290666445,202849.04795795152,0.3944844899604543,122828.24473529527
SPY,straddle,short,2025-09-23,2025-09-24,663.2100219726562,664.510009765625,664.0,663.0,5.650045630638999,5.442929499245224,0.08372217006665703,124.26967883626503,3390.0273783833995,-3265.7576995471345,79585.20263671875,103163.93272256521,SPY|short|straddle,100000.0,203163.9327225652,1.031639327225652,203039.66304372894,0.0006120463212623678,203039.66304372894,0.39196874858671515,123454.46040701019
SPY,straddle,short,2025-09-24,2025-09-25,661.0999755859375,657.9400024414062,662.0,661.0,5.359566207148646,5.579534926963305,0.08002206628904104,-131.98123188879526,3215.7397242891875,-3347.7209561779828,79331.9970703125,103031.95149067641,SPY|short|straddle,100000.0,203031.9514906764,1.0303195149067639,203163.9327225652,-0.0006496292433412629,203163.9327225652,0.3904826806963123,123831.9356522527
SPY,straddle,short,2025-09-25,2025-09-26,658.0499877929688,659.510009765625,659.0,658.0,5.421118101625893,5.232867652397317,0.08124471356447543,112.95026953714569,3252.670860975536,-3139.7205914383903,78965.99853515625,103144.90176021356,SPY|short|straddle,100000.0,203144.90176021354,1.0314490176021356,203031.9514906764,0.0005563177061928234,203031.9514906764,0.3889338498466952,124065.95295552016
SPY,straddle,short,2025-09-26,2025-09-29,661.8200073242188,664.3599853515625,663.0,662.0,5.550245242734661,4.5536272216753275,0.08251850830360953,597.9708126356004,3330.1471456407967,-2732.1763330051963,79418.40087890625,103742.87257284916,SPY|short|straddle,100000.0,203742.87257284916,1.0374287257284918,203144.90176021354,0.0029435679037686513,203144.90176021354,0.39094459270579907,123726.5008813073
SPY,straddle,short,2025-09-29,2025-09-30,663.6799926757812,662.9299926757812,665.0,664.0,5.5428565286161415,5.282041899427895,0.08212962261469416,156.48877751294776,3325.713917169685,-3169.225139656737,79641.59912109375,103899.3613503621,SPY|short|straddle,100000.0,203899.3613503621,1.0389936135036208,203742.87257284916,0.0007680699478554496,203742.87257284916,0.3908926880012333,124101.2734517554
SPY,straddle,short,2025-09-30,2025-10-01,666.1799926757812,663.1699829101562,667.0,666.0,5.580810201844713,5.693558997994131,0.08241210945291418,-67.64927768965072,3348.486121106828,-3416.1353987964785,79941.59912109375,103831.71207267245,SPY|short|straddle,100000.0,203831.71207267244,1.0383171207267243,203899.3613503621,-0.00033177778116434784,203899.3613503621,0.39206399957148164,123957.76222926835
SPY,straddle,short,2025-10-01,2025-10-02,668.4500122070312,670.4500122070312,669.0,668.0,5.447476466775072,5.453556475558116,0.08020915228251897,-3.6480052698266263,3268.485880065043,-3272.13388533487,80214.00146484375,103828.06406740262,SPY|short|straddle,100000.0,203828.06406740262,1.0382806406740261,203831.71207267244,-1.789714285736852e-05,203831.71207267244,0.3935305289308708,123617.71060782869
SPY,straddle,short,2025-10-02,2025-10-03,669.219970703125,669.989990234375,670.0,669.0,5.376971989860579,5.1161077079270285,0.07926288669262588,156.51856916013003,3226.183193916347,-3069.664624756217,80306.396484375,103984.58263656276,SPY|short|straddle,100000.0,203984.58263656276,1.0398458263656276,203828.06406740262,0.0007678950878342831,203828.06406740262,0.3939908709421828,123521.66758302762
SPY,straddle,short,2025-10-03,2025-10-06,669.2100219726562,671.6199951171875,670.0,669.0,5.256624282964367,4.421537609890919,0.07763436025094321,501.0520038440691,3153.97456977862,-2652.922565934551,80305.20263671875,104485.63464040682,SPY|short|straddle,100000.0,204485.63464040682,1.0448563464040683,203984.58263656276,0.002456322911113279,203984.58263656276,0.39368270679455075,123679.37999984401
SPY,straddle,short,2025-10-06,2025-10-07,671.6099853515625,672.5399780273438,673.0,672.0,4.465735302137489,4.213731180588013,0.06655386027722761,151.20247292968543,2679.4411812824933,-2528.238708352808,80593.1982421875,104636.83711333651,SPY|short|straddle,100000.0,204636.8371133365,1.0463683711333651,204485.63464040682,0.000739428337817367,204485.63464040682,0.39412645481875874,123892.43639821932
SPY,straddle,short,2025-10-07,2025-10-08,669.1199951171875,670.25,670.0,669.0,4.401446660903048,4.243913205782064,0.06606054122234505,94.5200730725901,2640.8679965418287,-2546.3479234692386,80294.3994140625,104731.35718640909,SPY|short|straddle,100000.0,204731.3571864091,1.0473135718640911,204636.8371133365,0.0004618917806095727,204636.8371133365,0.39237509994152264,124342.43769927401
SPY,straddle,short,2025-10-08,2025-10-09,673.1099853515625,673.530029296875,674.0,673.0,4.493324094007505,4.244875261249717,0.06690991377336457,149.0692996546727,2695.994456404503,-2546.9251567498304,80773.1982421875,104880.42648606378,SPY|short|straddle,100000.0,204880.42648606378,1.048804264860638,204731.3571864091,0.0007281214841893723,204731.3571864091,0.3945326175347093,123958.15894422159
SPY,straddle,short,2025-10-09,2025-10-10,671.1599731445312,672.1300048828125,672.0,671.0,4.560525817696828,4.372132680247944,0.06800367146271363,113.03588246933032,2736.3154906180966,-2623.2796081487663,80539.19677734375,104993.4623685331,SPY|short|straddle,100000.0,204993.4623685331,1.0499346236853309,204880.42648606378,0.0005517163567453779,204880.42648606378,0.39310342212130317,124341.22970872003
SPY,straddle,short,2025-10-10,2025-10-13,653.02001953125,660.6500244140625,654.0,653.0,7.224621755374869,8.275505577590522,0.1069096959570804,-630.5302933293924,4334.773053224922,-4965.303346554314,78362.40234375,104362.9320752037,SPY|short|straddle,100000.0,204362.9320752037,1.043629320752037,204993.4623685331,-0.0030758556201945495,204993.4623685331,0.38226781204793575,126631.0600247831
SPY,straddle,short,2025-10-13,2025-10-14,663.0399780273438,657.1699829101562,664.0,663.0,7.839040160590002,8.716694665164653,0.11369265538235988,-526.5927027447906,4703.424096354001,-5230.016799098792,79564.79736328125,103836.33937245891,SPY|short|straddle,100000.0,203836.33937245893,1.0383633937245893,204362.9320752037,-0.002576752532357528,204362.9320752037,0.38933086619643004,124798.13471192244
SPY,straddle,short,2025-10-14,2025-10-15,662.22998046875,666.8200073242188,663.0,662.0,7.641956759586776,8.15236500813964,0.11112176753263452,-306.2449491317175,4585.174055752066,-4891.419004883784,79467.59765625,103530.0944233272,SPY|short|straddle,100000.0,203530.0944233272,1.035300944233272,203836.33937245893,-0.0015024060482764702,203836.33937245893,0.38985981548188636,124368.74171620893
SPY,straddle,short,2025-10-15,2025-10-16,665.1699829101562,666.8200073242188,666.0,665.0,7.656067982298566,7.359045565696647,0.11083088021409458,178.21344996115204,4593.64078937914,-4415.427339417988,79820.39794921875,103708.30787328836,SPY|short|straddle,100000.0,203708.30787328834,1.0370830787328833,203530.0944233272,0.000875612279678314,203530.0944233272,0.39217983058170436,123709.69647410844
SPY,straddle,short,2025-10-16,2025-10-17,660.6400146484375,659.5,662.0,661.0,7.615702991140893,7.270422869733011,0.11094301355647856,207.16807284472907,4569.421794684536,-4362.2537218398065,79276.8017578125,103915.47594613308,SPY|short|straddle,100000.0,203915.47594613308,1.0391547594613306,203708.30787328834,0.001016983916893526,203708.30787328834,0.38916823071901735,124431.50611547584
SPY,straddle,short,2025-10-17,2025-10-20,664.3900146484375,667.3200073242188,665.0,664.0,7.690275485645657,6.393009410613047,0.11137856771763878,778.359645019566,4614.165291387394,-3835.805646367828,79726.8017578125,104693.83559115265,SPY|short|straddle,100000.0,204693.83559115266,1.0469383559115264,203915.47594613308,0.0038170699963213177,203915.47594613308,0.3909796516811376,124188.67418832058
SPY,straddle,short,2025-10-20,2025-10-21,671.2999877929688,671.4400024414062,672.0,671.0,8.015842314562065,7.565145542750997,0.11465390618337003,270.41806308664036,4809.505388737239,-4539.087325650598,80555.99853515625,104964.25365423929,SPY|short|straddle,100000.0,204964.2536542393,1.0496425365423927,204693.83559115266,0.0013210855241716348,204693.83559115266,0.39354384220957,124137.83705599641
SPY,straddle,short,2025-10-21,2025-10-22,671.2899780273438,672.0,672.0,671.0,8.014881355462137,7.597977397489387,0.1146449176946238,250.14237478364885,4808.928813277282,-4558.786438493633,80554.79736328125,105214.39602902293,SPY|short|straddle,100000.0,205214.39602902293,1.0521439602902292,204964.2536542393,0.001220419513763712,204964.2536542393,0.39301876267249847,124409.45629095804
SPY,straddle,short,2025-10-22,2025-10-23,667.7999877929688,668.1199951171875,669.0,668.0,8.065501734591521,7.609404962394535,0.11591798512161919,273.65806331819203,4839.301040754913,-4565.642977436721,80135.99853515625,105488.05409234113,SPY|short|straddle,100000.0,205488.05409234113,1.0548805409234112,205214.39602902293,0.0013335227382365966,205214.39602902293,0.3904989127752169,125078.39749386668
SPY,straddle,short,2025-10-23,2025-10-24,671.760009765625,676.4600219726562,673.0,672.0,8.033190752213727,8.360461197719644,0.11478813781203269,-196.36226730355065,4819.914451328236,-5016.276718631787,80611.201171875,105291.69182503757,SPY|short|straddle,100000.0,205291.6918250376,1.052916918250376,205488.05409234113,-0.0009555896967874853,205488.05409234113,0.3922914231094444,124876.85292046613
SPY,straddle,short,2025-10-24,2025-10-27,677.25,682.72998046875,678.0,677.0,8.24551068061669,7.742012448354046,0.11672986944421662,302.09893935758555,4947.306408370014,-4645.207469012428,81270.0,105593.79076439516,SPY|short|straddle,100000.0,205593.79076439515,1.0559379076439517,205291.6918250376,0.0014715594999092957,205291.6918250376,0.3958757379683118,124021.69182503759
SPY,straddle,short,2025-10-27,2025-10-28,685.239990234375,687.0499877929688,686.0,685.0,8.612518247337107,8.285323354498416,0.12022366724517695,196.31693570321386,5167.510948402264,-4971.19401269905,82228.798828125,105790.10770009838,SPY|short|straddle,100000.0,205790.10770009836,1.0579010770009836,205593.79076439515,0.0009548777469071899,205593.79076439515,0.3999575985364118,123364.99193627015
SPY,straddle,short,2025-10-28,2025-10-29,687.0599975585938,688.719970703125,688.0,687.0,8.621617373828485,8.250177288791917,0.12003858253435609,222.86405102194112,5172.970424297091,-4950.10637327515,82447.19970703125,106012.97175112032,SPY|short|straddle,100000.0,206012.97175112032,1.0601297175112032,205790.10770009836,0.0010829677554118633,205790.10770009836,0.40063733202950186,123342.90799306711
SPY,straddle,short,2025-10-29,2025-10-30,687.3900146484375,683.9000244140625,688.0,687.0,8.613053266845611,8.458608366974119,0.11982010279216067,92.66693992289584,5167.831960107367,-5075.165020184471,82486.8017578125,106105.63869104322,SPY|short|straddle,100000.0,206105.63869104322,1.0610563869104324,206012.97175112032,0.00044981118972859974,206012.97175112032,0.4003961549443739,123526.16999330782
SPY,straddle,short,2025-10-30,2025-10-31,679.8300170898438,685.0399780273438,681.0,680.0,8.874920166425,9.289078247094523,0.12466291822850899,-248.49484840171408,5324.952099855,-5573.446948256714,81579.60205078125,105857.1438426415,SPY|short|straddle,100000.0,205857.1438426415,1.0585714384264149,206105.63869104322,-0.0012056673945452468,206105.63869104322,0.3958145083700055,124526.03664026197
SPY,straddle,short,2025-10-31,2025-11-03,682.0599975585938,685.6699829101562,683.0,682.0,8.914106952748455,7.397091991334463,0.12480368612678926,910.2089768483957,5348.464171649073,-4438.255194800678,81847.19970703125,106767.3528194899,SPY|short|straddle,100000.0,206767.3528194899,1.067673528194899,205857.1438426415,0.00442155642431416,205857.1438426415,0.3975922242931524,124009.94413561025
SPY,straddle,short,2025-11-03,2025-11-04,683.3400268554688,676.1099853515625,684.0,683.0,8.897620181467232,10.014413717912987,0.12432035843137838,-670.0761218674534,5338.572108880339,-6008.648230747793,82000.80322265625,106097.27669762244,SPY|short|straddle,100000.0,206097.27669762244,1.0609727669762243,206767.3528194899,-0.003240724963251026,206767.3528194899,0.39658486750683425,124766.54959683365
SPY,straddle,short,2025-11-04,2025-11-05,675.239990234375,674.97998046875,676.0,675.0,9.09622885075595,8.580223368779002,0.1284978076124348,309.6032891861678,5457.737310453569,-5148.134021267401,81028.798828125,106406.8799868086,SPY|short|straddle,100000.0,206406.8799868086,1.0640687998680862,206097.27669762244,0.0015022192148633055,206097.27669762244,0.39315802773564623,125068.47786949744
SPY,straddle,short,2025-11-05,2025-11-06,677.5800170898438,676.469970703125,679.0,678.0,9.117854822601771,8.677455433813122,0.12823976525993305,264.2396332731887,5470.712893561063,-5206.473260287874,81309.60205078125,106671.1196200818,SPY|short|straddle,100000.0,206671.1196200818,1.066711196200818,206406.8799868086,0.0012801881085072171,206406.8799868086,0.39392873946826634,125097.27793602736
SPY,straddle,short,2025-11-06,2025-11-07,670.3099975585938,667.9099731445312,671.0,670.0,9.264742666601308,8.879691088895356,0.1317107703527626,231.03094662357125,5558.845599960785,-5327.814653337214,80437.19970703125,106902.15056670537,SPY|short|straddle,100000.0,206902.1505667054,1.0690215056670538,206671.1196200818,0.001117867591022246,206671.1196200818,0.38920387064674,126233.91991305054
SPY,straddle,short,2025-11-07,2025-11-10,670.969970703125,677.239990234375,672.0,671.0,9.208184184987829,8.604869478994743,0.13083058961967453,361.9888235958506,5524.910510992697,-5162.921687396846,80516.396484375,107264.13939030122,SPY|short|straddle,100000.0,207264.13939030122,1.0726413939030124,206902.1505667054,0.001749565302266615,206902.1505667054,0.3891520521359514,126385.75408233039
SPY,straddle,short,2025-11-10,2025-11-11,681.4400024414062,679.9500122070312,682.0,681.0,9.885398937673529,9.351832236278142,0.13778295956026138,320.14002083723244,5931.239362604118,-5611.099341766885,81772.80029296875,107584.27941113846,SPY|short|straddle,100000.0,207584.27941113844,1.0758427941113844,207264.13939030122,0.0015445991852665525,207264.13939030122,0.3945342427952843,125491.33909733247
SPY,straddle,short,2025-11-11,2025-11-12,683.0,684.7899780273438,684.0,683.0,9.890720228285772,9.448649181854137,0.13758143324336455,265.242627858981,5934.4321369714635,-5669.1895091124825,81960.0,107849.52203899744,SPY|short|straddle,100000.0,207849.52203899744,1.0784952203899745,207584.27941113844,0.001277758742672634,207584.27941113844,0.39482758633023074,125624.27941113844
SPY,straddle,short,2025-11-12,2025-11-13,683.3800048828125,680.5,684.0,683.0,9.882386590801502,9.509746215670077,0.13736645547313353,223.58422507885462,5929.431954480901,-5705.847729402047,82005.6005859375,108073.10626407628,SPY|short|straddle,100000.0,208073.10626407628,1.080731062640763,207849.52203899744,0.001075702377785141,207849.52203899744,0.39454312803544156,125843.92145305994
SPY,straddle,short,2025-11-13,2025-11-14,672.0399780273438,665.3800048828125,673.0,672.0,10.376960495885442,11.092202983604864,0.1463808702844411,-429.1454926316528,6226.176297531265,-6655.321790162918,80644.79736328125,107643.96077144463,SPY|short|straddle,100000.0,207643.96077144463,1.0764396077144465,208073.10626407628,-0.002062474580866795,208073.10626407628,0.3875791485562329,127428.30890079503
SPY,straddle,short,2025-11-14,2025-11-17,671.9299926757812,669.7000122070312,673.0,672.0,10.376214831332675,8.216798201140875,0.14638287511871173,1295.6499781150796,6225.728898799605,-4930.078920684526,80631.59912109375,108939.61074955971,SPY|short|straddle,100000.0,208939.6107495597,1.0893961074955971,207643.96077144463,0.006239767211632088,207643.96077144463,0.38831661090228187,127012.36165035088
SPY,straddle,short,2025-11-17,2025-11-18,665.6699829101562,662.0999755859375,667.0,666.0,10.437558697382713,10.298407974174609,0.1485254513315246,83.49043392486237,6262.535218429628,-6179.044784504766,79880.39794921875,109023.10118348458,SPY|short|straddle,100000.0,209023.1011834846,1.0902310118348462,208939.6107495597,0.0003995912198043487,208939.6107495597,0.3823133280599695,129059.21280034096
SPY,straddle,short,2025-11-18,2025-11-19,660.0800170898438,660.780029296875,661.0,660.0,10.453875893151462,9.890697061198523,0.15009047868121303,337.90729917176395,6272.325535890877,-5934.418236719113,79209.60205078125,109361.00848265634,SPY|short|straddle,100000.0,209361.00848265633,1.093610084826563,209023.1011834846,0.001616602649460943,209023.1011834846,0.37895142499703655,129813.49913270335
SPY,straddle,short,2025-11-19,2025-11-20,662.6300048828125,672.9099731445312,664.0,663.0,10.455599918104383,12.780109818935415,0.14943711800459725,-1394.7059404986194,6273.35995086263,-7668.06589136125,79515.6005859375,107966.30254215772,SPY|short|straddle,100000.0,207966.3025421577,1.0796630254215769,209361.00848265633,-0.006661727274848116,209361.00848265633,0.3798013830857366,129845.40789671883
SPY,straddle,short,2025-11-20,2025-11-21,652.530029296875,655.0499877929688,654.0,653.0,10.722283967895748,10.25685118079565,0.15540316252680716,279.25967226005923,6433.3703807374495,-6154.11070847739,78303.603515625,108245.56221441778,SPY|short|straddle,100000.0,208245.5622144178,1.082455622144178,207966.3025421577,0.0013428121231488903,207966.3025421577,0.3765206312679034,129662.6990265327
SPY,straddle,short,2025-11-21,2025-11-24,659.030029296875,662.6900024414062,660.0,659.0,9.462013812020302,7.801797848611159,0.1366944709595967,996.1295780454857,5677.208287212181,-4681.078709166695,79083.603515625,109241.69179246327,SPY|short|straddle,100000.0,209241.69179246327,1.0924169179246328,208245.5622144178,0.004783437243286038,208245.5622144178,0.3797612908274003,129161.95869879279
SPY,straddle,short,2025-11-24,2025-11-25,668.72998046875,668.6300048828125,670.0,669.0,9.570254303892227,9.03551966287614,0.13612036947318257,320.8407846096525,5742.152582335337,-5421.311797725684,80247.59765625,109562.53257707293,SPY|short|straddle,100000.0,209562.5325770729,1.0956253257707291,209241.69179246327,0.0015333501744378886,209241.69179246327,0.38351629146567845,128994.09413621327
SPY,straddle,short,2025-11-25,2025-11-26,675.02001953125,677.6300048828125,676.0,675.0,9.840647533615538,9.524969828544897,0.13853716461394072,189.40662304238504,5904.388520169323,-5714.981897126938,81002.40234375,109751.9392001153,SPY|short|straddle,100000.0,209751.9392001153,1.097519392001153,209562.5325770729,0.0009038191164860306,209562.5325770729,0.38653093827236956,128560.13023332291
SPY,straddle,short,2025-11-26,2025-11-28,679.6799926757812,680.8599853515625,681.0,680.0,9.974395062877193,8.617455715757274,0.1392997941167295,814.1636082719515,5984.637037726316,-5170.473429454364,81561.59912109375,110566.10280838725,SPY|short|straddle,100000.0,210566.10280838725,1.1056610280838726,209751.9392001153,0.0038815546181682403,209751.9392001153,0.3888478906661232,128190.34007902155
SPY,straddle,short,2025-11-28,2025-12-01,683.3900146484375,678.8099975585938,684.0,683.0,9.934577677444508,8.361075199293708,0.13805438508371531,944.1014868904804,5960.746606466705,-5016.645119576225,82006.8017578125,111510.20429527774,SPY|short|straddle,100000.0,211510.20429527774,1.1151020429527776,210566.10280838725,0.004483634708049861,210566.10280838725,0.3894587051954785,128559.30105057475
SPY,straddle,short,2025-12-01,2025-12-02,680.27001953125,681.9199829101562,681.0,680.0,9.905419271376047,9.47407120210812,0.13832201437968836,258.80884156075535,5943.251562825628,-5684.4427212648725,81632.40234375,111769.01313683849,SPY|short|straddle,100000.0,211769.0131368385,1.1176901313683851,211510.20429527774,0.0012236234295317809,211510.20429527774,0.38595018436929646,129877.80195152774
SPY,straddle,short,2025-12-02,2025-12-03,681.530029296875,680.5700073242188,683.0,682.0,9.712478359496856,9.224805194778355,0.13538024479277366,292.6038988311011,5827.487015698114,-5534.883116867013,81783.603515625,112061.6170356696,SPY|short|straddle,100000.0,212061.6170356696,1.120616170356696,211769.0131368385,0.0013817125295948261,211769.0131368385,0.38619249485182705,129985.4096212135
SPY,straddle,short,2025-12-03,2025-12-04,683.8900146484375,685.2999877929688,685.0,684.0,9.758543118116563,9.273372554007437,0.1356382551631164,291.10233846547544,5855.125870869938,-5564.0235324044625,82066.8017578125,112352.71937413506,SPY|short|straddle,100000.0,212352.71937413508,1.1235271937413507,212061.6170356696,0.0013727252603968915,212061.6170356696,0.3869950767375717,129994.8152778571
SPY,straddle,short,2025-12-04,2025-12-05,684.3900146484375,685.469970703125,685.0,684.0,9.681968117193719,9.209225176693053,0.13450658405546026,283.6457643003996,5809.180870316231,-5525.535106015832,82126.8017578125,112636.36513843547,SPY|short|straddle,100000.0,212636.36513843547,1.126363651384355,212352.71937413508,0.0013357293710972282,212352.71937413508,0.3867471158356905,130225.91761632258
SPY,straddle,short,2025-12-05,2025-12-08,685.6900024414062,686.5900268554688,687.0,686.0,9.64146086518383,7.436597854667411,0.13368603135846133,1322.9178063098516,5784.876519110298,-4461.958712800447,82282.80029296875,113959.28294474533,SPY|short|straddle,100000.0,213959.28294474533,1.1395928294474533,212636.36513843547,0.006221503106717305,212636.36513843547,0.38696485542065717,130353.56484546672
SPY,straddle,short,2025-12-08,2025-12-09,683.6300048828125,683.1500244140625,685.0,684.0,9.499064017915089,8.984332739774345,0.13217978451001255,308.83876688444616,5699.438410749053,-5390.599643864607,82035.6005859375,114268.12171162976,SPY|short|straddle,100000.0,214268.12171162976,1.1426812171162974,213959.28294474533,0.001443446447538354,213959.28294474533,0.38341687940281177,131923.68235880783
SPY,straddle,short,2025-12-09,2025-12-10,683.0399780273438,682.5599975585938,684.0,683.0,9.145373045354859,8.634844561898433,0.12769136649829524,306.317090073856,5487.223827212915,-5180.906737139059,81964.79736328125,114574.43880170363,SPY|short|straddle,100000.0,214574.43880170363,1.1457443880170364,214268.12171162976,0.0014295971217132767,214268.12171162976,0.38253379321443165,132303.3243483485
SPY,straddle,short,2025-12-10,2025-12-11,687.5700073242188,685.1400146484375,689.0,688.0,9.312712508333107,9.052281291086672,0.12894371768366356,156.25873034786127,5587.627504999864,-5431.368774652003,82508.40087890625,114730.69753205149,SPY|short|straddle,100000.0,214730.69753205148,1.147306975320515,214574.43880170363,0.0007282262100765222,214574.43880170363,0.38452110763833985,132066.03792279738
SPY,straddle,short,2025-12-11,2025-12-12,689.1699829101562,688.1699829101562,690.0,689.0,9.339976740615498,8.831746193493018,0.12911098062904386,304.93832827348797,5603.986044369299,-5299.047716095811,82700.39794921875,115035.63586032497,SPY|short|straddle,100000.0,215035.63586032495,1.1503563586032497,214730.69753205148,0.0014200965757491277,214730.69753205148,0.38513542264665995,132030.29958283273
SPY,straddle,short,2025-12-12,2025-12-15,681.760009765625,685.739990234375,683.0,682.0,9.223661381573777,7.644415888940301,0.12892623301372205,947.547295580086,5534.196828944267,-4586.649533364181,81811.201171875,115983.18315590506,SPY|short|straddle,100000.0,215983.18315590505,1.1598318315590506,215035.63586032495,0.0044064663598156325,215035.63586032495,0.3804541551662393,133224.43468844995
SPY,straddle,short,2025-12-15,2025-12-16,680.72998046875,679.22998046875,682.0,681.0,9.18865350479797,8.772016803151132,0.1286463003429745,249.9820209881027,5513.192102878782,-5263.210081890679,81687.59765625,116233.16517689316,SPY|short|straddle,100000.0,216233.16517689318,1.1623316517689317,215983.18315590505,0.0011574142826094752,215983.18315590505,0.3782127685250602,134295.58549965505
SPY,straddle,short,2025-12-16,2025-12-17,678.8699951171875,679.8900146484375,680.0,679.0,9.166370524814454,8.682346759940799,0.1287361719660116,290.41425892419284,5499.822314888672,-5209.408055964479,81464.3994140625,116523.57943581736,SPY|short|straddle,100000.0,216523.57943581737,1.165235794358174,216233.16517689318,0.0013430606664181907,216233.16517689318,0.3767433147797618,134768.76576283068
SPY,straddle,short,2025-12-17,2025-12-18,671.4000244140625,677.5999755859375,672.0,671.0,9.013183351063958,10.016104958324462,0.12807919807149726,-601.7529643563021,5407.910010638375,-6009.662974994677,80568.0029296875,115921.82647146106,SPY|short|straddle,100000.0,215921.82647146104,1.1592182647146103,216523.57943581737,-0.0027791567362975157,216523.57943581737,0.37209805573886573,135955.57650612987
SPY,straddle,short,2025-12-18,2025-12-19,676.469970703125,676.5900268554688,677.0,676.0,9.201270449787955,8.687432449241896,0.1296175628012334,308.30280032763585,5520.762269872774,-5212.459469545138,81176.396484375,116230.12927178868,SPY|short|straddle,100000.0,216230.1292717887,1.162301292717887,215921.82647146104,0.0014278445369133863,215921.82647146104,0.37595271312279444,134745.42998708604
SPY,straddle,short,2025-12-19,2025-12-22,680.5900268554688,683.9400024414062,682.0,681.0,9.041620617237072,7.294541542064508,0.1266632920813577,1048.2474451035387,5424.972370342243,-4376.724925238705,81670.80322265625,117278.37671689222,SPY|short|straddle,100000.0,217278.37671689223,1.1727837671689225,216230.1292717887,0.004847832485851001,216230.1292717887,0.37770316050637326,134559.32604913245
SPY,straddle,short,2025-12-22,2025-12-23,684.8300170898438,683.9199829101562,686.0,685.0,9.175957625160493,8.695422494977947,0.1277354620945751,288.32107810952766,5505.574575096296,-5217.253496986768,82179.60205078125,117566.69779500176,SPY|short|straddle,100000.0,217566.69779500176,1.1756669779500175,217278.37671689223,0.001326966274629353,217278.37671689223,0.37822264365431546,135098.77466611098
SPY,straddle,short,2025-12-23,2025-12-24,687.9600219726562,687.9500122070312,689.0,688.0,8.665287183187843,8.17624638746986,0.12045137136060584,293.4244774307899,5199.172309912706,-4905.747832481916,82555.20263671875,117860.12227243255,SPY|short|straddle,100000.0,217860.12227243255,1.1786012227243257,217566.69779500176,0.0013486644803850623,217566.69779500176,0.37944778991178546,135011.495158283
SPY,straddle,short,2025-12-24,2025-12-26,690.3800048828125,690.6400146484375,691.0,690.0,8.717681868671718,7.509791614916651,0.12067746845307324,724.7341522530405,5230.6091212030315,-4505.874968949991,82845.6005859375,118584.85642468558,SPY|short|straddle,100000.0,218584.85642468557,1.1858485642468555,217860.12227243255,0.0033266030730799167,217860.12227243255,0.38026968736545397,135014.52168649505
SPY,straddle,short,2025-12-26,2025-12-29,690.3099975585938,687.5399780273438,691.0,690.0,8.715835637626242,6.992105739141124,0.12068314501241054,1034.237939091071,5229.501382575745,-4195.263443484674,82837.19970703125,119619.09436377666,SPY|short|straddle,100000.0,219619.09436377668,1.1961909436377667,218584.85642468557,0.004731516885514082,218584.85642468557,0.37897044224366566,135747.65671765432
SPY,straddle,short,2025-12-29,2025-12-30,687.8499755859375,687.4500122070312,689.0,688.0,7.876697074232084,7.440290457689628,0.11006781647021999,261.8439699254732,4726.01824453925,-4464.174274613777,82541.9970703125,119880.93833370213,SPY|short|straddle,100000.0,219880.93833370213,1.1988093833370215,219619.09436377668,0.0011922641366135282,219619.09436377668,0.3758416239236015,137077.09729346418
SPY,straddle,short,2025-12-30,2025-12-31,687.010009765625,687.1400146484375,688.0,687.0,7.8741957628301975,7.428605432267204,0.11018890986376209,267.35419833779633,4724.517457698119,-4457.163259360323,82441.201171875,120148.29253203992,SPY|short|straddle,100000.0,220148.29253203992,1.2014829253203994,219880.93833370213,0.0012159043906391123,219880.93833370213,0.3749356437926337,137439.73716182713
SPY,straddle,short,2025-12-31,2026-01-02,681.9199829101562,685.7100219726562,683.0,682.0,7.707569975781098,7.216152144048323,0.10878891926905364,294.8506990396654,4624.541985468659,-4329.691286428993,81830.39794921875,120443.1432310796,SPY|short|straddle,100000.0,220443.1432310796,1.204431432310796,220148.29253203992,0.0013393276670394954,220148.29253203992,0.3717058034293376,138317.89458282117
SPY,straddle,short,2026-01-02,2026-01-05,683.1699829101562,686.5399780273438,684.0,683.0,7.453796494324251,6.300535045632273,0.10522490225957538,691.956869215187,4472.277896594551,-3780.321027379364,81980.39794921875,121135.10010029477,SPY|short|straddle,100000.0,221135.10010029477,1.2113510010029476,220443.1432310796,0.003138935777602495,220443.1432310796,0.37188908100118484,138462.74528186084
SPY,straddle,short,2026-01-05,2026-01-06,687.719970703125,687.9299926757812,689.0,688.0,7.580615206595496,7.148744760878685,0.10615239246576148,259.12226743008705,4548.369123957298,-4289.246856527211,82526.396484375,121394.22236772487,SPY|short|straddle,100000.0,221394.22236772487,1.2139422236772486,221135.10010029477,0.0011717826220828957,221135.10010029477,0.373194470018308,138608.70361591977
SPY,straddle,short,2026-01-06,2026-01-07,691.8099975585938,692.1900024414062,693.0,692.0,6.738578945227118,6.3547781467897835,0.09452078701744786,230.2804790624009,4043.147367136271,-3812.86688807387,83017.19970703125,121624.50284678726,SPY|short|straddle,100000.0,221624.50284678728,1.2162450284678727,221394.22236772487,0.0010401377082005167,221394.22236772487,0.3749745536229206,138377.02266069362
SPY,straddle,short,2026-01-07,2026-01-08,689.5800170898438,688.8200073242188,691.0,690.0,6.572517773919117,6.254426265356642,0.09255265707911327,190.85490513748482,3943.51066435147,-3752.655759213985,82749.60205078125,121815.35775192475,SPY|short|straddle,100000.0,221815.35775192475,1.2181535775192476,221624.50284678728,0.0008611633762780553,221624.50284678728,0.37337749656673763,138874.90079600603
SPY,straddle,short,2026-01-08,2026-01-09,689.510009765625,690.6300048828125,691.0,690.0,5.915401467711547,5.5877711948935485,0.08387167892713239,196.5781636907991,3549.240880626928,-3352.662716936129,82741.201171875,122011.93591561556,SPY|short|straddle,100000.0,222011.93591561556,1.2201193591561554,221815.35775192475,0.0008862243159495269,221815.35775192475,0.3730183609036288,139074.15658004975
SPY,straddle,short,2026-01-09,2026-01-12,694.0700073242188,690.6799926757812,695.0,694.0,5.789256546511979,5.178846404638193,0.08183695208094197,366.2460851242713,3473.5539279071872,-3107.307842782916,83288.40087890625,122378.18200073982,SPY|short|straddle,100000.0,222378.18200073982,1.2237818200073982,222011.93591561556,0.0016496684451392633,222011.93591561556,0.3751528066966783,138723.5350367093
SPY,straddle,short,2026-01-12,2026-01-13,695.1599731445312,695.489990234375,696.0,695.0,5.652035681722452,5.3359560864474815,0.07990522750703,189.64775716498252,3391.2214090334714,-3201.573651868489,83419.19677734375,122567.82975790481,SPY|short|straddle,100000.0,222567.8297579048,1.225678297579048,222378.18200073982,0.0008528163844974306,222378.18200073982,0.37512311696597206,138958.98522339607
SPY,straddle,short,2026-01-13,2026-01-14,693.77001953125,691.0,695.0,694.0,5.573437334164964,5.736377560638516,0.07901409006380808,-97.76413588413106,3344.0624004989786,-3441.8265363831097,83252.40234375,122470.06562202067,SPY|short|straddle,100000.0,222470.0656220207,1.224700656220207,222567.8297579048,-0.00043925546648171344,222567.8297579048,0.3740540689744187,139315.4274141548
SPY,straddle,short,2026-01-14,2026-01-15,690.3599853515625,694.5700073242188,691.0,690.0,5.562529922926728,6.356573581395594,0.07921666470706613,-476.4261950813193,3337.517953756037,-3813.9441488373564,82843.1982421875,121993.63942693935,SPY|short|straddle,100000.0,221993.63942693936,1.2199363942693937,222470.0656220207,-0.00214152944014847,222470.0656220207,0.37237907945304916,139626.8673798332
SPY,straddle,short,2026-01-15,2026-01-16,692.239990234375,693.6599731445312,693.0,692.0,5.588265991425374,5.413446714150098,0.07938614098998542,104.89156636516554,3352.959594855224,-3248.0680284900586,83068.798828125,122098.53099330452,SPY|short|straddle,100000.0,222098.5309933045,1.2209853099330452,221993.63942693936,0.00047249807082732454,221993.63942693936,0.3741944996377425,138924.84059881436
SPY,straddle,short,2026-01-16,2026-01-20,691.6599731445312,681.489990234375,693.0,692.0,5.555937836084581,10.331375295818967,0.07898026106540734,-2865.262475840631,3333.5627016507487,-6198.82517749138,82999.19677734375,119233.26851746389,SPY|short|straddle,100000.0,219233.26851746388,1.1923326851746388,222098.5309933045,-0.012900861896862383,222098.5309933045,0.37370439329851257,139099.33421596076
SPY,straddle,short,2026-01-20,2026-01-21,677.5800170898438,679.6500244140625,679.0,678.0,6.975727837745808,6.6985390660356074,0.09958369574946604,166.31326302612024,4185.436702647485,-4019.1234396213645,81309.60205078125,119399.58178049,SPY|short|straddle,100000.0,219399.58178049,1.1939958178049,219233.26851746388,0.000758613253138047,219233.26851746388,0.3708816759455658,137923.66646668263
SPY,straddle,short,2026-01-21,2026-01-22,685.4000244140625,689.8499755859375,686.0,685.0,7.479214007035068,8.027874844927169,0.10516058709820021,-329.19650273526076,4487.528404221041,-4816.724906956301,82248.0029296875,119070.38527775474,SPY|short|straddle,100000.0,219070.38527775474,1.1907038527775473,219399.58178049,-0.0015004427085217643,219399.58178049,0.37487766504485365,137151.5788508025
SPY,straddle,short,2026-01-22,2026-01-23,688.97998046875,688.1500244140625,690.0,689.0,7.566256598843495,7.163372796375995,0.10582233770537054,241.7302814805007,4539.753959306097,-4298.023677825597,82677.59765625,119312.11555923524,SPY|short|straddle,100000.0,219312.11555923524,1.1931211555923524,219070.38527775474,0.0011034366017753424,219070.38527775474,0.37740198225070365,136392.78762150474
SPY,straddle,short,2026-01-23,2026-01-26,689.22998046875,690.489990234375,690.0,689.0,7.566294756941943,5.896831137092931,0.10576889483416659,1001.678171909407,4539.776854165166,-3538.098682255759,82707.59765625,120313.79373114466,SPY|short|straddle,100000.0,220313.79373114466,1.2031379373114466,219312.11555923524,0.00456736359208964,219312.11555923524,0.37712279344599653,136604.51790298524
SPY,strangle,short,2024-01-29,2024-01-30,491.2699890136719,490.55999755859375,501.0,481.0,13.159349640165829,12.057270549303638,0.4,661.2474545173136,7895.609784099497,-7234.3623295821835,58952.398681640625,661.2474545173136,SPY|short|strangle,100000.0,100661.24745451732,0.006612474545173219,100000.0,0.006612474545173136,100000.0,0.5895239868164063,41047.601318359375
SPY,strangle,short,2024-01-30,2024-01-31,490.8900146484375,488.6199951171875,501.0,481.0,13.145687760115038,12.073895742733384,0.4,643.0752104289922,7887.412656069023,-7244.337445640031,58906.8017578125,1304.3226649463058,SPY|short|strangle,100000.0,101304.3226649463,0.013043226649463113,100661.24745451732,0.0063885082560650635,100661.24745451732,0.5851984080013403,41754.44569670482
SPY,strangle,short,2024-01-31,2024-02-01,482.8800048828125,484.6300048828125,493.0,473.0,2.593596432594552,2.360126569919231,0.17598692914419503,140.08191760519253,1556.1578595567312,-1416.0759419515387,57945.6005859375,1444.4045825514984,SPY|short|strangle,100000.0,101444.40458255149,0.01444404582551484,101304.3226649463,0.001382783221092146,101304.3226649463,0.5719953409844776,43358.7220790088
SPY,strangle,short,2024-02-01,2024-02-02,489.20001220703125,489.6499938964844,499.0,479.0,5.089607667899699,4.561693328132179,0.2339553367185922,316.7486038605116,3053.7646007398193,-2737.0159968793077,58704.00146484375,1761.15318641201,SPY|short|strangle,100000.0,101761.153186412,0.017611531864120122,101444.40458255149,0.003122386149969996,101444.40458255149,0.5786815123654526,42740.40311770774
SPY,strangle,short,2024-02-02,2024-02-05,494.3500061035156,493.70001220703125,504.0,484.0,4.28071329142432,2.37629972801237,0.21302880993339518,1142.64813804717,2568.427974854592,-1425.7798368074218,59322.000732421875,2903.8013244591803,SPY|short|strangle,100000.0,102903.80132445919,0.029038013244591765,101761.153186412,0.011228726309282292,101761.153186412,0.5829533065899163,42439.15245399013
SPY,strangle,short,2024-02-05,2024-02-06,492.54998779296875,493.5199890136719,502.0,483.0,3.4302487978775815,3.0715084129371633,0.18815998628327021,215.24423096425085,2058.149278726549,-1842.905047762298,59105.99853515625,3119.045555423431,SPY|short|strangle,100000.0,103119.04555542344,0.031190455554234386,102903.80132445919,0.002091703398648787,102903.80132445919,0.5743810993803137,43797.802789302936
SPY,strangle,short,2024-02-06,2024-02-07,493.9800109863281,496.2900085449219,504.0,484.0,2.480406158447309,2.334981273952387,0.168999956033162,87.25493069695335,1488.2436950683855,-1400.9887643714321,59277.601318359375,3206.3004861203844,SPY|short|strangle,100000.0,103206.30048612038,0.032063004861203837,103119.04555542344,0.0008461572760587316,103119.04555542344,0.5748462953577225,43841.44423706406
SPY,strangle,short,2024-02-07,2024-02-08,498.1000061035156,498.1000061035156,508.0,488.0,2.2190527152327206,1.9107847656219974,0.16051884441656028,184.96076976643394,1331.4316291396324,-1146.4708593731984,59772.000732421875,3391.261255886818,SPY|short|strangle,100000.0,103391.26125588681,0.03391261255886824,103206.30048612038,0.0017921461082824905,103206.30048612038,0.5791506957509853,43434.299753698506
SPY,strangle,short,2024-02-08,2024-02-09,498.32000732421875,498.8399963378906,508.0,488.0,1.8143307763657788,1.5751330480800334,0.14885973135029643,143.51863697144722,1088.5984658194673,-945.07982884802,59798.40087890625,3534.779892858265,SPY|short|strangle,100000.0,103534.77989285826,0.03534779892858264,103391.26125588681,0.0013881118696893319,103391.26125588681,0.5783699720125186,43592.86037698056
SPY,strangle,short,2024-02-09,2024-02-12,501.20001220703125,501.1700134277344,511.0,491.0,1.5693429853302092,0.6861814895808607,0.14083050445440784,529.8968974496091,941.6057911981255,-411.7088937485164,60144.00146484375,4064.6767903078744,SPY|short|strangle,100000.0,104064.67679030787,0.04064676790307864,103534.77989285826,0.005118056927324003,103534.77989285826,0.5809062570769268,43390.77842801451
SPY,strangle,short,2024-02-12,2024-02-13,500.9800109863281,494.5299987792969,511.0,491.0,1.3270109819021485,1.959426277119789,0.13344730647489225,-379.4491771305842,796.2065891412891,-1175.6557662718733,60117.601318359375,3685.2276131772906,SPY|short|strangle,100000.0,103685.2276131773,0.03685227613177289,104064.67679030787,-0.0036462821855986816,104064.67679030787,0.5776945950593532,43947.0754719485
SPY,strangle,short,2024-02-13,2024-02-14,494.0799865722656,496.7900085449219,504.0,484.0,1.7197337842407308,1.7194101148490617,0.1475304730424499,0.194201635001491,1031.8402705444385,-1031.646068909437,59289.598388671875,3685.421814812292,SPY|short|strangle,100000.0,103685.42181481229,0.03685421814812284,103685.2276131773,1.8729923198510685e-06,103685.2276131773,0.5718230046218927,44395.62922450542
SPY,strangle,short,2024-02-14,2024-02-15,498.57000732421875,499.2900085449219,509.0,489.0,1.70768910582224,1.4675777856633943,0.1459927280225351,144.06679209530762,1024.6134634933442,-880.5466713980366,59828.40087890625,3829.488606907599,SPY|short|strangle,100000.0,103829.4886069076,0.03829488606907594,103685.42181481229,0.0013894604426899918,103685.42181481229,0.5770184451365109,43857.02093590604
SPY,strangle,short,2024-02-15,2024-02-16,502.010009765625,501.70001220703125,512.0,492.0,1.610007833702923,1.3581958466170647,0.14197126043419359,151.08719225151503,966.0047002217539,-814.9175079702388,60241.201171875,3980.5757991591145,SPY|short|strangle,100000.0,103980.57579915911,0.03980575799159114,103829.4886069076,0.0014551472253082392,103829.4886069076,0.5801935652398779,43588.2874350326
SPY,strangle,short,2024-02-16,2024-02-20,499.510009765625,497.7200012207031,510.0,490.0,1.4958167401516675,0.44572371150375645,0.13929402711910568,630.0558171887467,897.4900440910005,-267.43422690225384,59941.201171875,4610.631616347861,SPY|short|strangle,100000.0,104610.63161634786,0.04610631616347871,103980.57579915911,0.006059360725273479,103980.57579915911,0.5764653706828169,44039.37462728411
SPY,strangle,short,2024-02-20,2024-02-21,496.760009765625,495.4200134277344,507.0,487.0,1.399510762498224,1.2016557164205608,0.13701470414764558,118.71302764659788,839.7064574989344,-720.9934298523365,59611.201171875,4729.344643994459,SPY|short|strangle,100000.0,104729.34464399445,0.0472934464399446,104610.63161634786,0.001134808439757534,104610.63161634786,0.5698388419113546,44999.43044447286
SPY,strangle,short,2024-02-21,2024-02-22,497.2099914550781,504.010009765625,507.0,487.0,1.2689317703893082,2.4039105706846744,0.13237039059205896,-680.9872801772196,761.3590622335848,-1442.3463424108045,59665.198974609375,4048.3573638172393,SPY|short|strangle,100000.0,104048.35736381724,0.04048357363817234,104729.34464399445,-0.006502354067927129,104729.34464399445,0.569708510804004,45064.14566938508
SPY,strangle,short,2024-02-22,2024-02-23,507.5,509.2699890136719,518.0,497.0,1.7418589722400526,1.5949734769928767,0.1489933157714076,88.13129714830563,1045.1153833440317,-956.984086195726,60900.0,4136.488660965545,SPY|short|strangle,100000.0,104136.48866096555,0.04136488660965543,104048.35736381724,0.0008470224747531982,104048.35736381724,0.5853047711945709,43148.35736381724
SPY,strangle,short,2024-02-23,2024-02-26,507.8500061035156,508.29998779296875,518.0,498.0,1.7535292309663078,0.8002988506456674,0.1446171059683181,571.9382281923843,1052.1175385797847,-480.17931038740045,60942.000732421875,4708.4268891579295,SPY|short|strangle,100000.0,104708.42688915793,0.04708426889157935,104136.48866096555,0.005492198129076818,104136.48866096555,0.5852127483463472,43194.48792854368
SPY,strangle,short,2024-02-26,2024-02-27,505.989990234375,506.70001220703125,516.0,496.0,1.64714908498226,1.4271800537164623,0.1419695787545395,131.98141875947863,988.289450989356,-856.3080322298774,60718.798828125,4840.408307917408,SPY|short|strangle,100000.0,104840.4083079174,0.0484040830791741,104708.42688915793,0.0012604660644858251,104708.42688915793,0.5798845482837843,43989.62806103293
SPY,strangle,short,2024-02-27,2024-02-28,506.92999267578125,505.3299865722656,517.0,497.0,1.5287237497761197,1.3177024625607956,0.13818720402482731,126.6127723291944,917.2342498656718,-790.6214775364774,60831.59912109375,4967.021080246603,SPY|short|strangle,100000.0,104967.0210802466,0.04967021080246603,104840.4083079174,0.0012076714920580176,104840.4083079174,0.5802304674589849,44008.80918682365
SPY,strangle,short,2024-02-28,2024-02-29,506.260009765625,508.07000732421875,516.0,496.0,1.4291153455811028,1.3496044518208876,0.1350601559202161,47.706536256129084,857.4692073486617,-809.7626710925326,60751.201171875,5014.7276165027315,SPY|short|strangle,100000.0,105014.72761650273,0.05014727616502723,104967.0210802466,0.0004544907130369809,104967.0210802466,0.578764649569612,44215.8199083716
SPY,strangle,short,2024-02-29,2024-03-01,508.0799865722656,508.9800109863281,518.0,498.0,1.342523824475883,1.1714110859321352,0.1320072746051065,102.66764312624878,805.5142946855299,-702.8466515592811,60969.598388671875,5117.39525962898,SPY|short|strangle,100000.0,105117.39525962897,0.05117395259628976,105014.72761650273,0.00097764994926402,105014.72761650273,0.5805814076985779,44045.129227830854
SPY,strangle,short,2024-03-01,2024-03-04,512.8499755859375,512.030029296875,523.0,503.0,1.3627538263940409,0.5782979035777274,0.13154094309661135,470.6735536897881,817.6522958364245,-346.9787421466364,61541.9970703125,5588.068813318769,SPY|short|strangle,100000.0,105588.06881331877,0.055880688133187695,105117.39525962897,0.004477599093159354,105117.39525962897,0.5854596845584901,43575.398189316475
SPY,strangle,short,2024-03-04,2024-03-05,512.2999877929688,510.239990234375,523.0,502.0,1.1462030682892106,1.0141877039425538,0.12900233308040684,79.2092186079941,687.7218409735264,-608.5126223655323,61475.99853515625,5667.278031926762,SPY|short|strangle,100000.0,105667.27803192676,0.0566727803192677,105588.06881331877,0.000750172055405589,105588.06881331877,0.5822248595515721,44112.070278162515
SPY,strangle,short,2024-03-05,2024-03-06,507.17999267578125,510.54998779296875,517.0,497.0,1.3286678214816021,1.4973261088024437,0.131717823083868,-101.19497239250484,797.2006928889613,-898.3956652814661,60861.59912109375,5566.083059534258,SPY|short|strangle,100000.0,105566.08305953426,0.05566083059534255,105667.27803192676,-0.000957675585832062,105667.27803192676,0.5759739462835862,44805.67891083301
SPY,strangle,short,2024-03-06,2024-03-07,509.75,513.1400146484375,520.0,500.0,1.2754410347829293,1.3834169429101735,0.1295918884610685,-64.78554487634653,765.2646208697576,-830.0501657461041,61170.0,5501.297514657911,SPY|short|strangle,100000.0,105501.29751465791,0.0550129751465791,105566.08305953426,-0.0006136965869976493,105566.08305953426,0.5794474723998524,44396.083059534256
SPY,strangle,short,2024-03-07,2024-03-08,514.8099975585938,515.4600219726562,525.0,505.0,1.3187819735146036,1.1256401419968114,0.12967535291976584,115.88509891067531,791.2691841087621,-675.3840851980868,61777.19970703125,5617.182613568586,SPY|short|strangle,100000.0,105617.18261356858,0.05617182613568583,105501.29751465791,0.0010984234473000174,105501.29751465791,0.5855586723798177,43724.09780762666
SPY,strangle,short,2024-03-08,2024-03-11,511.7200012207031,510.4800109863281,522.0,501.0,1.1605135786564844,0.45892837209802195,0.1293598969761145,420.9511239350774,696.3081471938906,-275.3570232588132,61406.400146484375,6038.133737503664,SPY|short|strangle,100000.0,106038.13373750367,0.06038133737503659,105617.18261356858,0.0039856310641730565,105617.18261356858,0.581405398505636,44210.78246708421
SPY,strangle,short,2024-03-11,2024-03-12,511.2799987792969,513.4500122070312,522.0,501.0,1.0867065234081181,1.0315048508092346,0.12721235102642242,33.12100355933012,652.0239140448709,-618.9029104855408,61353.599853515625,6071.254741062994,SPY|short|strangle,100000.0,106071.25474106299,0.060712547410629814,106038.13373750367,0.0003123499291426689,106038.13373750367,0.5785993933597119,44684.53388398804
SPY,strangle,short,2024-03-12,2024-03-13,516.780029296875,517.1099853515625,527.0,506.0,1.1563298424573318,0.9739657415055731,0.12788706683597556,109.41846057105522,693.7979054743992,-584.3794449033439,62013.603515625,6180.673201634049,SPY|short|strangle,100000.0,106180.67320163405,0.06180673201634046,106071.25474106299,0.0010315562009534374,106071.25474106299,0.5846409912563982,44057.65122543799
SPY,strangle,short,2024-03-13,2024-03-14,515.969970703125,516.969970703125,526.0,506.0,1.2786857402709728,1.1168612725496558,0.1280406792905098,97.09468063279019,767.2114441625837,-670.1167635297935,61916.396484375,6277.7678822668395,SPY|short|strangle,100000.0,106277.76788226684,0.06277767882266838,106180.67320163405,0.000914428941775592,106180.67320163405,0.5831230356469631,44264.276717259054
SPY,strangle,short,2024-03-14,2024-03-15,514.9500122070312,510.2099914550781,525.0,505.0,0.9333421493181504,1.1835883373717841,0.11661041734514066,-150.14771283218022,560.0052895908902,-710.1530024230705,61794.00146484375,6127.620169434659,SPY|short|strangle,100000.0,106127.62016943465,0.061276201694346444,106277.76788226684,-0.0014127857201377428,106277.76788226684,0.5814386460703461,44483.76641742309
SPY,strangle,short,2024-03-15,2024-03-18,509.8299865722656,514.0,520.0,500.0,0.9115148308056007,0.7118498489022302,0.11704617180875974,119.79898914202226,546.9088984833604,-427.10990934133815,61179.598388671875,6247.419158576681,SPY|short|strangle,100000.0,106247.41915857668,0.062474191585766725,106127.62016943465,0.00112882008426045,106127.62016943465,0.5764719711136229,44948.02178076278
SPY,strangle,short,2024-03-18,2024-03-19,512.8599853515625,512.1500244140625,523.0,503.0,0.8671018379573923,0.7089355712421863,0.11469409757059776,94.89976002912357,520.2611027744354,-425.3613427453118,61543.1982421875,6342.318918605805,SPY|short|strangle,100000.0,106342.3189186058,0.06342318918605794,106247.41915857668,0.000893195908010561,106247.41915857668,0.5792441711015388,44704.22091638918
SPY,strangle,short,2024-03-19,2024-03-20,515.7100219726562,515.77001953125,526.0,505.0,0.7782201278932774,0.6326750283736402,0.11439327889420103,87.32705971178234,466.93207673596646,-379.6050170241841,61885.20263671875,6429.645978317587,SPY|short|strangle,100000.0,106429.64597831758,0.06429645978317589,106342.3189186058,0.0008211882212068583,106342.3189186058,0.5819433247838574,44457.11628188705
SPY,strangle,short,2024-03-20,2024-03-21,520.47998046875,523.3900146484375,531.0,510.0,0.8541245419182601,0.9375265226573006,0.11649008598481932,-50.04118844342429,512.4747251509561,-562.5159135943804,62457.59765625,6379.604789874163,SPY|short|strangle,100000.0,106379.60478987417,0.0637960478987416,106429.64597831758,-0.0004701809160731301,106429.64597831758,0.5868439858286684,43972.04832206758
SPY,strangle,short,2024-03-21,2024-03-22,522.2000122070312,522.1099853515625,533.0,512.0,0.819966950012784,0.6659610248563368,0.11493197659764508,92.4035550938683,491.9801700076704,-399.5766149138021,62664.00146484375,6472.008344968031,SPY|short|strangle,100000.0,106472.00834496802,0.06472008344968017,106379.60478987417,0.0008686209661747476,106379.60478987417,0.5890602958021938,43715.60332503042
SPY,strangle,short,2024-03-22,2024-03-25,521.2100219726562,519.7999877929688,532.0,511.0,0.824740256200144,0.3210789817367079,0.11533169341840137,302.19676467806164,494.8441537200864,-192.64738904202474,62545.20263671875,6774.205109646093,SPY|short|strangle,100000.0,106774.2051096461,0.06774205109646103,106472.00834496802,0.0028382742973998175,106472.00834496802,0.5874332945244448,43926.805708249274
SPY,strangle,short,2024-03-25,2024-03-26,519.77001953125,521.22998046875,530.0,509.0,0.8244389153158025,0.7634986725323785,0.11523961832410261,36.564145670054415,494.6633491894815,-458.0992035194271,62372.40234375,6810.769255316147,SPY|short|strangle,100000.0,106810.76925531615,0.0681076925531614,106774.2051096461,0.0003424436232749924,106774.2051096461,0.5841523454068328,44401.80276589609
SPY,strangle,short,2024-03-26,2024-03-27,518.8099975585938,521.7100219726562,529.0,508.0,0.8265638150947154,0.951144161911941,0.11548735240088831,-74.74820809033531,495.93828905682926,-570.6864971471646,62257.19970703125,6736.021047225812,SPY|short|strangle,100000.0,106736.02104722582,0.06736021047225815,106810.76925531615,-0.000699819022103101,106810.76925531615,0.5828738070242164,44553.5695482849
SPY,strangle,short,2024-03-27,2024-03-28,523.1699829101562,523.2100219726562,534.0,513.0,0.6549648704419084,0.5254358641430201,0.10807757188706757,77.71740377933298,392.97892226514506,-315.2615184858121,62780.39794921875,6813.738451005145,SPY|short|strangle,100000.0,106813.73845100515,0.06813738451005147,106736.02104722582,0.0007281272340566882,106736.02104722582,0.5881837952479162,43955.62309800707
SPY,strangle,short,2024-03-28,2024-04-01,523.0700073242188,523.8300170898438,534.0,513.0,0.6077769512250768,0.09411104519460523,0.10607236246002073,308.199543618283,364.6661707350461,-56.466627116763135,62768.40087890625,7121.937994623428,SPY|short|strangle,100000.0,107121.93799462343,0.07121937994623417,106813.73845100515,0.0028853923482853503,106813.73845100515,0.5876435165472441,44045.3375720989
SPY,strangle,short,2024-04-01,2024-04-02,522.1599731445312,518.239990234375,533.0,512.0,0.5861118236707057,0.7423144194971272,0.10528445709579008,-93.72155749585289,351.6670942024234,-445.3886516982763,62659.19677734375,7028.216437127575,SPY|short|strangle,100000.0,107028.21643712757,0.07028216437127566,107121.93799462343,-0.0008749053578600948,107121.93799462343,0.5849333754630979,44462.741217279676
SPY,strangle,short,2024-04-02,2024-04-03,518.8400268554688,517.719970703125,529.0,508.0,0.6011421082226889,0.467047067343195,0.10607923818511884,80.45702452769632,360.6852649336133,-280.228240405917,62260.80322265625,7108.673461655271,SPY|short|strangle,100000.0,107108.67346165527,0.07108673461655268,107028.21643712757,0.0007517365719624023,107028.21643712757,0.5817232622878529,44767.41321447132
SPY,strangle,short,2024-04-03,2024-04-04,519.4099731445312,523.52001953125,530.0,509.0,0.5507334798116119,0.8328604130951387,0.1041161849052402,-169.2761599701161,330.44008788696715,-499.71624785708326,62329.19677734375,6939.397301685155,SPY|short|strangle,100000.0,106939.39730168515,0.06939397301685157,107108.67346165527,-0.0015804150541619461,107108.67346165527,0.5819248316958897,44779.47668431152
SPY,strangle,short,2024-04-04,2024-04-05,513.0700073242188,514.4600219726562,523.0,503.0,0.7887591683672426,0.719103363625706,0.11150754822462558,41.793482844921925,473.25550102034555,-431.4620181754236,61568.40087890625,6981.1907845300775,SPY|short|strangle,100000.0,106981.19078453007,0.06981190784530078,106939.39730168515,0.0003908146473560062,106939.39730168515,0.5757316988164478,45370.9964227789
SPY,strangle,short,2024-04-05,2024-04-08,518.4299926757812,519.1500244140625,529.0,508.0,0.4504102778304926,0.14143550111829484,0.09939987968555472,185.38486602731865,270.24616669829555,-84.8613006709769,62211.59912109375,7166.575650557395,SPY|short|strangle,100000.0,107166.5756505574,0.07166575650557405,106981.19078453007,0.0017328734581081712,106981.19078453007,0.5815190377380788,44769.591663436324
SPY,strangle,short,2024-04-08,2024-04-09,518.719970703125,520.5,529.0,508.0,0.457338576845828,0.46147048051516926,0.09940083385170123,-2.479142201604759,274.4031461074968,-276.88228830910157,62246.396484375,7164.096508355791,SPY|short|strangle,100000.0,107164.0965083558,0.07164096508355788,107166.5756505574,-2.313353941333913e-05,107166.5756505574,0.5808377855362709,44920.179166182395
SPY,strangle,short,2024-04-09,2024-04-10,519.3200073242188,513.47998046875,530.0,509.0,0.43562053665594647,0.9118664111287718,0.09853528614142888,-285.74752468369513,261.3723219935679,-547.119846677263,62318.40087890625,6878.3489836720955,SPY|short|strangle,100000.0,106878.3489836721,0.068783489836721,107164.0965083558,-0.0026664483161243733,107164.0965083558,0.5815231305015217,44845.69562944955
SPY,strangle,short,2024-04-10,2024-04-11,514.1199951171875,515.6799926757812,524.0,504.0,0.6001695789410206,0.5698695620517924,0.10342980082860463,18.18001013353694,360.1017473646124,-341.92173723107544,61694.3994140625,6896.528993805633,SPY|short|strangle,100000.0,106896.52899380564,0.0689652899380564,106878.3489836721,0.00017010002780183585,106878.3489836721,0.5772394502790047,45183.9495696096
SPY,strangle,short,2024-04-11,2024-04-12,518.0,514.3699951171875,528.0,508.0,0.658348480831215,0.7331286486569546,0.10525666240737538,-44.86810069544373,395.009088498729,-439.87718919417273,62160.0,6851.660893110189,SPY|short|strangle,100000.0,106851.6608931102,0.06851660893110201,106896.52899380564,-0.00041973393446707435,106896.52899380564,0.5814968978422302,44736.52899380564
SPY,strangle,short,2024-04-12,2024-04-15,510.8500061035156,515.1300048828125,521.0,501.0,0.813049208782779,0.6724345447682856,0.1130905463486284,84.36879840869602,487.8295252696674,-403.46072686097136,61302.000732421875,6936.029691518886,SPY|short|strangle,100000.0,106936.02969151888,0.06936029691518875,106851.6608931102,0.0007895880859830054,106851.6608931102,0.573711257457624,45549.66016068832
SPY,strangle,short,2024-04-15,2024-04-16,504.45001220703125,504.94000244140625,515.0,494.0,0.7374785247842794,0.609726019719119,0.1155050853527294,76.65150303909627,442.48711487056767,-365.8356118314714,60534.00146484375,7012.681194557981,SPY|short|strangle,100000.0,107012.68119455798,0.07012681194557979,106936.02969151888,0.0007167977272039633,106936.02969151888,0.5660767623360222,46402.02822667513
SPY,strangle,short,2024-04-16,2024-04-17,503.5299987792969,506.04998779296875,514.0,493.0,0.7350561233983655,0.7797742108526755,0.11555524179620527,-26.830852472586002,441.0336740390193,-467.8645265116053,60423.599853515625,6985.850342085396,SPY|short|strangle,100000.0,106985.8503420854,0.06985850342085387,107012.68119455798,-0.0002507259155931742,107012.68119455798,0.5646396219496685,46589.08134104236
SPY,strangle,short,2024-04-17,2024-04-18,500.54998779296875,501.9800109863281,511.0,491.0,0.7564220129637604,0.6615357893682194,0.1132196654179204,56.93173415732457,453.85320777825626,-396.9214736209317,60065.99853515625,7042.78207624272,SPY|short|strangle,100000.0,107042.78207624271,0.07042782076242715,106985.8503420854,0.000532142652278655,106985.8503420854,0.5614387168312096,46919.851806929146
SPY,strangle,short,2024-04-18,2024-04-19,499.5199890136719,499.44000244140625,510.0,490.0,0.72340707244485,0.5856883251975944,0.11209224835463269,82.63124834835338,434.04424346691,-351.41299511855664,59942.398681640625,7125.413324591073,SPY|short|strangle,100000.0,107125.41332459108,0.07125413324591068,107042.78207624271,0.0007719460083679264,107042.78207624271,0.5599854331041753,47100.38339460209
SPY,strangle,short,2024-04-19,2024-04-22,495.1600036621094,497.8299865722656,505.0,485.0,0.6554330421777763,0.3851495345362679,0.10984106628170605,162.17010458490506,393.2598253066658,-231.08972072176073,59419.200439453125,7287.583429175978,SPY|short|strangle,100000.0,107287.58342917598,0.07287583429175992,107125.41332459108,0.0015138341085651453,107125.41332459108,0.5546695092733257,47706.21288513795
SPY,strangle,short,2024-04-22,2024-04-23,499.7200012207031,501.7799987792969,510.0,490.0,0.7454686110603532,0.7162367269981758,0.11294212832916416,17.539130437306483,447.28116663621194,-429.74203619890545,59966.400146484375,7305.1225596132845,SPY|short|strangle,100000.0,107305.12255961329,0.07305122559613286,107287.58342917598,0.00016347772851911266,107287.58342917598,0.5589314087409765,47321.18328269161
SPY,strangle,short,2024-04-23,2024-04-24,505.6499938964844,506.55999755859375,516.0,496.0,0.9283059680739285,0.7878968601500986,0.11868602012308406,84.24546475429793,556.9835808443571,-472.7381160900592,60677.999267578125,7389.368024367583,SPY|short|strangle,100000.0,107389.36802436758,0.07389368024367582,107305.12255961329,0.000785101985298935,107305.12255961329,0.5654715993066268,46627.12329203516
SPY,strangle,short,2024-04-24,2024-04-25,505.4100036621094,499.17999267578125,516.0,495.0,0.7052647991764189,1.273697920395441,0.11395444225267068,-341.0598727314133,423.15887950585136,-764.2187522372647,60649.200439453125,7048.30815163617,SPY|short|strangle,100000.0,107048.30815163617,0.07048308151636173,107389.36802436758,-0.0031759184266176503,107389.36802436758,0.5647598226454903,46740.16758491445
SPY,strangle,short,2024-04-25,2024-04-26,503.489990234375,506.3500061035156,514.0,493.0,0.7039727355915701,0.7917213606242015,0.11427961146138571,-52.64917501957882,422.3836413549421,-475.0328163745209,60418.798828125,6995.658976616591,SPY|short|strangle,100000.0,106995.65897661659,0.06995658976616581,107048.30815163617,-0.0004918263158816126,107048.30815163617,0.5644068539835352,46629.50932351117
SPY,strangle,short,2024-04-26,2024-04-29,508.260009765625,510.0899963378906,518.0,498.0,0.9367066858711439,0.46022131511713305,0.11799380780094436,285.8912224524065,562.0240115226864,-276.13278907027984,60991.201171875,7281.550199068997,SPY|short|strangle,100000.0,107281.550199069,0.07281550199068998,106995.65897661659,0.002671988987094203,106995.65897661659,0.5700343523768974,46004.457804741585
SPY,strangle,short,2024-04-29,2024-04-30,510.05999755859375,508.55999755859375,520.0,500.0,0.8606530372810468,0.716119394582293,0.11494757674653193,86.72018561925222,516.391822368628,-429.6716367493758,61207.19970703125,7368.27038468825,SPY|short|strangle,100000.0,107368.27038468825,0.07368270384688258,107281.550199069,0.0008083420258034712,107281.550199069,0.5705286658652553,46074.350492037745
SPY,strangle,short,2024-04-30,2024-05-01,501.9800109863281,501.3800048828125,512.0,492.0,1.010729803439446,0.8291972871429394,0.122435252025965,108.91950977790401,606.4378820636676,-497.51837228576363,60237.601318359375,7477.189894466153,SPY|short|strangle,100000.0,107477.18989446615,0.07477189894466152,107368.27038468825,0.0010144478381523504,107368.27038468825,0.561037270159377,47130.669066328875
SPY,strangle,short,2024-05-01,2024-05-02,500.3500061035156,504.1499938964844,510.0,490.0,0.9751551764229376,1.286532282380179,0.1211767392873659,-186.8262635743448,585.0931058537626,-771.9193694281074,60042.000732421875,7290.3636308918085,SPY|short|strangle,100000.0,107290.3636308918,0.07290363630891816,107477.18989446615,-0.0017382875729984473,107477.18989446615,0.5586487773952615,47435.18916204428
SPY,strangle,short,2024-05-02,2024-05-03,505.0299987792969,511.1600036621094,515.0,495.0,0.9993761047268208,1.8588011883926576,0.12125266001933764,-515.655050199502,599.6256628360925,-1115.2807130355945,60603.599853515625,6774.708580692307,SPY|short|strangle,100000.0,106774.70858069231,0.06774708580692312,107290.3636308918,-0.004806163692141975,107290.3636308918,0.5648559460755356,46686.76377737618
SPY,strangle,short,2024-05-03,2024-05-06,511.2900085449219,513.75,522.0,501.0,1.073057463678765,0.5442891647034571,0.1267290882118152,317.2609793851848,643.834478207259,-326.57349882207427,61354.801025390625,7091.969560077491,SPY|short|strangle,100000.0,107091.96956007749,0.07091969560077493,106774.70858069231,0.002971312060715415,106774.70858069231,0.5746192318476174,45419.90755530169
SPY,strangle,short,2024-05-06,2024-05-07,516.5700073242188,517.5599975585938,527.0,506.0,1.229926295861027,1.0727524879378407,0.13058386819430048,94.30428475391182,737.9557775166163,-643.6514927627045,61988.40087890625,7186.273844831403,SPY|short|strangle,100000.0,107186.2738448314,0.07186273844831415,107091.96956007749,0.0008805915620125755,107091.96956007749,0.5788333255383019,45103.56868117124
SPY,strangle,short,2024-05-07,2024-05-08,517.1400146484375,515.260009765625,527.0,507.0,1.3677869509453302,1.1732156088199233,0.13042971644095216,116.74280527524422,820.6721705671981,-703.9293652919539,62056.8017578125,7303.016650106648,SPY|short|strangle,100000.0,107303.01665010664,0.07303016650106642,107186.2738448314,0.0010891581644516103,107186.2738448314,0.5789622078630072,45129.472087018905
SPY,strangle,short,2024-05-08,2024-05-09,517.1900024414062,517.3800048828125,528.0,507.0,1.2219394323085453,1.0197971208664,0.13033385439019332,121.28538686528714,733.1636593851272,-611.87827251984,62062.80029296875,7424.302036971934,SPY|short|strangle,100000.0,107424.30203697193,0.0742430203697193,107303.01665010664,0.0011303073357273278,107303.01665010664,0.578388215266519,45240.21635713789
SPY,strangle,short,2024-05-09,2024-05-10,520.1699829101562,521.8099975585938,531.0,510.0,1.206019323091823,1.0781957678919127,0.12906750554812293,76.69413311994617,723.6115938550938,-646.9174607351476,62420.39794921875,7500.996170091881,SPY|short|strangle,100000.0,107500.99617009188,0.07500996170091878,107424.30203697193,0.0007139365270769976,107424.30203697193,0.58106403081619,45003.90408775318
SPY,strangle,short,2024-05-10,2024-05-13,520.8400268554688,522.5599975585938,531.0,510.0,1.226224416762058,0.6010331155235846,0.12913866850616515,375.11478074308405,735.7346500572348,-360.6198693141508,62500.80322265625,7876.110950834965,SPY|short|strangle,100000.0,107876.11095083496,0.07876110950834958,107500.99617009188,0.003489407485578684,107500.99617009188,0.5813974330411344,45000.19294743563
SPY,strangle,short,2024-05-13,2024-05-14,520.9099731445312,521.1099853515625,531.0,510.0,1.2266168399516744,1.0310250861734005,0.12905125793108838,117.35505226696432,735.9701039710046,-618.6150517040403,62509.19677734375,7993.466003101929,SPY|short|strangle,100000.0,107993.46600310193,0.07993466003101934,107876.11095083496,0.0010878687712467631,107876.11095083496,0.5794535622982608,45366.91417349121
SPY,strangle,short,2024-05-14,2024-05-15,523.2999877929688,525.8300170898438,534.0,513.0,1.207382523268329,1.1852488455507384,0.1283091271194578,13.280206630554403,724.4295139609974,-711.149307330443,62795.99853515625,8006.746209732483,SPY|short|strangle,100000.0,108006.74620973249,0.08006746209732496,107993.46600310193,0.00012297231603042495,107993.46600310193,0.5814796103808034,45197.46746794568
SPY,strangle,short,2024-05-15,2024-05-16,529.780029296875,529.8800048828125,540.0,519.0,1.4157974611062798,1.1923339033774951,0.1329546431576764,134.07813463727075,849.4784766637679,-715.4003420264971,63573.603515625,8140.824344369755,SPY|short|strangle,100000.0,108140.82434436976,0.08140824344369757,108006.74620973249,0.0012413866665042536,108006.74620973249,0.5886077096719018,44433.14269410749
SPY,strangle,short,2024-05-16,2024-05-17,528.6900024414062,528.8099975585938,539.0,518.0,1.2303002432512358,1.0287399964933783,0.12749837822942686,120.93614805471452,738.1801459507415,-617.2439978960269,63442.80029296875,8261.76049242447,SPY|short|strangle,100000.0,108261.76049242447,0.08261760492424464,108140.82434436976,0.0011183209374250617,108140.82434436976,0.5866683620881038,44698.02405140101
SPY,strangle,short,2024-05-17,2024-05-20,529.4500122070312,529.5700073242188,540.0,519.0,1.1346406735434726,0.4465457849485759,0.12436872747161776,412.85693315693806,680.7844041260836,-267.92747096914553,63534.00146484375,8674.617425581408,SPY|short|strangle,100000.0,108674.61742558141,0.08674617425581421,108261.76049242447,0.003813506553736741,108261.76049242447,0.5868554249982799,44727.759027580716
SPY,strangle,short,2024-05-20,2024-05-21,530.0599975585938,529.280029296875,541.0,519.0,1.0215893717575995,0.8322481621113482,0.12437469948957347,113.60472578775074,612.9536230545597,-499.34889726680893,63607.19970703125,8788.222151369158,SPY|short|strangle,100000.0,108788.22215136916,0.08788222151369163,108674.61742558141,0.0010453657761026432,108674.61742558141,0.5852995042801822,45067.41771855016
SPY,strangle,short,2024-05-21,2024-05-22,531.3599853515625,530.6500244140625,542.0,521.0,1.1499552760527365,0.9523398989179768,0.12447048746219676,118.5692262808559,689.9731656316419,-571.403939350786,63763.1982421875,8906.791377650014,SPY|short|strangle,100000.0,108906.79137765002,0.08906791377650025,108788.22215136916,0.001089908667832418,108788.22215136916,0.5861222564467197,45025.02390918166
SPY,strangle,short,2024-05-22,2024-05-23,529.8300170898438,532.9600219726562,540.0,519.0,1.039211538960565,1.1903547081735404,0.12072628220288842,-90.68590152778518,623.526923376339,-714.2128249041242,63579.60205078125,8816.105476122228,SPY|short|strangle,100000.0,108816.10547612223,0.08816105476122238,108906.79137765002,-0.0008326928043754289,108906.79137765002,0.5837983219091434,45327.18932686877
SPY,strangle,short,2024-05-23,2024-05-24,525.9600219726562,527.8499755859375,536.0,515.0,1.0386589588806387,1.0167158330204416,0.12143186332330276,13.165875516118376,623.1953753283833,-610.0294998122649,63115.20263671875,8829.271351638346,SPY|short|strangle,100000.0,108829.27135163835,0.08829271351638357,108816.10547612223,0.00012099197502530905,108816.10547612223,0.5800171064803294,45700.90283940348
SPY,strangle,short,2024-05-24,2024-05-28,529.4400024414062,530.27001953125,540.0,519.0,0.8567683294377488,0.16872202041808215,0.11463924446301833,412.82778541179994,514.0609976626492,-101.23321225084929,63532.80029296875,9242.099137050147,SPY|short|strangle,100000.0,109242.09913705014,0.09242099137050142,108829.27135163835,0.0037933524711188382,108829.27135163835,0.583784118959024,45296.4710586696
SPY,strangle,short,2024-05-28,2024-05-29,529.8099975585938,525.6799926757812,540.0,519.0,0.6721779215159884,0.7457209922655608,0.10695060671580407,-44.1258424497434,403.30675290959306,-447.43259535933646,63577.19970703125,9197.973294600404,SPY|short|strangle,100000.0,109197.97329460041,0.09197973294600414,109242.09913705014,-0.00040392708304135694,109242.09913705014,0.5819844200107341,45664.89943001889
SPY,strangle,short,2024-05-29,2024-05-30,526.0999755859375,524.52001953125,537.0,516.0,0.7021759978045736,0.6082232665512564,0.10944657099692846,56.37163875199036,421.3055986827442,-364.9339599307538,63131.9970703125,9254.344933352393,SPY|short|strangle,100000.0,109254.34493335239,0.09254344933352399,109197.97329460041,0.0005162333791663678,109197.97329460041,0.5781425713826343,46065.97622428791
SPY,strangle,short,2024-05-30,2024-05-31,522.6099853515625,523.5900268554688,533.0,512.0,0.7016025433321431,0.6090117257404266,0.10988843648240931,55.55449055502993,420.96152599928587,-365.40703544425594,62713.1982421875,9309.899423907424,SPY|short|strangle,100000.0,109309.89942390742,0.0930989942390743,109254.34493335239,0.000508487699861451,109254.34493335239,0.5740110224489833,46541.14669116489
SPY,strangle,short,2024-05-31,2024-06-03,527.3699951171875,529.02001953125,538.0,517.0,0.7628878569246353,0.3217018126259852,0.11153075326039334,264.7116265791901,457.7327141547812,-193.0210875755911,63284.3994140625,9574.611050486614,SPY|short|strangle,100000.0,109574.61105048661,0.09574611050486603,109309.89942390742,0.0024216619718277267,109309.89942390742,0.5789448142170865,46025.50000984492
SPY,strangle,short,2024-06-03,2024-06-04,527.7999877929688,526.4600219726562,538.0,517.0,0.6633217486359726,0.5246032330507475,0.10700137436479593,83.23110935113505,397.99304918158356,-314.7619398304485,63335.99853515625,9657.842159837748,SPY|short|strangle,100000.0,109657.84215983775,0.09657842159837737,109574.61105048661,0.0007595838904030992,109574.61105048661,0.578017096551446,46238.61251533036
SPY,strangle,short,2024-06-04,2024-06-05,528.3900146484375,530.77001953125,539.0,518.0,0.6083096653661499,0.634077982931899,0.10492299759012828,-15.460990539449426,364.98579921968997,-380.4467897591394,63406.8017578125,9642.3811692983,SPY|short|strangle,100000.0,109642.3811692983,0.09642381169298297,109657.84215983775,-0.00014099302188450344,109657.84215983775,0.5782240513668915,46251.040402025246
SPY,strangle,short,2024-06-05,2024-06-06,534.6699829101562,534.97998046875,545.0,524.0,0.6432796243551877,0.52546915500767,0.10493803177839095,70.68628160851063,385.9677746131126,-315.281493004602,64160.39794921875,9713.06745090681,SPY|short|strangle,100000.0,109713.0674509068,0.0971306745090681,109642.3811692983,0.0006446985267436345,109642.3811692983,0.5851788082762356,45481.98322007955
SPY,strangle,short,2024-06-06,2024-06-07,534.6599731445312,533.6599731445312,545.0,524.0,0.6410787646296043,0.5062259820751649,0.1048581562320175,80.91166953266367,384.6472587777626,-303.73558924509894,64159.19677734375,9793.979120439473,SPY|short|strangle,100000.0,109793.97912043947,0.09793979120439467,109713.0674509068,0.0007374843435935207,109713.0674509068,0.5847908391227234,45553.870673563055
SPY,strangle,short,2024-06-07,2024-06-10,534.010009765625,533.1799926757812,545.0,523.0,0.5310750159414255,0.15971865468875635,0.1039031047031667,222.81381675160148,318.6450095648553,-95.83119281325381,64081.201171875,10016.792937191076,SPY|short|strangle,100000.0,110016.79293719107,0.10016792937191066,109793.97912043947,0.0020293810146655117,109793.97912043947,0.5836495014137393,45712.77794856447
SPY,strangle,short,2024-06-10,2024-06-11,535.6599731445312,534.0700073242188,546.0,525.0,0.5688764924062752,0.45906757551279753,0.10154102164660103,65.88535013608663,341.32589544376515,-275.4405453076785,64279.19677734375,10082.678287327162,SPY|short|strangle,100000.0,110082.67828732716,0.10082678287327163,110016.79293719107,0.0005988663037442,110016.79293719107,0.5842671383271547,45737.59615984732
SPY,strangle,short,2024-06-11,2024-06-12,536.9500122070312,541.6300048828125,548.0,526.0,0.4900441958926507,0.8580577716022821,0.10142116447628712,-220.8081454257789,294.0265175355904,-514.8346629613693,64434.00146484375,9861.870141901383,SPY|short|strangle,100000.0,109861.87014190138,0.09861870141901385,110082.67828732716,-0.002005839146186531,110082.67828732716,0.5853237082101541,45648.67682248341
SPY,strangle,short,2024-06-12,2024-06-13,541.3599853515625,543.1500244140625,552.0,531.0,0.317687875984614,0.3143744674730353,0.08811549519420142,1.9880451069472258,190.6127255907684,-188.62468048382118,64963.1982421875,9863.85818700833,SPY|short|strangle,100000.0,109863.85818700833,0.09863858187008323,109861.87014190138,1.809586077844295e-05,109861.87014190138,0.5913170616727969,44898.67189971388
SPY,strangle,short,2024-06-13,2024-06-14,542.4500122070312,540.8800048828125,553.0,532.0,0.2936629222938194,0.23853524597479847,0.08642479346524937,33.07660579141256,176.19775337629164,-143.12114758487908,65094.00146484375,9896.934792799742,SPY|short|strangle,100000.0,109896.93479279974,0.09896934792799739,109863.85818700833,0.00030106903523368115,109863.85818700833,0.5924969552229077,44769.85672216458
SPY,strangle,short,2024-06-14,2024-06-17,542.780029296875,542.0800170898438,554.0,532.0,0.21383528106497351,0.04733373100651317,0.08428879621380343,99.90093003507621,128.3011686389841,-28.4002386039079,65133.603515625,9996.83572283482,SPY|short|strangle,100000.0,109996.83572283482,0.09996835722834807,109896.93479279974,0.0009090420057977955,109896.93479279974,0.5926789827070995,44763.331277174744
SPY,strangle,short,2024-06-17,2024-06-18,547.0999755859375,547.1599731445312,558.0,536.0,0.18002355763401923,0.13237436712709894,0.08068306012812823,28.589514304152175,108.01413458041154,-79.42462027625936,65651.9970703125,10025.42523713897,SPY|short|strangle,100000.0,110025.42523713897,0.10025425237138963,109996.83572283482,0.00025991215216582026,109996.83572283482,0.5968535061839371,44344.83865252232
SPY,strangle,short,2024-06-18,2024-06-20,548.489990234375,549.4400024414062,559.0,538.0,0.173196952649743,0.08964442141362383,0.07703602913769565,50.1315187416715,103.9181715898458,-53.7866528481743,65818.798828125,10075.556755880643,SPY|short|strangle,100000.0,110075.55675588065,0.10075556755880655,110025.42523713897,0.0004556357644937295,110025.42523713897,0.5982144462179086,44206.626409013974
SPY,strangle,short,2024-06-20,2024-06-21,547.0,544.4000244140625,558.0,536.0,0.15003061363884385,0.15199977849369173,0.0782102274487743,-1.1814989129087223,90.01836818330631,-91.19986709621503,65640.0,10074.375256967734,SPY|short|strangle,100000.0,110074.37525696773,0.10074375256967727,110075.55675588065,-1.0733526567837253e-05,110075.55675588065,0.5963176742823357,44435.55675588065
SPY,strangle,short,2024-06-21,2024-06-24,544.510009765625,544.3300170898438,555.0,534.0,0.20760503696540056,0.04376640902373197,0.08026748936629567,98.30317676500115,124.56302217924033,-26.25984541423918,65341.201171875,10172.678433732735,SPY|short|strangle,100000.0,110172.67843373274,0.10172678433732751,110074.37525696773,0.0008930614099377189,110074.37525696773,0.593609557350078,44733.17408509273
SPY,strangle,short,2024-06-24,2024-06-25,542.739990234375,543.989990234375,554.0,532.0,0.16730315217390412,0.14618614566469734,0.08057984124880889,12.670203905524062,100.38189130434247,-87.71168739881841,65128.798828125,10185.348637638259,SPY|short|strangle,100000.0,110185.34863763826,0.1018534863763827,110172.67843373274,0.00011500313948657429,110172.67843373274,0.5911519966113833,45043.87960560774
SPY,strangle,short,2024-06-25,2024-06-26,544.8300170898438,543.6900024414062,556.0,534.0,0.17517760908094715,0.1334394147249487,0.08088440790023077,25.042916613599076,105.10656544856829,-80.06364883496921,65379.60205078125,10210.391554251859,SPY|short|strangle,100000.0,110210.39155425187,0.10210391554251874,110185.34863763826,0.00022727991446445952,110185.34863763826,0.5933602140316522,44805.746586857014
SPY,strangle,short,2024-06-26,2024-06-27,545.510009765625,545.3699951171875,556.0,535.0,0.21669872286457448,0.15931400396511108,0.08078524521256049,34.430831339678036,130.0192337187447,-95.58840237906665,65461.201171875,10244.822385591537,SPY|short|strangle,100000.0,110244.82238559154,0.10244822385591545,110210.39155425187,0.00031241002644228163,110210.39155425187,0.5939657798933711,44749.190382376866
SPY,strangle,short,2024-06-27,2024-06-28,546.3699951171875,547.1599731445312,557.0,535.0,0.17883068124114487,0.15376239416739068,0.08027063774934949,15.040972244252515,107.29840874468692,-92.25743650043441,65564.3994140625,10259.86335783579,SPY|short|strangle,100000.0,110259.86335783578,0.10259863357835775,110244.82238559154,0.00013643245930992852,110244.82238559154,0.5947163594199907,44680.42297152904
SPY,strangle,short,2024-06-28,2024-07-01,544.219970703125,545.6300048828125,555.0,533.0,0.11472947329092875,0.035238852261228915,0.07477934010704151,47.6943726178199,68.83768397455725,-21.14331135673735,65306.396484375,10307.55773045361,SPY|short|strangle,100000.0,110307.55773045361,0.1030755773045362,110259.86335783578,0.000432563320553312,110259.86335783578,0.5922952785859217,44953.466873460784
SPY,strangle,short,2024-07-01,2024-07-02,545.3400268554688,543.7000122070312,556.0,534.0,0.11387395196231509,0.07954108895280232,0.07431552700829301,20.599717805707662,68.32437117738905,-47.72465337168139,65440.80322265625,10328.157448259317,SPY|short|strangle,100000.0,110328.15744825931,0.10328157448259323,110307.55773045361,0.00018674801826403333,110307.55773045361,0.5932576567651575,44866.75450779736
SPY,strangle,short,2024-07-02,2024-07-03,549.010009765625,548.6900024414062,560.0,538.0,0.1311239418799488,0.09119061755868785,0.07611213798735236,23.959994592756573,78.67436512796928,-54.71437053521271,65881.201171875,10352.117442852074,SPY|short|strangle,100000.0,110352.11744285208,0.10352117442852071,110328.15744825931,0.00021717025958666183,110328.15744825931,0.597138597214146,44446.95627638431
SPY,strangle,short,2024-07-03,2024-07-05,551.4600219726562,551.77001953125,562.0,540.0,0.14838978771059352,0.06592633633789724,0.07668953230718546,49.47807082361777,89.03387262635611,-39.555801802738344,66175.20263671875,10401.595513675691,SPY|short|strangle,100000.0,110401.5955136757,0.10401595513675699,110352.11744285208,0.00044836539588142404,110352.11744285208,0.5996731568924251,44176.914806133325
SPY,strangle,short,2024-07-05,2024-07-08,554.6400146484375,555.4400024414062,566.0,544.0,0.15361343161875496,0.03241142123775198,0.07770206666542158,72.72120622860179,92.16805897125298,-19.44685274265119,66556.8017578125,10474.316719904293,SPY|short|strangle,100000.0,110474.3167199043,0.10474316719904286,110401.5955136757,0.0006586970585909118,110401.5955136757,0.6028608685240238,43844.7937558632
SPY,strangle,short,2024-07-08,2024-07-09,555.280029296875,556.260009765625,566.0,544.0,0.14982367859154877,0.1345476759189168,0.07662847009241526,9.165601603579177,89.89420715492926,-80.72860555135009,66633.603515625,10483.482321507872,SPY|short|strangle,100000.0,110483.48232150788,0.10483482321507887,110474.3167199043,8.296590443566689e-05,110474.3167199043,0.603159227357498,43840.713204279295
SPY,strangle,short,2024-07-09,2024-07-10,555.8200073242188,557.0700073242188,567.0,545.0,0.09852612768221647,0.08935861689804447,0.07188517643331656,5.500506470503197,59.11567660932988,-53.615170138826684,66698.40087890625,10488.982827978374,SPY|short|strangle,100000.0,110488.98282797837,0.10488982827978366,110483.48232150788,4.978578114053896e-05,110483.48232150788,0.6036956790048791,43785.08144260163
SPY,strangle,short,2024-07-10,2024-07-11,561.3200073242188,561.4400024414062,573.0,550.0,0.10223752101395789,0.07199898302619445,0.07433033236566852,18.143122792658062,61.34251260837473,-43.19938981571667,67358.40087890625,10507.125950771033,SPY|short|strangle,100000.0,110507.12595077103,0.10507125950771035,110488.98282797837,0.00016420752846376828,110488.98282797837,0.6096390712889208,43130.58194907212
SPY,strangle,short,2024-07-11,2024-07-12,556.47998046875,557.6300048828125,568.0,545.0,0.15680896492718333,0.13829967897357331,0.08039945966718724,11.105571572166014,94.08537895631,-82.97980738414398,66777.59765625,10518.231522343198,SPY|short|strangle,100000.0,110518.2315223432,0.10518231522343191,110507.12595077103,0.00010049642931726728,110507.12595077103,0.6042831815750799,43729.528294521035
SPY,strangle,short,2024-07-12,2024-07-15,559.989990234375,562.030029296875,571.0,549.0,0.1582760149213147,0.06347145235775842,0.07712544173364833,56.882737538133775,94.96560895278883,-38.08287141465505,67198.798828125,10575.114259881333,SPY|short|strangle,100000.0,110575.11425988133,0.10575114259881335,110518.2315223432,0.0005146909858635762,110518.2315223432,0.6080336058810314,43319.432694218194
SPY,strangle,short,2024-07-15,2024-07-16,561.530029296875,562.8699951171875,573.0,550.0,0.0894625905817179,0.08683880179856418,0.07254854536517781,1.574273269892231,53.67755434903074,-52.10328107913851,67383.603515625,10576.688533151224,SPY|short|strangle,100000.0,110576.68853315123,0.10576688533151235,110575.11425988133,1.4237138984023696e-05,110575.11425988133,0.6093921219674742,43191.51074425633
SPY,strangle,short,2024-07-16,2024-07-17,564.8599853515625,558.7999877929688,576.0,554.0,0.09747208351947556,0.42408079433567714,0.07057676914128853,-195.96522648972098,58.48325011168534,-254.4484766014063,67783.1982421875,10380.723306661504,SPY|short|strangle,100000.0,110380.7233066615,0.1038072330666151,110576.68853315123,-0.0017722110246679162,110576.68853315123,0.612997179978544,42793.49029096373
SPY,strangle,short,2024-07-17,2024-07-18,556.9400024414062,558.510009765625,568.0,546.0,0.2578147582061945,0.2468808466037391,0.08507336315950108,6.560346961473215,154.6888549237167,-148.12850796224348,66832.80029296875,10387.283653622977,SPY|short|strangle,100000.0,110387.28365362297,0.1038728365362298,110380.7233066615,5.9433810224699776e-05,110380.7233066615,0.6054752885365028,43547.92301369275
SPY,strangle,short,2024-07-18,2024-07-19,552.6599731445312,552.4199829101562,564.0,542.0,0.3140477341515542,0.23842826459638644,0.08942121902585574,45.371681733100644,188.4286404909325,-143.05695875783186,66319.19677734375,10432.655335356078,SPY|short|strangle,100000.0,110432.65533535607,0.10432655335356067,110387.28365362297,0.00041102272138038537,110387.28365362297,0.6007865632914966,44068.08687627922
SPY,strangle,short,2024-07-19,2024-07-22,548.989990234375,553.0,560.0,538.0,0.2673415611347103,0.24612810593456003,0.08689471481821553,12.728073120090158,160.40493668082618,-147.67686356073602,65878.798828125,10445.383408476167,SPY|short|strangle,100000.0,110445.38340847616,0.10445383408476161,110432.65533535607,0.00011525642556939535,110432.65533535607,0.5965517955542021,44553.856507231074
SPY,strangle,short,2024-07-22,2024-07-23,554.6500244140625,554.5399780273438,566.0,544.0,0.3465549781728683,0.265048307626909,0.09097796600940314,48.90400232757557,207.93298690372097,-159.0289845761454,66558.0029296875,10494.287410803743,SPY|short|strangle,100000.0,110494.28741080375,0.1049428741080376,110445.38340847616,0.0004427890131605303,110445.38340847616,0.6026327300936283,43887.38047878866
SPY,strangle,short,2024-07-23,2024-07-24,553.780029296875,548.8599853515625,565.0,543.0,0.34646026424379883,0.6085573845838592,0.09106604355681527,-157.25827220403622,207.8761585462793,-365.1344307503155,66453.603515625,10337.029138599708,SPY|short|strangle,100000.0,110337.02913859971,0.10337029138599707,110494.28741080375,-0.0014232253620440115,110494.28741080375,0.6014211691194399,44040.68389517875
SPY,strangle,short,2024-07-24,2024-07-25,541.22998046875,541.3499755859375,552.0,530.0,0.8258093261501429,0.6738566685234844,0.11457887911466617,91.17159457599513,495.48559569008574,-404.3140011140906,64947.59765625,10428.200733175703,SPY|short|strangle,100000.0,110428.2007331757,0.10428200733175697,110337.02913859971,0.0008263009733701463,110337.02913859971,0.5886292042054727,45389.43148234971
SPY,strangle,short,2024-07-25,2024-07-26,538.4099731445312,542.280029296875,549.0,528.0,0.9338898582772899,1.1632665396841624,0.11551641986662699,-137.6260088441236,560.3339149663739,-697.9599238104975,64609.19677734375,10290.574724331578,SPY|short|strangle,100000.0,110290.57472433159,0.10290574724331591,110428.2007331757,-0.0012462940438254999,110428.2007331757,0.585078778322731,45819.003955831955
SPY,strangle,short,2024-07-26,2024-07-29,544.4400024414062,546.02001953125,555.0,534.0,1.0332926404286482,0.45908247676167946,0.11761536942492143,344.5260982001813,619.975584257189,-275.4494860570077,65332.80029296875,10635.10082253176,SPY|short|strangle,100000.0,110635.10082253176,0.10635100822531762,110290.57472433159,0.003123803634728673,110290.57472433159,0.592369751053219,44957.774431362835
SPY,strangle,short,2024-07-29,2024-07-30,544.760009765625,546.260009765625,556.0,534.0,0.9167182618875174,0.8123821809580818,0.11749599708491781,62.60164855766129,550.0309571325104,-487.4293085748491,65371.201171875,10697.702471089422,SPY|short|strangle,100000.0,110697.70247108942,0.1069770247108941,110635.10082253176,0.0005658389434477918,110635.10082253176,0.5908721616002867,45263.899650656764
SPY,strangle,short,2024-07-30,2024-07-31,542.0,548.97998046875,553.0,531.0,0.9300060087610476,1.9382703178218952,0.11845217368253903,-604.9585854365084,558.0036052566286,-1162.962190693137,65040.0,10092.743885652913,SPY|short|strangle,100000.0,110092.74388565292,0.1009274388565291,110697.70247108942,-0.005464960626391534,110697.70247108942,0.5875460695942294,45657.70247108942
SPY,strangle,short,2024-07-31,2024-08-01,550.8099975585938,552.5700073242188,562.0,540.0,1.1925287471641468,1.081546907474923,0.12542462302753876,66.58910381353417,715.5172482984881,-648.9281444849539,66097.19970703125,10159.332989466448,SPY|short|strangle,100000.0,110159.33298946645,0.10159332989466452,110092.74388565292,0.0006048455280821822,110092.74388565292,0.6003774397310204,43995.54417862167
SPY,strangle,short,2024-08-01,2024-08-02,543.010009765625,535.75,554.0,532.0,1.347420146615093,2.0913983378293697,0.13201123868950387,-446.3869147285659,808.4520879690558,-1254.8390026976217,65161.201171875,9712.946074737882,SPY|short|strangle,100000.0,109712.94607473788,0.09712946074737872,110159.33298946645,-0.004052193333189934,110159.33298946645,0.5915177534535887,44998.13181759145
SPY,strangle,short,2024-08-02,2024-08-05,532.9000244140625,511.6400146484375,544.0,522.0,1.6038140315015141,10.500536641913563,0.14235032394233957,-5338.03356624723,962.2884189009085,-6300.321985148138,63948.0029296875,4374.912508490652,SPY|short|strangle,100000.0,104374.91250849066,0.04374912508490647,109712.94607473788,-0.048654545860165786,109712.94607473788,0.5828665186524596,45764.943145050376
SPY,strangle,short,2024-08-05,2024-08-06,517.3800048828125,519.219970703125,528.0,507.0,2.417992800795602,2.2024027040865803,0.16466536476931312,129.354058025413,1450.7956804773612,-1321.4416224519482,62085.6005859375,4504.266566516065,SPY|short|strangle,100000.0,104504.26656651606,0.045042665665160575,104374.91250849066,0.001239321355262361,104374.91250849066,0.5948326000358274,42289.311922553155
SPY,strangle,short,2024-08-06,2024-08-07,522.1500244140625,528.469970703125,533.0,512.0,2.5894154891938683,3.2163289353246824,0.1675642501329192,-376.1480676784886,1553.649293516321,-1929.7973611948096,62658.0029296875,4128.118498837576,SPY|short|strangle,100000.0,104128.11849883758,0.04128118498837585,104504.26656651606,-0.003599356084079817,104504.26656651606,0.5995736345348754,41846.26363682856
SPY,strangle,short,2024-08-07,2024-08-08,518.6599731445312,523.9099731445312,529.0,508.0,2.5506229180573143,3.0114493977493595,0.1675459016624953,-276.4958878152272,1530.3737508343886,-1806.8696386496158,62239.19677734375,3851.622611022349,SPY|short|strangle,100000.0,103851.62261102235,0.03851622611022343,104128.11849883758,-0.002655343165720543,104128.11849883758,0.5977174818350199,41888.921721493825
SPY,strangle,short,2024-08-08,2024-08-09,530.6500244140625,529.8099975585938,541.0,520.0,3.303953126800394,2.878048802239519,0.18187296521122762,255.54259473652496,1982.3718760802365,-1726.8292813437115,63678.0029296875,4107.165205758874,SPY|short|strangle,100000.0,104107.16520575888,0.04107165205758889,103851.62261102235,0.0024606509586630456,103851.62261102235,0.6131632932515105,40173.61968133485
SPY,strangle,short,2024-08-09,2024-08-12,532.989990234375,534.2100219726562,544.0,522.0,3.146050587440655,1.6639084387954526,0.18239331756297386,889.2852891871216,1887.6303524643931,-998.3450632772715,63958.798828125,4996.450494945995,SPY|short|strangle,100000.0,104996.450494946,0.04996450494945992,104107.16520575888,0.00854201809673259,104107.16520575888,0.6143553971690221,40148.36637763388
SPY,strangle,short,2024-08-12,2024-08-13,533.27001953125,536.530029296875,544.0,523.0,3.3514061822561274,3.2272834600529308,0.18218952379478587,74.47363332191799,2010.8437093536763,-1936.3700760317583,63992.40234375,5070.924128267914,SPY|short|strangle,100000.0,105070.92412826791,0.05070924128267906,104996.450494946,0.0007092966759433718,104996.450494946,0.6094720539798655,41004.048151195995
SPY,strangle,short,2024-08-13,2024-08-14,542.0399780273438,542.8499755859375,553.0,531.0,3.5510057096750245,3.1483809342183378,0.18861972443606143,241.57486527401215,2130.603425805015,-1889.0285605310028,65044.79736328125,5312.498993541925,SPY|short|strangle,100000.0,105312.49899354193,0.053124989935419364,105070.92412826791,0.0022991599938637993,105070.92412826791,0.6190561080806353,40026.126764986664
SPY,strangle,short,2024-08-14,2024-08-15,543.75,549.5,555.0,533.0,3.5366295110972317,3.8914589777530253,0.18776721140380617,-212.89767999347578,2121.9777066583392,-2334.875386651815,65250.0,5099.60131354845,SPY|short|strangle,100000.0,105099.60131354845,0.05099601313548452,105312.49899354193,-0.002021580363471683,105312.49899354193,0.6195845756542281,40062.49899354193
SPY,strangle,short,2024-08-15,2024-08-16,553.0700073242188,551.4199829101562,564.0,542.0,3.9683308325122084,3.498797535598726,0.19395479150607495,281.71997814808947,2380.998499507325,-2099.2785213592356,66368.40087890625,5381.321291696539,SPY|short|strangle,100000.0,105381.32129169654,0.0538132129169655,105099.60131354845,0.0026805047272027357,105099.60131354845,0.6314809956405673,38731.2004346422
SPY,strangle,short,2024-08-16,2024-08-19,554.3099975585938,554.72998046875,565.0,543.0,3.964695635627905,2.1540998242378606,0.19333159833596814,1086.3574868340265,2378.817381376743,-1292.4598945427165,66517.19970703125,6467.678778530566,SPY|short|strangle,100000.0,106467.67877853056,0.06467678778530561,105381.32129169654,0.01030882393120673,105381.32129169654,0.631204836793714,38864.12158466529
SPY,strangle,short,2024-08-19,2024-08-20,559.6099853515625,559.1500244140625,571.0,548.0,3.910295402266925,3.422661565532465,0.19528200150866112,292.5803020406761,2346.177241360155,-2053.596939319479,67153.1982421875,6760.2590805712425,SPY|short|strangle,100000.0,106760.25908057124,0.06760259080571229,106467.67877853056,0.002748066881868336,106467.67877853056,0.6307378822626223,39314.480536343064
SPY,strangle,short,2024-08-20,2024-08-21,558.7000122070312,559.77001953125,570.0,548.0,4.122744277146879,3.6748242473958896,0.1953448349529192,268.7520178505938,2473.6465662881274,-2204.8945484375336,67044.00146484375,7029.011098421835,SPY|short|strangle,100000.0,107029.01109842183,0.07029011098421845,106760.25908057124,0.0025173413793213866,106760.25908057124,0.6279865002411253,39716.25761572749
SPY,strangle,short,2024-08-21,2024-08-22,560.6199951171875,562.5599975585938,572.0,549.0,3.8424571011247366,3.5100344563750383,0.19345966365365788,199.45358684981875,2305.474260674842,-2106.020673825023,67274.3994140625,7228.464685271654,SPY|short|strangle,100000.0,107228.46468527165,0.07228464685271652,107029.01109842183,0.00186354694678441,107029.01109842183,0.6285622816060428,39754.61168435933
SPY,strangle,short,2024-08-22,2024-08-23,556.219970703125,559.530029296875,567.0,545.0,3.9859998679223025,3.859217461946585,0.19317052740840995,76.06944358543024,2391.5999207533814,-2315.530477167951,66746.396484375,7304.534128857085,SPY|short|strangle,100000.0,107304.53412885708,0.07304534128857076,107228.46468527165,0.0007094146485143021,107228.46468527165,0.622469012125499,40482.068200896654
SPY,strangle,short,2024-08-23,2024-08-26,562.1300048828125,563.1799926757812,573.0,551.0,4.156834850092864,2.3137447610205584,0.1947764772212382,1105.854053443383,2494.100910055718,-1388.246856612335,67455.6005859375,8410.388182300469,SPY|short|strangle,100000.0,108410.38818230046,0.08410388182300466,107304.53412885708,0.010305753269618726,107304.53412885708,0.6286370015355844,39848.93354291958
SPY,strangle,short,2024-08-26,2024-08-27,560.7899780273438,559.489990234375,572.0,550.0,4.129126019180816,3.65017200947338,0.19474481753045955,287.372405824462,2477.4756115084897,-2190.1032056840277,67294.79736328125,8697.76058812493,SPY|short|strangle,100000.0,108697.76058812493,0.08697760588124925,108410.38818230046,0.002650782924429927,108410.38818230046,0.6207412268473741,41115.59081901921
SPY,strangle,short,2024-08-27,2024-08-28,561.5599975585938,561.2100219726562,573.0,550.0,3.880580502268728,3.3978635433119138,0.19398113529120461,289.6301753740886,2328.3483013612367,-2038.7181259871481,67387.19970703125,8987.39076349902,SPY|short|strangle,100000.0,108987.39076349902,0.08987390763499015,108697.76058812493,0.002664545928149786,108697.76058812493,0.6199502118757836,41310.56088109368
SPY,strangle,short,2024-08-28,2024-08-29,558.2999877929688,560.3099975585938,569.0,547.0,3.885636149636511,3.5829724804576273,0.19026002716724255,181.59820150733003,2331.3816897819065,-2149.7834882745765,66995.99853515625,9168.988965006349,SPY|short|strangle,100000.0,109168.98896500634,0.0916898896500633,108987.39076349902,0.0016662312973561811,108987.39076349902,0.6147132990873829,41991.39222834277
SPY,strangle,short,2024-08-29,2024-08-30,558.3499755859375,560.77001953125,570.0,547.0,3.5913414671999107,3.3123951604394932,0.18882033005217,167.36778405625046,2154.8048803199463,-1987.4370962636958,67001.9970703125,9336.3567490626,SPY|short|strangle,100000.0,109336.3567490626,0.09336356749062591,109168.98896500634,0.0015331073928869991,109168.98896500634,0.6137456956003294,42166.99189469384
SPY,strangle,short,2024-08-30,2024-09-03,563.6799926757812,560.469970703125,575.0,552.0,3.7056232912041196,1.4263989879590824,0.18942054548499745,1367.5345819470224,2223.3739747224718,-855.8393927754494,67641.59912109375,10703.891331009621,SPY|short|strangle,100000.0,110703.89133100962,0.10703891331009618,109336.3567490626,0.012507592374653978,109336.3567490626,0.6186560548778637,41694.75762796885
SPY,strangle,short,2024-09-03,2024-09-04,552.0800170898438,550.2000122070312,563.0,541.0,4.106951788808132,3.6345614028029445,0.19727864820824087,283.4342316031125,2464.171073284879,-2180.7368416817667,66249.60205078125,10987.325562612734,SPY|short|strangle,100000.0,110987.32556261274,0.10987325562612726,110703.89133100962,0.002560291496489779,110703.89133100962,0.5984396867558337,44454.289280228375
SPY,strangle,short,2024-09-04,2024-09-05,550.9500122070312,550.8900146484375,562.0,540.0,4.087894452737174,3.600896416210645,0.1973133949272937,292.1988219159175,2452.736671642305,-2160.5378497263873,66114.00146484375,11279.524384528651,SPY|short|strangle,100000.0,111279.52438452865,0.11279524384528639,110987.32556261274,0.0026327224341582637,110987.32556261274,0.5956896531176075,44873.324097768986
SPY,strangle,short,2024-09-05,2024-09-06,549.6099853515625,549.9400024414062,561.0,539.0,3.5181641969986686,3.086783297336339,0.1853567563651971,258.82853979739775,2110.898518199201,-1852.0699784018034,65953.1982421875,11538.35292432605,SPY|short|strangle,100000.0,111538.35292432606,0.11538352924326056,111279.52438452865,0.0023259313986911958,111279.52438452865,0.5926804468923221,45326.326142341146
SPY,strangle,short,2024-09-06,2024-09-09,540.3599853515625,544.6500244140625,551.0,530.0,3.878764375225259,2.5845952204977323,0.1915411779707349,776.501492836516,2327.2586251351554,-1550.7571322986394,64843.1982421875,12314.854417162565,SPY|short|strangle,100000.0,112314.85441716257,0.1231485441716258,111538.35292432606,0.00696174430120318,111538.35292432606,0.5813533779379081,46695.15468213856
SPY,strangle,short,2024-09-09,2024-09-10,546.4099731445312,548.3599853515625,557.0,535.0,3.758614628337085,3.4687614932042834,0.19153945761139593,173.91188107968082,2255.168777002251,-2081.25689592257,65569.19677734375,12488.766298242246,SPY|short|strangle,100000.0,112488.76629824225,0.12488766298242249,112314.85441716257,0.0015484317010618477,112314.85441716257,0.5837980836782732,46745.65763981882
SPY,strangle,short,2024-09-10,2024-09-11,548.7899780273438,548.7000122070312,560.0,538.0,3.802989570843593,3.3396723560862114,0.19192851242556203,277.9903288544292,2281.793742506156,-2003.8034136517267,65854.79736328125,12766.756627096674,SPY|short|strangle,100000.0,112766.75662709668,0.12766756627096676,112488.76629824225,0.002471271914542929,112488.76629824225,0.5854344351922215,46633.968934961
SPY,strangle,short,2024-09-11,2024-09-12,554.4199829101562,555.010009765625,566.0,543.0,3.7360617031829406,3.2950919673693733,0.19335115429549027,264.5818414881405,2241.6370219097644,-1977.0551804216238,66530.39794921875,13031.338468584816,SPY|short|strangle,100000.0,113031.33846858481,0.1303133846858482,112766.75662709668,0.002346275173658442,112766.75662709668,0.5899823666049484,46236.35867787793
SPY,strangle,short,2024-09-12,2024-09-13,559.0900268554688,559.7100219726562,570.0,548.0,3.8471546247945554,3.4094158671013304,0.18926468562420956,262.6432546159351,2308.2927748767333,-2045.6495202607982,67090.80322265625,13293.981723200752,SPY|short|strangle,100000.0,113293.98172320075,0.13293981723200754,113031.33846858481,0.0023236321729387683,113031.33846858481,0.5935593095830058,45940.535245928564
SPY,strangle,short,2024-09-13,2024-09-16,562.010009765625,561.739990234375,573.0,551.0,3.6662284051298997,1.9352948767207323,0.18442136410388185,1038.5601170455002,2199.7370430779397,-1161.1769260324395,67441.201171875,14332.541840246251,SPY|short|strangle,100000.0,114332.54184024625,0.1433254184024626,113293.98172320075,0.009166948687379571,113293.98172320075,0.595276113930279,45852.78055132575
SPY,strangle,short,2024-09-16,2024-09-17,562.8400268554688,565.0999755859375,574.0,552.0,3.222566530635092,2.967288341155026,0.17446497290394533,153.16691368803959,1933.539918381055,-1780.3730046930154,67540.80322265625,14485.70875393429,SPY|short|strangle,100000.0,114485.70875393429,0.1448570875393429,114332.54184024625,0.0013396615803578963,114332.54184024625,0.5907399777486726,46791.73861759
SPY,strangle,short,2024-09-17,2024-09-18,563.0700073242188,563.739990234375,574.0,552.0,2.0735939345361203,1.8006874707005522,0.14710376128216565,163.74387830134083,1244.1563607216722,-1080.4124824203313,67568.40087890625,14649.452632235632,SPY|short|strangle,100000.0,114649.45263223563,0.14649452632235627,114485.70875393429,0.001430256056267056,114485.70875393429,0.5901907025280504,46917.30787502804
SPY,strangle,short,2024-09-18,2024-09-19,561.4000244140625,571.010009765625,573.0,550.0,1.877754556018715,3.731258820876203,0.14675524107830307,-1112.1025589144929,1126.652733611229,-2238.755292525722,67368.0029296875,13537.350073321139,SPY|short|strangle,100000.0,113537.35007332114,0.1353735007332113,114649.45263223563,-0.009700025018713492,114649.45263223563,0.5875998653546632,47281.449702548125
SPY,strangle,short,2024-09-19,2024-09-20,570.97998046875,567.8400268554688,582.0,560.0,2.2687633279884665,2.082358538959447,0.14993465109669546,111.84287341741174,1361.2579967930799,-1249.4151233756681,68517.59765625,13649.19294673855,SPY|short|strangle,100000.0,113649.19294673855,0.13649192946738542,113537.35007332114,0.0009850756015107353,113537.35007332114,0.6034806837750054,45019.75241707114
SPY,strangle,short,2024-09-20,2024-09-23,568.25,569.3400268554688,580.0,557.0,1.6727591625552947,0.7466562083082238,0.1394959037418881,555.6617725482425,1003.6554975331768,-447.99372498493426,68190.0,14204.854719286794,SPY|short|strangle,100000.0,114204.8547192868,0.14204854719286808,113649.19294673855,0.004889271609774231,113649.19294673855,0.6000042607601894,45459.19294673855
SPY,strangle,short,2024-09-23,2024-09-24,569.6699829101562,570.47998046875,581.0,558.0,1.6874244825084759,1.4623641614595329,0.13935377312463365,135.03619262936581,1012.4546895050855,-877.4184968757197,68360.39794921875,14339.890911916158,SPY|short|strangle,100000.0,114339.89091191615,0.14339890911916164,114204.8547192868,0.0011824032608883574,114204.8547192868,0.5985769879682191,45844.45677006805
SPY,strangle,short,2024-09-24,2024-09-25,571.2999877929688,571.1400146484375,583.0,560.0,1.6922633618771243,1.4246344780552818,0.13927142824212346,160.57733029310555,1015.3580171262746,-854.780686833169,68555.99853515625,14500.468242209265,SPY|short|strangle,100000.0,114500.46824220926,0.14500468242209252,114339.89091191615,0.001404385897278923,114339.89091191615,0.5995807586345314,45783.892376759904
SPY,strangle,short,2024-09-25,2024-09-26,570.0399780273438,574.3800048828125,581.0,559.0,1.6146185581226433,1.8902041814226855,0.13329101659316664,-165.35137398002541,968.771134873586,-1134.1225088536114,68404.79736328125,14335.11686822924,SPY|short|strangle,100000.0,114335.11686822923,0.14335116868229236,114500.46824220926,-0.0014441108976973648,114500.46824220926,0.5974193679154285,46095.67087892801
SPY,strangle,short,2024-09-26,2024-09-27,572.2999877929688,573.3900146484375,584.0,561.0,1.4900400022356024,1.2898803265040826,0.13338888692969625,120.09580543891195,894.0240013413614,-773.9281959024495,68675.99853515625,14455.212673668151,SPY|short|strangle,100000.0,114455.21267366815,0.1445521267366816,114335.11686822923,0.001050384245264925,114335.11686822923,0.6006553403387436,45659.118333072984
SPY,strangle,short,2024-09-27,2024-09-30,571.469970703125,570.4199829101562,583.0,560.0,1.2202866146601892,0.4799457004209273,0.12549643548072612,444.20454854355717,732.1719687961136,-287.9674202525564,68576.396484375,14899.417222211709,SPY|short|strangle,100000.0,114899.4172222117,0.14899417222211708,114455.21267366815,0.003881033796250609,114455.21267366815,0.5991548561435844,45878.81618929315
SPY,strangle,short,2024-09-30,2024-10-01,573.760009765625,573.4000244140625,585.0,562.0,1.2515206832011216,1.028217448824087,0.1257397958463871,133.98194062622076,750.912409920673,-616.9304692944522,68851.201171875,15033.399162837928,SPY|short|strangle,100000.0,115033.39916283793,0.15033399162837924,114899.4172222117,0.0011660802453602012,114899.4172222117,0.5992302035676912,46048.216050336705
SPY,strangle,short,2024-10-01,2024-10-02,568.6199951171875,567.7100219726562,580.0,557.0,1.2349103818469018,1.0140160608287658,0.12648281621119706,132.5365926108816,740.9462291081411,-608.4096364972595,68234.3994140625,15165.93575544881,SPY|short|strangle,100000.0,115165.93575544881,0.151659357554488,115033.39916283793,0.0011521574914366102,115033.39916283793,0.5931703306226035,46798.99974877543
SPY,strangle,short,2024-10-02,2024-10-03,568.8599853515625,567.3599853515625,580.0,557.0,1.23827631102548,1.0147325937842453,0.12631807730344122,134.12623034474075,742.9657866152879,-608.8395562705472,68263.1982421875,15300.06198579355,SPY|short|strangle,100000.0,115300.06198579355,0.15300061985793545,115165.93575544881,0.0011646345724099661,115165.93575544881,0.5927377552607416,46902.73751326131
SPY,strangle,short,2024-10-03,2024-10-04,567.8200073242188,572.3499755859375,579.0,556.0,1.2261502324224125,1.5980702860893885,0.1262140523231377,-223.15203220018566,735.6901394534475,-958.8421716536332,68138.40087890625,15076.909953593366,SPY|short|strangle,100000.0,115076.90995359336,0.15076909953593365,115300.06198579355,-0.0019354025345422697,115300.06198579355,0.5909658651120394,47161.6611068873
SPY,strangle,short,2024-10-04,2024-10-07,572.97998046875,571.2999877929688,584.0,562.0,1.3804244317350083,0.5935754025030207,0.12606941370394875,472.1094175391926,828.254659041005,-356.1452415018124,68757.59765625,15549.019371132557,SPY|short|strangle,100000.0,115549.01937113256,0.15549019371132555,115076.90995359336,0.004102555566790752,115076.90995359336,0.5974925611400029,46319.312297343364
SPY,strangle,short,2024-10-07,2024-10-08,567.7999877929688,570.4199829101562,579.0,556.0,1.217183877403592,1.2393996059172778,0.1259585367919534,-13.32943710821155,730.3103264421552,-743.6397635503668,68135.99853515625,15535.689934024347,SPY|short|strangle,100000.0,115535.68993402435,0.15535689934024344,115549.01937113256,-0.00011535742302925701,115549.01937113256,0.5896718025473661,47413.020835976306
SPY,strangle,short,2024-10-08,2024-10-09,573.1699829101562,573.1599731445312,585.0,562.0,1.3235459557383962,1.100822710445975,0.12836308104032615,133.63394717545282,794.1275734430377,-660.4936262675849,68780.39794921875,15669.3238811998,SPY|short|strangle,100000.0,115669.3238811998,0.15669323881199793,115535.68993402435,0.001156646463545276,115535.68993402435,0.595317325654914,46755.291984805604
SPY,strangle,short,2024-10-09,2024-10-10,577.1400146484375,575.77001953125,589.0,566.0,1.3956807734254397,1.1897396741445334,0.12959909236507997,123.56465956854379,837.4084640552638,-713.84380448672,69256.8017578125,15792.888540768343,SPY|short|strangle,100000.0,115792.88854076834,0.15792888540768346,115669.3238811998,0.0010682578182565762,115669.3238811998,0.5987482197868115,46412.5221233873
SPY,strangle,short,2024-10-10,2024-10-11,576.1300048828125,576.0499877929688,588.0,565.0,1.3432291936245804,1.1176766460981327,0.12829142428194665,135.33152851586863,805.9375161747482,-670.6059876588796,69135.6005859375,15928.220069284213,SPY|short|strangle,100000.0,115928.22006928422,0.15928220069284227,115792.88854076834,0.0011687378233786881,115792.88854076834,0.5970625783430237,46657.28795483084
SPY,strangle,short,2024-10-11,2024-10-14,579.5800170898438,581.219970703125,591.0,568.0,1.4011766143656814,0.649080869781006,0.129039721439749,451.25744675080523,840.7059686194088,-389.4485218686036,69549.60205078125,16379.477516035016,SPY|short|strangle,100000.0,116379.47751603501,0.16379477516035013,115928.22006928422,0.0038925590894185414,115928.22006928422,0.5999367712987839,46378.618018502966
SPY,strangle,short,2024-10-14,2024-10-15,584.3200073242188,584.5900268554688,596.0,573.0,1.4089782579190029,1.1821347806686333,0.12834387634469863,136.10608635022174,845.3869547514017,-709.28086840118,70118.40087890625,16515.58360238524,SPY|short|strangle,100000.0,116515.58360238525,0.16515583602385253,116379.47751603501,0.0011695024694664809,116379.47751603501,0.6024979865478876,46261.07663712876
SPY,strangle,short,2024-10-15,2024-10-16,579.780029296875,579.780029296875,591.0,568.0,0.9181058487710061,0.7476294754959625,0.11368381275469894,102.28582396502617,550.8635092626037,-448.5776852975775,69573.603515625,16617.869426350266,SPY|short|strangle,100000.0,116617.86942635027,0.16617869426350262,116515.58360238525,0.0008778724768189054,116515.58360238525,0.5971184399938132,46941.980086760246
SPY,strangle,short,2024-10-16,2024-10-17,582.2999877929688,585.9099731445312,594.0,571.0,0.91401062007251,1.047819213984468,0.11339337528854461,-80.28515634717473,548.406372043506,-628.6915283906808,69875.99853515625,16537.58427000309,SPY|short|strangle,100000.0,116537.58427000309,0.16537584270003092,116617.86942635027,-0.0006884464339993677,116617.86942635027,0.5991877478029751,46741.87089119402
SPY,strangle,short,2024-10-17,2024-10-18,582.3499755859375,584.0700073242188,594.0,571.0,0.8976640595711416,0.8140936074665035,0.11280038397610875,50.142271262782856,538.598435742685,-488.4561644799021,69881.9970703125,16587.726541265874,SPY|short|strangle,100000.0,116587.72654126587,0.1658772654126588,116537.58427000309,0.0004302669527335443,116537.58427000309,0.5996520136233869,46655.58719969059
SPY,strangle,short,2024-10-18,2024-10-21,584.5900268554688,583.8499755859375,596.0,573.0,0.5198393667297054,0.15027249533953224,0.09759841131935737,221.74012283410391,311.90362003782326,-90.16349720371934,70150.80322265625,16809.46666409998,SPY|short|strangle,100000.0,116809.46666409998,0.1680946666409997,116587.72654126587,0.0019019165173927606,116587.72654126587,0.6016997269247427,46436.923318609624
SPY,strangle,short,2024-10-21,2024-10-22,583.6300048828125,581.0499877929688,595.0,572.0,0.45856020849422663,0.40612139193359553,0.09490404784700501,31.463289936378658,275.136125096536,-243.67283516015732,70035.6005859375,16840.929954036357,SPY|short|strangle,100000.0,116840.92995403636,0.16840929954036366,116809.46666409998,0.0002693556510009178,116809.46666409998,0.5995712726549254,46773.86607816248
SPY,strangle,short,2024-10-22,2024-10-23,583.3200073242188,581.260009765625,595.0,572.0,0.4543581500523146,0.3958381845858483,0.09499681378597054,35.11197927987979,272.61489003138877,-237.50291075150898,69998.40087890625,16876.041933316235,SPY|short|strangle,100000.0,116876.04193331624,0.16876041933316244,116840.92995403636,0.000300510953598986,116840.92995403636,0.5990914391595709,46842.52907513011
SPY,strangle,short,2024-10-23,2024-10-24,577.989990234375,579.97998046875,590.0,566.0,0.4169255298137706,0.41154554647897257,0.09709670301627003,3.227990000878833,250.15531788826237,-246.92732788738354,69358.798828125,16879.269923317115,SPY|short|strangle,100000.0,116879.26992331712,0.1687926992331712,116876.04193331624,2.7618919561979746e-05,116876.04193331624,0.5934389775767539,47517.24310519124
SPY,strangle,short,2024-10-24,2024-10-25,579.239990234375,581.510009765625,591.0,568.0,0.4366219035348422,0.4409658550183213,0.09484673047038317,-2.606370890087476,261.9731421209053,-264.5795130109928,69508.798828125,16876.663552427028,SPY|short|strangle,100000.0,116876.66355242702,0.1687666355242703,116879.26992331712,-2.229968489534098e-05,116879.26992331712,0.5947059634589501,47370.471095192115
SPY,strangle,short,2024-10-25,2024-10-28,579.0399780273438,582.5800170898438,591.0,567.0,0.3657200321914864,0.24369064079220526,0.094160162866418,73.21763483956869,219.43201931489185,-146.21438447532316,69484.79736328125,16949.881187266594,SPY|short|strangle,100000.0,116949.8811872666,0.1694988118726659,116876.66355242702,0.0006264521300843403,116876.66355242702,0.594513868306248,47391.866189145774
SPY,strangle,short,2024-10-28,2024-10-29,580.8300170898438,579.8499755859375,592.0,569.0,0.4424446174272916,0.3318170984140245,0.09434718091373138,66.37651140796024,265.46677045637495,-199.0902590484147,69699.60205078125,17016.257698674555,SPY|short|strangle,100000.0,117016.25769867456,0.17016257698674564,116949.8811872666,0.0005675637352865243,116949.8811872666,0.5959783912834798,47250.27913648535
SPY,strangle,short,2024-10-29,2024-10-30,581.77001953125,581.2899780273438,593.0,570.0,0.4438474298177262,0.33618266012049247,0.09434093590869048,64.59886181834025,266.30845789063574,-201.70959607229548,69812.40234375,17080.856560492895,SPY|short|strangle,100000.0,117080.85656049289,0.17080856560492896,117016.25769867456,0.0005520503141083785,117016.25769867456,0.5966042985541552,47203.855354924555
SPY,strangle,short,2024-10-30,2024-10-31,580.010009765625,575.5599975585938,592.0,568.0,0.37184309197725085,0.49517902572941974,0.0943633729435685,-74.00156025130136,223.1058551863505,-297.10741543765187,69601.201171875,17006.855000241594,SPY|short|strangle,100000.0,117006.8550002416,0.17006855000241594,117080.85656049289,-0.0006320551661924895,117080.85656049289,0.5944712330996119,47479.65538861789
SPY,strangle,short,2024-10-31,2024-11-01,568.6400146484375,571.3200073242188,580.0,557.0,0.5270704925221423,0.5972151133690851,0.10062647729671799,-42.08677250816561,316.2422955132854,-358.329068021451,68236.8017578125,16964.768227733428,SPY|short|strangle,100000.0,116964.76822773342,0.1696476822773343,117006.8550002416,-0.00035969492990883914,117006.8550002416,0.5831863591041021,48770.0532424291
SPY,strangle,short,2024-11-01,2024-11-04,571.0399780273438,571.1799926757812,582.0,560.0,0.60779372567211,0.19331579219462824,0.10039004707385006,248.68676008648904,364.676235403266,-115.98947531677695,68524.79736328125,17213.454987819918,SPY|short|strangle,100000.0,117213.45498781992,0.1721345498781992,116964.76822773342,0.002126168109035103,116964.76822773342,0.5858584461079912,48439.970864452174
SPY,strangle,short,2024-11-04,2024-11-05,569.8099975585938,570.739990234375,581.0,558.0,0.5299988162311848,0.4577487288205475,0.10035620697425919,43.35005244638239,317.9992897387109,-274.6492372923285,68377.19970703125,17256.8050402663,SPY|short|strangle,100000.0,117256.8050402663,0.172568050402663,117213.45498781992,0.00036983853475598905,117213.45498781992,0.5833562342662502,48836.25528078867
SPY,strangle,short,2024-11-05,2024-11-06,576.7000122070312,589.2000122070312,588.0,565.0,0.6898585996635092,4.12747772160358,0.10597234689510296,-2062.571473164043,413.9151597981055,-2476.486632962148,69204.00146484375,15194.233567102257,SPY|short|strangle,100000.0,115194.23356710226,0.15194233567102255,117256.8050402663,-0.0175902070029603,117256.8050402663,0.5901917713098094,48052.80357542256
SPY,strangle,short,2024-11-06,2024-11-07,591.0399780273438,593.0800170898438,603.0,579.0,1.280543154772559,1.1919969160266746,0.12679303379238718,53.1277432475307,768.3258928635354,-715.1981496160047,70924.79736328125,15247.361310349788,SPY|short|strangle,100000.0,115247.36131034979,0.15247361310349783,115194.23356710226,0.00046120141262611937,115194.23356710226,0.6156974630328744,44269.43620382101
SPY,strangle,short,2024-11-07,2024-11-08,595.6099853515625,596.1699829101562,608.0,584.0,1.3483122308124251,1.1310084269322687,0.1279585618120766,130.38228232809388,808.9873384874551,-678.6050561593612,71473.1982421875,15377.743592677882,SPY|short|strangle,100000.0,115377.74359267789,0.15377743592677895,115247.36131034979,0.0011313255318443885,115247.36131034979,0.6201721013786791,43774.16306816229
SPY,strangle,short,2024-11-08,2024-11-11,598.1900024414062,599.8099975585938,610.0,586.0,1.3764730604585083,0.6300500128255884,0.12796189876168612,447.85382857975196,825.883836275105,-378.030007695353,71782.80029296875,15825.597421257635,SPY|short|strangle,100000.0,115825.59742125764,0.15825597421257642,115377.74359267789,0.0038816310202843462,115377.74359267789,0.622154655289378,43594.943299709135
SPY,strangle,short,2024-11-11,2024-11-12,598.760009765625,598.6799926757812,611.0,587.0,1.3656359613374178,1.1340930865525536,0.127754118268068,138.92572487091854,819.3815768024507,-680.4558519315322,71851.201171875,15964.523146128553,SPY|short|strangle,100000.0,115964.52314612856,0.1596452314612855,115825.59742125764,0.0011994388802126852,115825.59742125764,0.6203395688998885,43974.39624938264
SPY,strangle,short,2024-11-12,2024-11-13,596.9000244140625,597.3699951171875,609.0,585.0,1.2490021175565715,1.0463081930159106,0.12468375656936113,121.6163547243965,749.4012705339429,-627.7849158095464,71628.0029296875,16086.139500852949,SPY|short|strangle,100000.0,116086.13950085295,0.16086139500852958,115964.52314612856,0.0010487375916783273,115964.52314612856,0.6176716894651308,44336.52021644106
SPY,strangle,short,2024-11-13,2024-11-14,597.1900024414062,597.3200073242188,609.0,585.0,1.2569520858278054,1.0443216268310707,0.12467858217488638,127.57827539804089,754.1712514966832,-626.5929760986423,71662.80029296875,16213.71777625099,SPY|short|strangle,100000.0,116213.717776251,0.16213717776251002,116086.13950085295,0.0010989966239432357,116086.13950085295,0.6173243472571693,44423.3392078842
SPY,strangle,short,2024-11-14,2024-11-15,593.3499755859375,589.719970703125,605.0,581.0,1.2954930404746605,1.1943027589573916,0.12649580459298307,60.71416891036131,777.2958242847963,-716.581655374435,71201.9970703125,16274.431945161352,SPY|short|strangle,100000.0,116274.43194516136,0.1627443194516136,116213.717776251,0.000522435475537025,116213.717776251,0.6126815184365703,45011.7207059385
SPY,strangle,short,2024-11-15,2024-11-18,585.75,586.219970703125,597.0,574.0,1.52259237422264,0.6511252744665867,0.13097211808367357,522.880259853632,913.555424533584,-390.67516467995205,70290.0,16797.312205014983,SPY|short|strangle,100000.0,116797.31220501498,0.16797312205014991,116274.43194516136,0.00449694959679733,116274.43194516136,0.6045181113690665,45984.431945161356
SPY,strangle,short,2024-11-18,2024-11-19,588.1500244140625,584.7100219726562,600.0,576.0,1.2998845325378028,1.2058621433660974,0.12792140186993967,56.41343350302316,779.9307195226817,-723.5172860196585,70578.0029296875,16853.725638518008,SPY|short|strangle,100000.0,116853.72563851801,0.16853725638518013,116797.31220501498,0.0004830028400311159,116797.31220501498,0.6042776293156604,46219.30927532748
SPY,strangle,short,2024-11-19,2024-11-20,590.2999877929688,590.3800048828125,602.0,578.0,1.2478665045906254,1.03512823222853,0.1257679581538133,127.64296341725719,748.7199027543752,-621.076939337118,70835.99853515625,16981.368601935264,SPY|short|strangle,100000.0,116981.36860193526,0.16981368601935265,116853.72563851801,0.0010923311406614046,116853.72563851801,0.6061937533278517,46017.72710336176
SPY,strangle,short,2024-11-20,2024-11-21,590.5,593.4000244140625,602.0,579.0,1.325096700946034,1.3440783174270408,0.12451526761044135,-11.388969888604151,795.0580205676204,-806.4469904562245,70860.0,16969.97963204666,SPY|short|strangle,100000.0,116969.97963204666,0.1696997963204665,116981.36860193526,-9.735712639299502e-05,116981.36860193526,0.6057374849248237,46121.36860193526
SPY,strangle,short,2024-11-21,2024-11-22,593.6699829101562,593.6599731445312,606.0,582.0,1.2334852076515261,1.019266654736839,0.12497061472064844,128.5311317488123,740.0911245909157,-611.5599928421034,71240.39794921875,17098.51076379547,SPY|short|strangle,100000.0,117098.51076379546,0.17098510763795471,116969.97963204666,0.0010988386263991294,116969.97963204666,0.6090485624885993,45729.581682827906
SPY,strangle,short,2024-11-22,2024-11-25,595.510009765625,599.52001953125,607.0,584.0,1.3527802297500955,0.9026077862573878,0.12425253152944667,270.10346609562464,811.6681378500573,-541.5646717544327,71461.201171875,17368.614229891096,SPY|short|strangle,100000.0,117368.6142298911,0.1736861422989111,117098.51076379546,0.002306634510839016,117098.51076379546,0.6102656703809198,45637.309591920464
SPY,strangle,short,2024-11-25,2024-11-26,597.530029296875,598.7999877929688,609.0,586.0,1.3100303970158365,1.1541045626380253,0.12259705914359492,93.5555006266867,786.0182382095019,-692.4627375828152,71703.603515625,17462.169730517784,SPY|short|strangle,100000.0,117462.16973051778,0.17462169730517774,117368.6142298911,0.0007971083346305732,117368.6142298911,0.6109265580590261,45665.0107142661
SPY,strangle,short,2024-11-26,2024-11-27,600.6500244140625,600.4600219726562,613.0,589.0,1.133652539282366,0.9310926745610644,0.1204971567874419,121.53591883278091,680.1915235694196,-558.6556047366387,72078.0029296875,17583.705649350562,SPY|short|strangle,100000.0,117583.70564935057,0.17583705649350567,117462.16973051778,0.0010346813711308853,117462.16973051778,0.6136273754779872,45384.16680083028
SPY,strangle,short,2024-11-27,2024-11-29,598.8300170898438,599.6599731445312,611.0,587.0,1.1304082800559598,0.6884930965289087,0.1207121415887204,265.1491101162307,678.2449680335759,-413.0958579173452,71859.60205078125,17848.854759466794,SPY|short|strangle,100000.0,117848.85475946679,0.1784885475946678,117583.70564935057,0.0022549817481253634,117583.70564935057,0.6111357152246557,45724.103598569316
SPY,strangle,short,2024-11-29,2024-12-02,602.5499877929688,602.969970703125,615.0,590.0,1.074910699899327,0.40126180563930447,0.12163380647293942,404.1893365560135,644.9464199395961,-240.75708338358268,72305.99853515625,18253.044096022808,SPY|short|strangle,100000.0,118253.04409602282,0.1825304409602282,117848.85475946679,0.003429726469391464,117848.85475946679,0.6135485888491242,45542.85622431054
SPY,strangle,short,2024-12-02,2024-12-03,603.6300048828125,603.3900146484375,616.0,592.0,1.1822510204170413,0.9735417175139247,0.12138294140018276,125.22558174186997,709.3506122502248,-584.1250305083548,72435.6005859375,18378.269677764678,SPY|short|strangle,100000.0,118378.26967776468,0.1837826967776468,118253.04409602282,0.001058962859680681,118253.04409602282,0.6125474497478388,45817.443510085315
SPY,strangle,short,2024-12-03,2024-12-04,603.9099731445312,605.6300048828125,616.0,592.0,1.1785633258432853,1.0617728715446333,0.12112721054038818,70.07427257919119,707.1379955059712,-637.06372292678,72469.19677734375,18448.343950343868,SPY|short|strangle,100000.0,118448.34395034387,0.1844834395034387,118378.26967776468,0.0005919521612365097,118378.26967776468,0.6121832746382493,45909.07290042093
SPY,strangle,short,2024-12-04,2024-12-05,607.6599731445312,607.6599731445312,620.0,596.0,1.2264487402566289,1.0132130385118714,0.12188619068174118,127.94142104685454,735.8692441539773,-607.9278231071228,72919.19677734375,18576.285371390724,SPY|short|strangle,100000.0,118576.28537139072,0.18576285371390733,118448.34395034387,0.001080145291862336,118448.34395034387,0.6156202302660565,45529.14717300012
SPY,strangle,short,2024-12-05,2024-12-06,606.6599731445312,607.4400024414062,619.0,595.0,1.0953018156881171,0.9181820811627546,0.11812197370492254,106.27184071521754,657.1810894128703,-550.9092486976527,72799.19677734375,18682.55721210594,SPY|short|strangle,100000.0,118682.55721210594,0.18682557212105944,118576.28537139072,0.0008962318256333073,118576.28537139072,0.6139439817104293,45777.088594046974
SPY,strangle,short,2024-12-06,2024-12-09,607.8099975585938,607.6900024414062,620.0,596.0,1.1036676343003293,0.41063678914530755,0.11811378336892879,415.818507093013,662.2005805801975,-246.38207348718453,72937.19970703125,19098.375719198953,SPY|short|strangle,100000.0,119098.37571919896,0.19098375719198968,118682.55721210594,0.00350361937643351,118682.55721210594,0.6145570286009262,45745.35750507469
SPY,strangle,short,2024-12-09,2024-12-10,604.6799926757812,605.3699951171875,617.0,593.0,1.1314637194692523,0.9468650616903389,0.11962067801336217,110.75919466734808,678.8782316815514,-568.1190370142033,72561.59912109375,19209.134913866303,SPY|short|strangle,100000.0,119209.1349138663,0.1920913491386631,119098.37571919896,0.0009299807323022409,119098.37571919896,0.6092576719280701,46536.77659810521
SPY,strangle,short,2024-12-10,2024-12-11,602.7999877929688,605.780029296875,615.0,591.0,1.1402382731237708,1.152998081071786,0.12022927054911198,-7.655884768809074,684.1429638742625,-691.7988486430716,72335.99853515625,19201.479029097492,SPY|short|strangle,100000.0,119201.47902909749,0.192014790290975,119209.1349138663,-6.422229952713588e-05,119209.1349138663,0.6067991231328211,46873.136378710056
SPY,strangle,short,2024-12-11,2024-12-12,607.4600219726562,606.5800170898438,620.0,595.0,1.1058878267869972,0.9013078865913471,0.12168037452345089,122.7479641173901,663.5326960721983,-540.7847319548082,72895.20263671875,19324.226993214885,SPY|short|strangle,100000.0,119324.22699321489,0.193242269932149,119201.47902909749,0.0010297520225183356,119201.47902909749,0.6115293470387626,46306.27639237874
SPY,strangle,short,2024-12-12,2024-12-13,604.3300170898438,606.4000244140625,616.0,592.0,1.237946871657826,1.1807301113999955,0.12251690497249403,34.33005615469824,742.7681229946955,-708.4380668399973,72519.60205078125,19358.55704936958,SPY|short|strangle,100000.0,119358.55704936959,0.19358557049369596,119324.22699321489,0.0002877039895397801,119324.22699321489,0.6077525401015581,46804.62494243364
SPY,strangle,short,2024-12-13,2024-12-16,604.2100219726562,606.0,616.0,592.0,0.7057683911121444,0.2987357080027131,0.10501033254623492,244.21960986565878,423.46103466728664,-179.24142480162786,72505.20263671875,19602.776659235242,SPY|short|strangle,100000.0,119602.77665923524,0.19602776659235244,119358.55704936959,0.002046100555359794,119358.55704936959,0.6074570975814398,46853.354412650835
SPY,strangle,short,2024-12-16,2024-12-17,606.7899780273438,604.1900024414062,619.0,595.0,0.7100882091682124,0.6491358818602571,0.10501934638487108,36.57139638477321,426.0529255009274,-389.4815291161542,72814.79736328125,19639.348055620012,SPY|short|strangle,100000.0,119639.34805562001,0.19639348055619998,119602.77665923524,0.00030577380731695007,119602.77665923524,0.6088052417941819,46787.97929595399
SPY,strangle,short,2024-12-17,2024-12-18,604.2899780273438,603.97998046875,616.0,592.0,0.730748525996205,0.5774318326946712,0.10585381510561855,91.99001598092025,438.449115597723,-346.45909961680275,72514.79736328125,19731.338071600934,SPY|short|strangle,100000.0,119731.33807160094,0.19731338071600946,119639.34805562001,0.0007688943267908342,119639.34805562001,0.6061116057701127,47124.55069233876
SPY,strangle,short,2024-12-18,2024-12-19,586.280029296875,591.3599853515625,598.0,575.0,1.7486947469311218,2.0993621788766283,0.13720768907144376,-210.40045916730378,1049.2168481586732,-1259.617307325977,70353.603515625,19520.93761243363,SPY|short|strangle,100000.0,119520.93761243363,0.1952093761243363,119731.33807160094,-0.0017572714258106887,119731.33807160094,0.5875955672820812,49377.73455597594
SPY,strangle,short,2024-12-19,2024-12-20,586.0999755859375,581.77001953125,598.0,574.0,0.9366874239357728,0.9963058553558071,0.11680252172177706,-35.77105885202059,562.0124543614636,-597.7835132134842,70331.9970703125,19485.16655358161,SPY|short|strangle,100000.0,119485.16655358161,0.19485166553581612,119520.93761243363,-0.00029928696650635515,119520.93761243363,0.5884491744733096,49188.94054212113
SPY,strangle,short,2024-12-20,2024-12-23,591.1500244140625,590.8900146484375,603.0,579.0,0.9837871557401385,0.35031613087892666,0.11734972709726268,380.08261491672704,590.2722934440831,-210.189678527356,70938.0029296875,19865.249168498336,SPY|short|strangle,100000.0,119865.24916849834,0.19865249168498345,119485.16655358161,0.0031810025116907194,119485.16655358161,0.5936971506657794,48547.163623894114
SPY,strangle,short,2024-12-23,2024-12-24,594.6900024414062,596.0599975585938,607.0,583.0,1.0176262077457707,0.8810713667047665,0.11800318678855834,81.93290462460254,610.5757246474625,-528.64282002286,71362.80029296875,19947.182073122938,SPY|short|strangle,100000.0,119947.18207312294,0.19947182073122938,119865.24916849834,0.0006835417703877368,119865.24916849834,0.5953585445991258,48502.44887552959
SPY,strangle,short,2024-12-24,2024-12-26,601.2999877929688,599.5,613.0,589.0,1.2126315677128616,0.7275840865526817,0.12240666364648789,291.02848869610796,727.578940627717,-436.550451931609,72155.99853515625,20238.210561819047,SPY|short|strangle,100000.0,120238.21056181905,0.20238210561819048,119947.18207312294,0.0024263053426189654,119947.18207312294,0.6015647661582251,47791.18353796669
SPY,strangle,short,2024-12-26,2024-12-27,601.3400268554688,597.5399780273438,613.0,589.0,1.2013079778274331,1.1301112301487422,0.1220188434171038,42.71804860721454,720.7847866964598,-678.0667380892453,72160.80322265625,20280.92861042626,SPY|short|strangle,100000.0,120280.92861042626,0.20280928610426252,120238.21056181905,0.00035527847934206875,120238.21056181905,0.6001486789056597,48077.407339162804
SPY,strangle,short,2024-12-27,2024-12-30,595.010009765625,587.8900146484375,607.0,583.0,1.281206734112871,1.2735995953020698,0.12598292348246817,4.564283286480759,768.7240404677226,-764.1597571812418,71401.201171875,20285.49289371274,SPY|short|strangle,100000.0,120285.49289371274,0.2028549289371273,120280.92861042626,3.7946857737221654e-05,120280.92861042626,0.5936203020441743,48879.72743855126
SPY,strangle,short,2024-12-30,2024-12-31,588.219970703125,589.9099731445312,600.0,576.0,1.3380180733031892,1.2209832308008544,0.12898364384603614,70.22090550140092,802.8108439819135,-732.5899384805126,70586.396484375,20355.713799214143,SPY|short|strangle,100000.0,120355.71379921414,0.20355713799214126,120285.49289371274,0.0005837853244983571,120285.49289371274,0.5868238537023488,49699.09640933774
SPY,strangle,short,2024-12-31,2025-01-02,586.0800170898438,589.3900146484375,598.0,574.0,1.1496571167213716,0.9482638074228227,0.12381379722200979,120.83598557912933,689.794270032823,-568.9582844536936,70329.60205078125,20476.54978479327,SPY|short|strangle,100000.0,120476.54978479327,0.20476549784793274,120355.71379921414,0.0010039904360562093,120355.71379921414,0.5843478454883333,50026.111748432886
SPY,strangle,short,2025-01-02,2025-01-03,584.6400146484375,587.530029296875,596.0,573.0,1.2483289803373765,1.2893366995872384,0.12339719886291427,-24.604631549917144,748.9973882024259,-773.602019752343,70156.8017578125,20451.945153243356,SPY|short|strangle,100000.0,120451.94515324336,0.20451945153243356,120476.54978479327,-0.00020422755792615484,120476.54978479327,0.5823274478156395,50319.74802698077
SPY,strangle,short,2025-01-03,2025-01-06,591.9500122070312,596.27001953125,604.0,580.0,1.3364564159051469,0.9092994977783011,0.12830045009300745,256.29415087610744,801.8738495430881,-545.5796986669807,71034.00146484375,20708.239304119463,SPY|short|strangle,100000.0,120708.23930411946,0.2070823930411947,120451.94515324336,0.0021277709591990455,120451.94515324336,0.5897289692953626,49417.94368839961
SPY,strangle,short,2025-01-06,2025-01-07,595.3599853515625,597.4199829101562,607.0,583.0,1.4084120674100973,1.334583230163659,0.12934261465062907,44.29730234786291,845.0472404460584,-800.7499380981955,71443.1982421875,20752.536606467325,SPY|short|strangle,100000.0,120752.53660646733,0.2075253660646732,120708.23930411946,0.00036697828253676765,120708.23930411946,0.5918667909834165,49265.04106193196
SPY,strangle,short,2025-01-07,2025-01-08,588.6300048828125,588.7000122070312,600.0,577.0,1.6049883122071549,1.3516582146586416,0.13267212298259234,151.998058529108,962.9929873242929,-810.9949287951849,70635.6005859375,20904.534664996434,SPY|short|strangle,100000.0,120904.53466499643,0.20904534664996444,120752.53660646733,0.001258756650590868,120752.53660646733,0.5849616295526695,50116.93602052983
SPY,strangle,short,2025-01-08,2025-01-10,589.489990234375,585.8800048828125,601.0,578.0,1.5988202578553228,1.18913470120291,0.13239466603209346,245.81133399144755,959.2921547131937,-713.4808207217461,70738.798828125,21150.345998987883,SPY|short|strangle,100000.0,121150.34599898788,0.21150345998987885,120904.53466499643,0.0020331026844654272,120904.53466499643,0.5850797823599323,50165.735836871434
SPY,strangle,short,2025-01-10,2025-01-13,580.489990234375,575.77001953125,592.0,569.0,1.7610874745064393,1.1181673343900371,0.13882729937983296,385.7520840698413,1056.6524847038636,-670.9004006340223,69658.798828125,21536.098083057725,SPY|short|strangle,100000.0,121536.09808305773,0.21536098083057742,121150.34599898788,0.0031840774443439392,121150.34599898788,0.5749781253510159,51491.547170862876
SPY,strangle,short,2025-01-13,2025-01-14,581.3900146484375,584.3599853515625,593.0,570.0,1.7294180812879034,1.7056151526980585,0.1378150740179289,14.281757153906824,1037.650848772742,-1023.3690916188351,69766.8017578125,21550.37984021163,SPY|short|strangle,100000.0,121550.37984021162,0.2155037984021162,121536.09808305773,0.00011751041360688308,121536.09808305773,0.5740418102787362,51769.29632524523
SPY,strangle,short,2025-01-14,2025-01-15,582.1900024414062,590.3300170898438,594.0,571.0,1.7364189543194186,2.955363580213934,0.13786596102551027,-731.3667755367094,1041.8513725916512,-1773.2181481283606,69862.80029296875,20819.01306467492,SPY|short|strangle,100000.0,120819.01306467492,0.20819013064674907,121550.37984021162,-0.006016984698017016,121550.37984021162,0.5747641462314588,51687.57954724287
SPY,strangle,short,2025-01-15,2025-01-16,592.780029296875,594.1699829101562,605.0,581.0,2.041908331182043,1.7971712963839934,0.14713987829712502,146.84222087882972,1225.1449987092258,-1078.302777830396,71133.603515625,20965.85528555375,SPY|short|strangle,100000.0,120965.85528555376,0.20965855285553747,120819.01306467492,0.001215390004884616,120819.01306467492,0.5887616668209903,49685.40954904992
SPY,strangle,short,2025-01-16,2025-01-17,591.6400146484375,596.9600219726562,603.0,580.0,2.1966267057684092,2.6428889436784573,0.14702138850204127,-267.7573427460288,1317.9760234610455,-1585.7333662070744,70996.8017578125,20698.097942807723,SPY|short|strangle,100000.0,120698.09794280773,0.20698097942807725,120965.85528555376,-0.002213495222382853,120965.85528555376,0.5869160482535871,49969.05352774126
SPY,strangle,short,2025-01-17,2025-01-21,597.5800170898438,600.6699829101562,610.0,586.0,2.2150272525555295,0.7721328747689284,0.1502166875696994,865.7366266719606,1329.0163515333177,-463.27972486135707,71709.60205078125,21563.83456947968,SPY|short|strangle,100000.0,121563.83456947969,0.21563834569479678,120698.09794280773,0.0071727445703592295,120698.09794280773,0.5941237125771488,48988.495892026476
SPY,strangle,short,2025-01-21,2025-01-22,603.0499877929688,605.9199829101562,615.0,591.0,2.3339615519624317,2.2437533324977963,0.15155493369015965,54.124931678781195,1400.376931177459,-1346.2519994986778,72365.99853515625,21617.959501158464,SPY|short|strangle,100000.0,121617.95950115846,0.21617959501158457,121563.83456947969,0.00044523876587527475,121563.83456947969,0.595292167209447,49197.83603432344
SPY,strangle,short,2025-01-22,2025-01-23,606.4400024414062,605.7999877929688,619.0,594.0,2.2367685150085634,1.8982928278963556,0.1524308021082426,203.0854122673245,1342.061109005138,-1138.9756967378135,72772.80029296875,21821.044913425787,SPY|short|strangle,100000.0,121821.04491342578,0.2182104491342578,121617.95950115846,0.001669863670631557,121617.95950115846,0.598372153187421,48845.15920818971
SPY,strangle,short,2025-01-23,2025-01-24,609.75,609.8099975585938,622.0,598.0,2.4718287128948617,2.1216674207012858,0.153161819122573,210.09677531614534,1483.097227736917,-1273.0004524207716,73170.0,22031.141688741933,SPY|short|strangle,100000.0,122031.14168874193,0.2203114168874194,121821.04491342578,0.0017246344871319583,121821.04491342578,0.6006351369913098,48651.04491342578
SPY,strangle,short,2025-01-24,2025-01-27,607.969970703125,594.8099975585938,620.0,596.0,2.4317923394316097,4.414199382436761,0.1526289483345779,-1189.444225803091,1459.0754036589658,-2648.519629462057,72956.396484375,20841.697462938842,SPY|short|strangle,100000.0,120841.69746293884,0.20841697462938846,122031.14168874193,-0.009747054803739693,122031.14168874193,0.5978506426700557,49074.74520436693
SPY,strangle,short,2025-01-27,2025-01-28,599.3699951171875,600.6199951171875,611.0,587.0,2.580155858560957,2.301975381409207,0.15803190394427608,166.90828629105,1548.0935151365743,-1381.1852288455243,71924.3994140625,21008.605749229893,SPY|short|strangle,100000.0,121008.6057492299,0.21008605749229892,120841.69746293884,0.0013812143473260908,120841.69746293884,0.5951952093036522,48917.29804887634
SPY,strangle,short,2025-01-28,2025-01-29,604.52001953125,603.719970703125,617.0,592.0,2.470213881171432,2.1057653251939996,0.15842173324945436,218.66913358645934,1482.128328702859,-1263.4591951163998,72542.40234375,21227.27488281635,SPY|short|strangle,100000.0,121227.27488281635,0.2122727488281635,121008.6057492299,0.0018070544010697434,121008.6057492299,0.5994813500626723,48466.2034054799
SPY,strangle,short,2025-01-29,2025-01-30,601.8099975585938,603.9600219726562,614.0,590.0,2.606009085904887,2.375379447606889,0.15824893530043768,138.3777829787989,1563.6054515429323,-1425.2276685641334,72217.19970703125,21365.65266579515,SPY|short|strangle,100000.0,121365.65266579515,0.21365652665795154,121227.27488281635,0.0011414740050253625,121227.27488281635,0.5957174223114361,49010.075175785096
SPY,strangle,short,2025-01-30,2025-01-31,605.0399780273438,607.5,617.0,593.0,2.682255549456727,2.5017079553354193,0.15904675726446182,108.32855647278438,1609.353329674036,-1501.0247732012517,72604.79736328125,21473.981222267936,SPY|short|strangle,100000.0,121473.98122226793,0.21473981222267935,121365.65266579515,0.0008925800182617479,121365.65266579515,0.598231837167417,48760.8553025139
SPY,strangle,short,2025-01-31,2025-02-03,601.8200073242188,592.6699829101562,614.0,590.0,2.651168431903983,2.8415035370933026,0.15926862458608715,-114.20106311359177,1590.7010591423898,-1704.9021222559816,72218.40087890625,21359.780159154343,SPY|short|strangle,100000.0,121359.78015915434,0.2135978015915434,121473.98122226793,-0.0009401277702805468,121473.98122226793,0.5945174444127593,49255.58034336168
SPY,strangle,short,2025-02-03,2025-02-04,597.77001953125,597.8300170898438,610.0,586.0,2.6354427914040315,2.2692129257678033,0.16000024698016801,219.7379193817369,1581.2656748424188,-1361.5277554606819,71732.40234375,21579.51807853608,SPY|short|strangle,100000.0,121579.51807853609,0.21579518078536086,121359.78015915434,0.001810632147599204,121359.78015915434,0.5910722831705717,49627.37781540434
SPY,strangle,short,2025-02-04,2025-02-05,601.780029296875,600.6400146484375,614.0,590.0,1.603247574072725,1.3520925404275772,0.1336798519576193,150.69302018708868,961.948544443635,-811.2555242565463,72213.603515625,21730.211098723168,SPY|short|strangle,100000.0,121730.21109872317,0.21730211098723173,121579.51807853609,0.001239460581590283,121579.51807853609,0.5939619160932811,49365.914562911086
SPY,strangle,short,2025-02-05,2025-02-06,604.219970703125,605.989990234375,616.0,592.0,1.6418015924092089,1.5006948285401833,0.13394199116414046,84.66405832141538,985.0809554455253,-900.4168971241099,72506.396484375,21814.875157044582,SPY|short|strangle,100000.0,121814.87515704459,0.2181487515704459,121730.21109872317,0.0006955057216877152,121730.21109872317,0.5956318963874327,49223.81461434817
SPY,strangle,short,2025-02-06,2025-02-07,606.3200073242188,606.8900146484375,618.0,594.0,1.598435952702772,1.3685302952295544,0.1322422509069132,137.94339448393066,959.0615716216632,-821.1181771377326,72758.40087890625,21952.818551528515,SPY|short|strangle,100000.0,121952.81855152851,0.21952818551528508,121814.87515704459,0.0011324018869295976,121814.87515704459,0.5972866678647054,49056.47427813834
SPY,strangle,short,2025-02-07,2025-02-10,600.77001953125,604.030029296875,613.0,589.0,1.6223885196595376,0.8982237255623389,0.13442121091609036,434.49887645831916,973.4331117957225,-538.9342353374034,72092.40234375,22387.317427986833,SPY|short|strangle,100000.0,122387.31742798683,0.2238731742798683,121952.81855152851,0.0035628440705101957,121952.81855152851,0.5911499479881961,49860.416207778515
SPY,strangle,short,2025-02-10,2025-02-11,604.8499755859375,602.5499877929688,617.0,593.0,1.5669712037783086,1.374055942046553,0.1320050159282762,115.74915703905333,940.1827222669851,-824.4335652279318,72581.9970703125,22503.06658502589,SPY|short|strangle,100000.0,122503.0665850259,0.225030665850259,122387.31742798683,0.0009457610434770791,122387.31742798683,0.5930516216520558,49805.320357674325
SPY,strangle,short,2025-02-11,2025-02-12,605.3099975585938,599.2000122070312,617.0,593.0,1.5813980539803083,1.842585363963277,0.1320144062617112,-156.7123859897813,948.838832388185,-1105.5512183779663,72637.19970703125,22346.354199036105,SPY|short|strangle,100000.0,122346.35419903611,0.22346354199036123,122503.0665850259,-0.0012792527596116273,122503.0665850259,0.5929418889821492,49865.866877994646
SPY,strangle,short,2025-02-12,2025-02-13,603.3599853515625,604.47998046875,615.0,591.0,1.4381248618627183,1.2667763220040413,0.12845797671482584,102.8091239152061,862.874917117631,-760.0657932024249,72403.1982421875,22449.16332295131,SPY|short|strangle,100000.0,122449.16332295131,0.22449163322951304,122346.35419903611,0.0008403121170897634,122346.35419903611,0.591788768175308,49943.15595684861
SPY,strangle,short,2025-02-13,2025-02-14,609.72998046875,609.9400024414062,622.0,598.0,1.4020646677161608,1.1709018817412158,0.12648259846938875,138.697671584967,841.2388006296965,-702.5411290447295,73167.59765625,22587.860994536277,SPY|short|strangle,100000.0,122587.86099453628,0.2258786099453629,122449.16332295131,0.0011326959517000646,122449.16332295131,0.5975344842763478,49281.56566670131
SPY,strangle,short,2025-02-14,2025-02-18,609.7000122070312,610.8800048828125,622.0,598.0,1.3741245515948037,0.3194350709440208,0.12571351247598594,632.8136883904698,824.4747309568822,-191.66104256641248,73164.00146484375,23220.674682926747,SPY|short|strangle,100000.0,123220.67468292675,0.23220674682926745,122587.86099453628,0.005162123584313737,122587.86099453628,0.5968290895303626,49423.859529692534
SPY,strangle,short,2025-02-18,2025-02-19,611.489990234375,610.0800170898438,624.0,599.0,1.2513171435554682,1.036854922284185,0.12527629551756816,128.67733276277,750.7902861332809,-622.1129533705109,73378.798828125,23349.352015689517,SPY|short|strangle,100000.0,123349.35201568951,0.23349352015689506,123220.67468292675,0.0010442836244314066,123220.67468292675,0.5955071989091474,49841.87585480175
SPY,strangle,short,2025-02-19,2025-02-20,612.9299926757812,611.5399780273438,625.0,601.0,1.234041471116214,1.027731410999479,0.12096762591587633,123.78603607004095,740.4248826697284,-616.6388465996874,73551.59912109375,23473.13805175956,SPY|short|strangle,100000.0,123473.13805175957,0.23473138051759568,123349.35201568951,0.0010035402217134946,123349.35201568951,0.5962868707387964,49797.75289459576
SPY,strangle,short,2025-02-20,2025-02-21,610.3800048828125,610.1599731445312,623.0,598.0,1.1052110048502684,0.9021062652148615,0.12111580232367296,121.86284378124401,663.126602910161,-541.263759128917,73245.6005859375,23595.000895540805,SPY|short|strangle,100000.0,123595.00089554081,0.23595000895540807,123473.13805175957,0.0009869583433617722,123473.13805175957,0.5932108128266179,50227.53746582207
SPY,strangle,short,2025-02-21,2025-02-24,599.9400024414062,602.02001953125,612.0,588.0,1.3612334402009196,0.6427704438264286,0.12730753311222018,431.07779782469464,816.7400641205518,-385.66226629585714,71992.80029296875,24026.078693365496,SPY|short|strangle,100000.0,124026.0786933655,0.24026078693365505,123595.00089554081,0.003487825516414131,123595.00089554081,0.5824895810617384,51602.20060257206
SPY,strangle,short,2025-02-24,2025-02-25,597.2100219726562,597.1500244140625,609.0,585.0,1.3766298437814726,1.1431357621772236,0.12816130856197497,140.0964489625494,825.9779062688835,-685.8814573063341,71665.20263671875,24166.175142328048,SPY|short|strangle,100000.0,124166.17514232805,0.2416617514232806,124026.0786933655,0.0011295725095761134,124026.0786933655,0.5778236592797504,52360.87605664675
SPY,strangle,short,2025-02-25,2025-02-26,594.239990234375,595.9299926757812,606.0,582.0,1.0963743468092062,1.0073152933253766,0.1203109457170102,53.43543209029781,657.8246080855238,-604.389175995226,71308.798828125,24219.610574418344,SPY|short|strangle,100000.0,124219.61057441834,0.2421961057441835,124166.17514232805,0.00043035417680416054,124166.17514232805,0.5743013243855326,52857.37631420305
SPY,strangle,short,2025-02-26,2025-02-27,594.5399780273438,596.8499755859375,606.0,583.0,1.2107233600362406,1.1681068118563687,0.12029102439368441,25.569928907923213,726.4340160217444,-700.8640871138211,71344.79736328125,24245.180503326268,SPY|short|strangle,100000.0,124245.18050332626,0.2424518050332627,124219.61057441834,0.00020584454249761639,124219.61057441834,0.5743440752500147,52874.813211137094
SPY,strangle,short,2025-02-27,2025-02-28,585.0499877929688,585.5599975585938,597.0,573.0,1.336922831192041,1.1280589744389005,0.12977395011294127,125.31831405188427,802.1536987152246,-676.8353846633403,70205.99853515625,24370.498817378153,SPY|short|strangle,100000.0,124370.49881737816,0.2437049881737816,124245.18050332626,0.0010086372247535933,124245.18050332626,0.5650601355380277,54039.181968170014
SPY,strangle,short,2025-02-28,2025-03-03,594.1799926757812,596.1799926757812,606.0,582.0,1.3105291160041617,0.625255321831844,0.1269114670198297,411.1642765033906,786.317469602497,-375.1531930991064,71301.59912109375,24781.663093881543,SPY|short|strangle,100000.0,124781.66309388154,0.24781663093881545,124370.49881737816,0.0033059630733421087,124370.49881737816,0.5732999368748278,53068.89969628441
SPY,strangle,short,2025-03-03,2025-03-04,583.77001953125,579.7100219726562,595.0,572.0,1.7243045558799963,1.6514336637509857,0.13688952971689258,43.72253527740645,1034.5827335279978,-990.8601982505913,70052.40234375,24825.38562915895,SPY|short|strangle,100000.0,124825.38562915895,0.24825385629158947,124781.66309388154,0.00035039231080380044,124781.66309388154,0.5613998131363654,54729.260750131536
SPY,strangle,short,2025-03-04,2025-03-05,576.8599853515625,576.6900024414062,588.0,565.0,1.6740616547872946,1.404870732935052,0.1370944299767934,161.51455311134555,1004.4369928723768,-842.9224397610312,69223.1982421875,24986.900182270296,SPY|short|strangle,100000.0,124986.9001822703,0.249869001822703,124825.38562915895,0.0012939239265896255,124825.38562915895,0.5545602594638979,55602.18738697145
SPY,strangle,short,2025-03-05,2025-03-06,583.0599975585938,575.47998046875,595.0,571.0,1.615507232176114,2.302728724605654,0.13819578587748296,-412.332895457724,969.3043393056683,-1381.6372347633924,69967.19970703125,24574.56728681257,SPY|short|strangle,100000.0,124574.56728681257,0.24574567286812576,124986.9001822703,-0.0032990088949834957,124986.9001822703,0.5597962634883897,55019.70047523905
SPY,strangle,short,2025-03-06,2025-03-07,572.7100219726562,570.9000244140625,584.0,561.0,1.9238008063994272,1.639618062219455,0.14489006885500655,170.50964650798346,1154.2804838396564,-983.770837331673,68725.20263671875,24745.076933320554,SPY|short|strangle,100000.0,124745.07693332055,0.24745076933320553,124574.56728681257,0.001368735611301887,124574.56728681257,0.5516792402616997,55849.36465009382
SPY,strangle,short,2025-03-07,2025-03-10,575.9199829101562,567.5900268554688,587.0,564.0,1.96427281936883,1.9964959186415463,0.14495502641699295,-19.33385956362963,1178.563691621298,-1197.8975511849276,69110.39794921875,24725.743073756927,SPY|short|strangle,100000.0,124725.74307375692,0.24725743073756923,124745.07693332055,-0.00015498695450694277,124745.07693332055,0.5540130291968157,55634.6789841018
SPY,strangle,short,2025-03-10,2025-03-11,560.5800170898438,559.4000244140625,572.0,549.0,2.4760443707413344,2.123006210328299,0.16219439926678444,211.8228962478213,1485.6266224448007,-1273.8037261969794,67269.60205078125,24937.565970004747,SPY|short|strangle,100000.0,124937.56597000474,0.24937565970004738,124725.74307375692,0.0016983093548102513,124725.74307375692,0.5393401585990246,57456.14102297567
SPY,strangle,short,2025-03-11,2025-03-12,555.9199829101562,562.1699829101562,567.0,545.0,2.487577110620009,3.1399911479872884,0.15942438042010565,-391.4484224203675,1492.5462663720054,-1883.994688792373,66710.39794921875,24546.117547584377,SPY|short|strangle,100000.0,124546.11754758438,0.24546117547584378,124937.56597000474,-0.003133152301961343,124937.56597000474,0.5339498767347102,58227.16802078599
SPY,strangle,short,2025-03-12,2025-03-13,558.8699951171875,558.489990234375,570.0,548.0,2.4517163758034,2.1065863545886714,0.15772795938984885,207.07801272883717,1471.02982548204,-1263.9518127532028,67064.3994140625,24753.195560313216,SPY|short|strangle,100000.0,124753.19556031321,0.24753195560313213,124546.11754758438,0.0016626613242257068,124546.11754758438,0.5384704134871143,57481.71813352188
SPY,strangle,short,2025-03-13,2025-03-14,551.4199829101562,556.1099853515625,562.0,540.0,2.5005737938674883,2.8473330947289526,0.16074374985126338,-208.05558051687854,1500.344276320493,-1708.3998568373715,66170.39794921875,24545.13997979634,SPY|short|strangle,100000.0,124545.13997979634,0.2454513997979635,124753.19556031321,-0.0016677374842578036,124753.19556031321,0.5304104448148423,58582.79761109446
SPY,strangle,short,2025-03-14,2025-03-17,562.8099975585938,562.7899780273438,574.0,552.0,3.1553132731479394,1.612265540496054,0.1729755431622509,925.8286395911312,1893.1879638887635,-967.3593242976324,67537.19970703125,25470.96861938747,SPY|short|strangle,100000.0,125470.96861938747,0.2547096861938747,124545.13997979634,0.007433679385171663,124545.13997979634,0.5422708563175336,57007.94027276509
SPY,strangle,short,2025-03-17,2025-03-18,567.1500244140625,564.7999877929688,578.0,556.0,3.319247597102901,2.9375031722476592,0.17516401738239915,229.04665491314518,1991.5485582617407,-1762.5019033485955,68058.0029296875,25700.015274300615,SPY|short|strangle,100000.0,125700.01527430062,0.25700015274300614,125470.96861938747,0.0018254952315539346,125470.96861938747,0.5424203198441823,57412.965689699966
SPY,strangle,short,2025-03-18,2025-03-19,561.02001953125,562.8300170898438,572.0,550.0,3.2924181965964436,2.9962686231575475,0.17653928166574087,177.6897440633379,1975.4509179578663,-1797.7611738945284,67322.40234375,25877.70501836395,SPY|short|strangle,100000.0,125877.70501836395,0.2587770501836395,125700.01527430062,0.001413601610752283,125700.01527430062,0.5355799058324703,58377.61293055062
SPY,strangle,short,2025-03-19,2025-03-20,567.1300048828125,563.3300170898438,578.0,556.0,3.4817783125726294,3.2289564515756126,0.1787307234764463,151.69311659821028,2089.066987543578,-1937.3738709453676,68055.6005859375,26029.39813496216,SPY|short|strangle,100000.0,126029.39813496216,0.2602939813496217,125877.70501836395,0.0012050832717047089,125877.70501836395,0.5406485650179995,57822.10443242645
SPY,strangle,short,2025-03-20,2025-03-21,565.489990234375,559.280029296875,577.0,554.0,3.2046330312947333,3.420467474680457,0.17782803459127813,-129.50066603143432,1922.7798187768399,-2052.280484808274,67858.798828125,25899.89746893073,SPY|short|strangle,100000.0,125899.89746893072,0.2589989746893071,126029.39813496216,-0.0010275433188433928,126029.39813496216,0.5384362683019122,58170.59930683716
SPY,strangle,short,2025-03-21,2025-03-24,563.97998046875,570.7999877929688,575.0,553.0,3.355229521799046,2.894738732817885,0.17701308382555758,276.2944733886966,2013.1377130794276,-1736.843239690731,67677.59765625,26176.191942319423,SPY|short|strangle,100000.0,126176.19194231942,0.26176191942319416,125899.89746893072,0.0021945567783872096,125899.89746893072,0.5375508560120259,58222.29981268072
SPY,strangle,short,2025-03-24,2025-03-25,574.0800170898438,575.2999877929688,586.0,563.0,3.657632244764841,3.2453396825763576,0.18508457489542546,247.3755373130898,2194.5793468589045,-1947.2038095458147,68889.60205078125,26423.567479632515,SPY|short|strangle,100000.0,126423.56747963252,0.26423567479632526,126176.19194231942,0.00196055637363169,126176.19194231942,0.5459794038028478,57286.58989153817
SPY,strangle,short,2025-03-25,2025-03-26,575.4600219726562,575.1900024414062,587.0,564.0,3.6210981640161037,3.1630922628697817,0.18381465907443847,274.80354068779343,2172.6588984096625,-1897.855357721869,69055.20263671875,26698.371020320308,SPY|short|strangle,100000.0,126698.37102032031,0.2669837102032031,126423.56747963252,0.0021736733598509287,126423.56747963252,0.5462209619092097,57368.36484291377
SPY,strangle,short,2025-03-26,2025-03-27,568.5900268554688,567.1799926757812,580.0,557.0,3.624424230353739,3.1682649974632824,0.18606581205071052,273.695539734274,2174.6545382122436,-1900.9589984779695,68230.80322265625,26972.06656005458,SPY|short|strangle,100000.0,126972.06656005458,0.26972066560054575,126698.37102032031,0.0021602135649429763,126698.37102032031,0.538529443379451,58467.56779766406
SPY,strangle,short,2025-03-27,2025-03-28,567.0800170898438,565.530029296875,578.0,556.0,3.8209177314920026,3.3596537209212727,0.18604284939472415,276.7584063424381,2292.5506388952017,-2015.7922325527636,68049.60205078125,27248.82496639702,SPY|short|strangle,100000.0,127248.82496639702,0.27248824966397023,126972.06656005458,0.0021796794668340566,126972.06656005458,0.5359415176455012,58922.464509273326
SPY,strangle,short,2025-03-28,2025-03-31,555.6599731445312,549.8300170898438,567.0,545.0,3.794725723225838,2.734619572923222,0.18938366120597608,636.0636901815697,2276.835433935503,-1640.7717437539332,66679.19677734375,27884.88865657859,SPY|short|strangle,100000.0,127884.8886565786,0.2788488865657859,127248.82496639702,0.004998582032875643,127248.82496639702,0.5240063850880503,60569.62818905327
SPY,strangle,short,2025-03-31,2025-04-01,559.3900146484375,557.4500122070312,571.0,548.0,3.721619051285984,3.29221340800531,0.19132303417351162,257.64338596840435,2232.9714307715903,-1975.328044803186,67126.8017578125,28142.532042546994,SPY|short|strangle,100000.0,128142.532042547,0.28142532042546997,127884.8886565786,0.0020146507431404075,127884.8886565786,0.5249001853383511,60758.086898766094
SPY,strangle,short,2025-04-01,2025-04-02,560.969970703125,555.0499877929688,572.0,550.0,3.970318440599712,4.0682820392173085,0.19129402812960786,-58.778159170557956,2382.191064359827,-2440.969223530385,67316.396484375,28083.753883376434,SPY|short|strangle,100000.0,128083.75388337643,0.2808375388337643,128142.532042547,-0.00045869359871117513,128142.532042547,0.5253243822435476,60826.135558172
SPY,strangle,short,2025-04-02,2025-04-03,564.52001953125,545.1099853515625,576.0,553.0,3.8617849041020804,10.152711585599253,0.1925727212843023,-3774.5560088983034,2317.0709424612483,-6091.626951359552,67742.40234375,24309.197874478134,SPY|short|strangle,100000.0,124309.19787447814,0.2430919787447814,128083.75388337643,-0.029469436165457285,128083.75388337643,0.5288914502414663,60341.35153962643
SPY,strangle,short,2025-04-03,2025-04-04,536.7000122070312,523.6699829101562,547.0,526.0,5.999783750968504,8.178768849116324,0.2372622071885668,-1307.391058888692,3599.8702505811025,-4907.2613094697945,64404.00146484375,23001.80681558944,SPY|short|strangle,100000.0,123001.80681558944,0.23001806815589454,124309.19787447814,-0.010517251186906032,124309.19787447814,0.5180952219631891,59905.19640963439
SPY,strangle,short,2025-04-04,2025-04-07,505.2799987792969,489.19000244140625,515.0,495.0,7.9067551766621875,9.577581560979318,0.2856286619290675,-1002.4958305902783,4744.053105997313,-5746.548936587591,60633.599853515625,21999.310984999163,SPY|short|strangle,100000.0,121999.31098499916,0.21999310984999165,123001.80681558944,-0.008150252882815543,123001.80681558944,0.49294885516942527,62368.20696207382
SPY,strangle,short,2025-04-07,2025-04-08,504.3800048828125,521.8599853515625,514.0,494.0,7.8935835516750785,13.107819809971744,0.28584036469060664,-3128.5417549779986,4736.150131005047,-7864.691885983046,60525.6005859375,18870.769230021164,SPY|short|strangle,100000.0,118870.76923002116,0.18870769230021156,121999.31098499916,-0.02564392970516595,121999.31098499916,0.4961142820993442,61473.71039906166
SPY,strangle,short,2025-04-08,2025-04-09,496.4800109863281,493.44000244140625,506.0,487.0,8.05293302666476,7.39274978995509,0.2873386308697524,396.1099420258024,4831.7598159988565,-4435.649873973054,59577.601318359375,19266.879172046967,SPY|short|strangle,100000.0,119266.87917204696,0.1926687917204697,118870.76923002116,0.0033322737338336637,118870.76923002116,0.5011963976027917,59293.16791166179
SPY,strangle,short,2025-04-09,2025-04-10,548.6199951171875,532.1699829101562,560.0,538.0,15.980390394613352,17.637300957497033,0.4203638356914984,-994.1463377302098,9588.23423676801,-10582.38057449822,65834.3994140625,18272.732834316757,SPY|short|strangle,100000.0,118272.73283431676,0.18272732834316763,119266.87917204696,-0.008335477079903435,119266.87917204696,0.5519923039077254,53432.47975798446
SPY,strangle,short,2025-04-10,2025-04-11,524.5800170898438,523.010009765625,535.0,514.0,16.157263050574272,14.857046712358795,0.43626430305120517,780.1298029292866,9694.357830344563,-8914.228027415276,62949.60205078125,19052.862637246042,SPY|short|strangle,100000.0,119052.86263724604,0.19052862637246037,118272.73283431676,0.006596024157335886,118272.73283431676,0.5322410376613574,55323.13078353551
SPY,strangle,short,2025-04-11,2025-04-14,533.9400024414062,544.0499877929688,545.0,523.0,16.266015362243138,12.726071797864037,0.4371481332025511,2123.9661386274593,9759.609217345882,-7635.643078718423,64072.80029296875,21176.828775873502,SPY|short|strangle,100000.0,121176.8287758735,0.21176828775873502,119052.86263724604,0.017840529757769723,119052.86263724604,0.5381878173580631,54980.06234427729
SPY,strangle,short,2025-04-14,2025-04-15,539.1199951171875,539.6699829101562,550.0,528.0,16.472806260637128,15.186639735445596,0.4366575877355891,771.6999151149193,9883.683756382277,-9111.983841267358,64694.3994140625,21948.52869098842,SPY|short|strangle,100000.0,121948.52869098842,0.21948528690988423,121176.8287758735,0.0063683785333435465,121176.8287758735,0.5338842422895891,56482.429361810995
SPY,strangle,short,2025-04-15,2025-04-16,537.6099853515625,531.6799926757812,548.0,527.0,16.724651040993052,15.635082177112139,0.43577712315630324,653.7413183285498,10034.790624595833,-9381.049306267283,64513.1982421875,22602.27000931697,SPY|short|strangle,100000.0,122602.27000931697,0.2260227000931696,121948.52869098842,0.005360797094855471,121948.52869098842,0.5290198982692179,57435.330448800916
SPY,strangle,short,2025-04-16,2025-04-17,525.6599731445312,527.6400146484375,536.0,515.0,16.287619090108564,15.126083718697203,0.4377518996760937,696.9212228468168,9772.571454065139,-9075.650231218322,63079.19677734375,23299.191232163786,SPY|short|strangle,100000.0,123299.19123216378,0.23299191232163774,122602.27000931697,0.0056844071712037255,122602.27000931697,0.5145026823120823,59523.07323197322
SPY,strangle,short,2025-04-17,2025-04-21,526.4099731445312,521.1599731445312,537.0,516.0,16.21626640144777,9.152924046304022,0.4357860081786048,4238.005413086248,9729.75984086866,-5491.754427782413,63169.19677734375,27537.196645250035,SPY|short|strangle,100000.0,127537.19664525003,0.2753719664525003,123299.19123216378,0.03437172110161193,123299.19123216378,0.5123245022621483,60129.99445482003
SPY,strangle,short,2025-04-21,2025-04-22,513.8800048828125,520.1400146484375,524.0,504.0,16.20550203572523,15.624077063271955,0.4392908916157253,348.85498347196517,9723.301221435138,-9374.446237963173,61665.6005859375,27886.051628722,SPY|short|strangle,100000.0,127886.051628722,0.27886051628722,127537.19664525003,0.0027353195197031004,127537.19664525003,0.4835107106632029,65871.59605931253
SPY,strangle,short,2025-04-22,2025-04-23,527.25,540.4299926757812,538.0,517.0,16.580211818441654,17.720394826469658,0.44164537925921526,-684.1098048168042,9948.127091064991,-10632.236895881795,63270.0,27201.941823905196,SPY|short|strangle,100000.0,127201.94182390519,0.27201941823905185,127886.051628722,-0.005349369975100237,127886.051628722,0.4947373008565866,64616.051628721994
SPY,strangle,short,2025-04-23,2025-04-24,535.4199829101562,536.719970703125,546.0,525.0,17.090875087033908,15.820751139567335,0.4440485692272883,762.0743684799436,10254.525052220344,-9492.4506837404,64250.39794921875,27964.01619238514,SPY|short|strangle,100000.0,127964.01619238514,0.2796401619238513,127201.94182390519,0.005991059236618715,127201.94182390519,0.5051054805292612,62951.54387468644
SPY,strangle,short,2025-04-24,2025-04-25,546.6900024414062,546.6500244140625,558.0,536.0,17.489565469813755,16.11842957495324,0.4483018136102936,822.6815369163123,10493.739281888254,-9671.057744971942,65602.80029296875,28786.697729301453,SPY|short|strangle,100000.0,128786.69772930145,0.28786697729301447,127964.01619238514,0.006429006852047117,127964.01619238514,0.5126659997474557,62361.21589941639
SPY,strangle,short,2025-04-25,2025-04-28,550.6400146484375,551.3900146484375,562.0,540.0,17.613335009633346,12.064409695308228,0.4472135464982948,3329.355188595072,10568.001005780008,-7238.645817184936,66076.8017578125,32116.052917896526,SPY|short|strangle,100000.0,132116.05291789654,0.3211605291789654,128786.69772930145,0.02585170089222328,128786.69772930145,0.5130716364565869,62709.89597148895
SPY,strangle,short,2025-04-28,2025-04-29,550.8499755859375,548.9099731445312,562.0,540.0,17.375528642990787,15.998629462734584,0.4429850754115558,826.139508153723,10425.317185794473,-9599.17767764075,66101.9970703125,32942.19242605025,SPY|short|strangle,100000.0,132942.19242605026,0.32942192426050254,132116.05291789654,0.006253134951489408,132116.05291789654,0.5003328180822323,66014.05584758404
SPY,strangle,short,2025-04-29,2025-04-30,554.3200073242188,547.5700073242188,565.0,543.0,17.51984202258359,16.407302059318226,0.44277269067384695,667.5239779592175,10511.905213550153,-9844.381235590936,66518.40087890625,33609.716404009465,SPY|short|strangle,100000.0,133609.71640400946,0.3360971640400947,132942.19242605026,0.005021159691875331,132942.19242605026,0.500355828838218,66423.791547144
SPY,strangle,short,2025-04-30,2025-05-01,554.5399780273438,560.3699951171875,566.0,543.0,17.10239636669536,16.332408962786133,0.4417412779790846,461.9924423455359,10261.437820017216,-9799.44537767168,66544.79736328125,34071.708846355,SPY|short|strangle,100000.0,134071.708846355,0.34071708846355,133609.71640400946,0.0034577757874177484,133609.71640400946,0.4980535783944252,67064.91904072821
SPY,strangle,short,2025-05-01,2025-05-02,558.469970703125,564.72998046875,570.0,547.0,17.243633514305884,16.527169014612355,0.4410438276027747,429.87869981611766,10346.18010858353,-9916.301408767413,67016.396484375,34501.58754617112,SPY|short|strangle,100000.0,134501.58754617113,0.3450158754617112,134071.708846355,0.003206334158899659,134071.708846355,0.49985486916688143,67055.31236198
SPY,strangle,short,2025-05-02,2025-05-05,566.760009765625,562.5700073242188,578.0,555.0,17.748921035391305,12.179544959875074,0.44317111159922556,3341.6256453097376,10649.352621234782,-7307.726975925045,68011.201171875,37843.213191480856,SPY|short|strangle,100000.0,137843.21319148084,0.3784321319148085,134501.58754617113,0.024844507089276092,134501.58754617113,0.5056535198778112,66490.38637429613
SPY,strangle,short,2025-05-05,2025-05-06,563.510009765625,557.9299926757812,575.0,552.0,17.615458912549855,16.39288028669867,0.44342660236804204,733.5471755107119,10569.275347529912,-9835.7281720192,67621.201171875,38576.76036699157,SPY|short|strangle,100000.0,138576.76036699157,0.3857676036699158,137843.21319148084,0.005321605311766248,137843.21319148084,0.49056605404243586,70222.01201960584
SPY,strangle,short,2025-05-06,2025-05-07,558.7999877929688,560.1500244140625,570.0,548.0,17.616533618310825,16.298617801883722,0.440784469335663,790.7494898562618,10569.920170986496,-9779.170681130234,67055.99853515625,39367.50985684783,SPY|short|strangle,100000.0,139367.5098568478,0.39367509856847804,138576.76036699157,0.0057062200600023205,138576.76036699157,0.4838906491793607,71520.76183183532
SPY,strangle,short,2025-05-07,2025-05-08,561.1500244140625,565.239990234375,572.0,550.0,17.72972986468929,16.688543346352162,0.4409320005250154,624.7119110022759,10637.837918813573,-10013.126007811297,67338.0029296875,39992.221767850104,SPY|short|strangle,100000.0,139992.2217678501,0.3999222176785011,139367.5098568478,0.004482478819087408,139367.5098568478,0.4831685878498808,72029.50692716031
SPY,strangle,short,2025-05-08,2025-05-09,565.0599975585938,566.47998046875,576.0,554.0,17.866905403345584,16.546787519454256,0.440180657908677,792.0707303347972,10720.14324200735,-9928.072511672553,67807.19970703125,40784.29249818491,SPY|short|strangle,100000.0,140784.2924981849,0.40784292498184893,139992.2217678501,0.005657962423428729,139992.2217678501,0.4843640514504893,72185.02206081885
SPY,strangle,short,2025-05-09,2025-05-12,564.3400268554688,581.469970703125,576.0,553.0,17.46189733820927,16.08227740691656,0.4401319421939973,827.7719587756255,10477.13840292556,-9649.366444149935,67720.80322265625,41612.06445696053,SPY|short|strangle,100000.0,141612.06445696054,0.4161206445696053,140784.2924981849,0.0058797181424646355,140784.2924981849,0.4810252764776963,73063.48927552864
SPY,strangle,short,2025-05-12,2025-05-13,582.989990234375,583.4099731445312,595.0,571.0,18.28710939718755,16.85535850232469,0.445695630995966,859.0505369177154,10972.26563831253,-10113.215101394815,69958.798828125,42471.11499387825,SPY|short|strangle,100000.0,142471.11499387823,0.42471114993878234,141612.06445696054,0.006066224231755356,141612.06445696054,0.4940172230127133,71653.26562883554
SPY,strangle,short,2025-05-13,2025-05-14,586.8400268554688,587.8099975585938,599.0,575.0,18.467758279092294,17.048660422019367,0.4456850092064455,851.4587142437576,11080.654967455377,-10229.19625321162,70420.80322265625,43322.573708122,SPY|short|strangle,100000.0,143322.573708122,0.43322573708122003,142471.11499387823,0.005976360290858561,142471.11499387823,0.4942812669479152,72050.31177122198
SPY,strangle,short,2025-05-14,2025-05-15,587.5900268554688,585.5599975585938,599.0,576.0,18.871461374983994,17.377935065212313,0.44567063534165324,896.1157858630086,11322.876824990397,-10426.761039127388,70510.80322265625,44218.68949398501,SPY|short|strangle,100000.0,144218.689493985,0.44218689493985,143322.573708122,0.00625243995190847,143322.573708122,0.4919727674319627,72811.77048546576
SPY,strangle,short,2025-05-15,2025-05-16,590.4600219726562,591.25,602.0,579.0,19.00021135608361,17.557975089787647,0.44555669194451203,865.3417597775788,11400.126813650166,-10534.785053872587,70855.20263671875,45084.03125376259,SPY|short|strangle,100000.0,145084.0312537626,0.4508403125376259,144218.689493985,0.006000205402044442,144218.689493985,0.49130388637787437,73363.48685726625
SPY,strangle,short,2025-05-16,2025-05-19,594.2000122070312,588.0999755859375,606.0,582.0,17.05787606159032,11.816445707727809,0.4174428763025024,3144.8582123175074,10234.725636954192,-7089.8674246366845,71304.00146484375,48228.889466080094,SPY|short|strangle,100000.0,148228.8894660801,0.4822888946608008,145084.0312537626,0.021676115456269063,145084.0312537626,0.4914669164391209,73780.02978891885
SPY,strangle,short,2025-05-19,2025-05-20,594.8499755859375,593.0900268554688,607.0,583.0,14.264259365061378,13.05128228662602,0.3713902187420364,727.7862470612145,8558.555619036826,-7830.769371975612,71381.9970703125,48956.67571314131,SPY|short|strangle,100000.0,148956.6757131413,0.48956675713141307,148228.8894660801,0.004909881263245632,148228.8894660801,0.4815660248648572,76846.89239576759
SPY,strangle,short,2025-05-20,2025-05-21,592.8499755859375,588.4400024414062,605.0,581.0,14.206251995200802,13.131875115741053,0.3716863834486866,644.6261276758478,8523.75119712048,-7879.125069444633,71141.9970703125,49601.30184081716,SPY|short|strangle,100000.0,149601.30184081715,0.49601301840817147,148956.6757131413,0.00432760817593204,148956.6757131413,0.4776019384812049,77814.6786428288
SPY,strangle,short,2025-05-21,2025-05-22,582.8599853515625,582.6599731445312,595.0,571.0,13.863510435872172,12.679451070458583,0.3723001648026911,710.4356192481519,8318.106261523302,-7607.67064227515,69943.1982421875,50311.73746006531,SPY|short|strangle,100000.0,150311.7374600653,0.5031173746006532,149601.30184081715,0.004748859872918011,149601.30184081715,0.46753067908867774,79658.10359862965
SPY,strangle,short,2025-05-22,2025-05-23,583.0900268554688,575.97998046875,595.0,571.0,6.421780413854208,6.398360460947757,0.24151108484478065,14.051971743871036,3853.0682483125247,-3839.0162765686537,69970.80322265625,50325.789431809186,SPY|short|strangle,100000.0,150325.7894318092,0.5032578943180919,150311.7374600653,9.348552535762119e-05,150311.7374600653,0.46550458670099554,80340.93423740906
SPY,strangle,short,2025-05-23,2025-05-27,579.1099853515625,586.0700073242188,591.0,568.0,4.3986558383700185,2.661058896066173,0.19882445546418473,1042.5581653823072,2639.193503022011,-1596.635337639704,69493.1982421875,51368.34759719149,SPY|short|strangle,100000.0,151368.3475971915,0.5136834759719149,150325.7894318092,0.006935324732521911,150325.7894318092,0.46228394013331303,80832.59118962169
SPY,strangle,short,2025-05-27,2025-05-28,591.1500244140625,591.5599975585938,603.0,579.0,4.472227313692088,3.9586518513540625,0.200809858519013,308.1452774028148,2683.3363882152526,-2375.1911108124377,70938.0029296875,51676.4928745943,SPY|short|strangle,100000.0,151676.4928745943,0.5167649287459428,151368.3475971915,0.0020357312628055155,151368.3475971915,0.46864489211748317,80430.34466750399
SPY,strangle,short,2025-05-28,2025-05-29,587.72998046875,593.0599975585938,599.0,576.0,4.692621728551984,4.897544171860844,0.20161691108369362,-122.95346598531614,2815.57303713119,-2938.5265031165063,70527.59765625,51553.53940860899,SPY|short|strangle,100000.0,151553.53940860898,0.5155353940860898,151676.4928745943,-0.0008106296740851843,151676.4928745943,0.46498700174035557,81148.89521834429
SPY,strangle,short,2025-05-29,2025-05-30,590.0499877929688,588.9299926757812,602.0,578.0,4.456939524079374,3.9180945554958555,0.2009114523954078,323.3069811501109,2674.1637144476244,-2350.8567332975135,70805.99853515625,51876.8463897591,SPY|short|strangle,100000.0,151876.8463897591,0.5187684638975909,151553.53940860898,0.0021332855861480823,151553.53940860898,0.4672012201856509,80747.54087345273
SPY,strangle,short,2025-05-30,2025-06-02,589.3900146484375,587.760009765625,601.0,578.0,3.950056681209901,2.1323040072138895,0.18628367618775923,1090.651604397607,2370.0340087259406,-1279.3824043283337,70726.8017578125,52967.49799415671,SPY|short|strangle,100000.0,152967.4979941567,0.529674979941567,151876.8463897591,0.007181157828354464,151876.8463897591,0.4656852142972962,81150.0446319466
SPY,strangle,short,2025-06-02,2025-06-03,592.7100219726562,592.3400268554688,605.0,581.0,3.7758490174983876,3.300660964455659,0.18621271844994877,285.11283182563716,2265.5094104990326,-1980.3965786733954,71125.20263671875,53252.610825982345,SPY|short|strangle,100000.0,153252.61082598235,0.5325261082598236,152967.4979941567,0.00186387850729263,152967.4979941567,0.4649693795700032,81842.29535743795
SPY,strangle,short,2025-06-03,2025-06-04,596.0900268554688,596.9600219726562,608.0,584.0,2.8929865874123806,2.542699737503469,0.16616245657485507,210.17210994534707,1735.7919524474282,-1525.6198425020812,71530.80322265625,53462.78293592769,SPY|short|strangle,100000.0,153462.78293592768,0.5346278293592768,153252.61082598235,0.0013714096537252246,153252.61082598235,0.4667509599812244,81721.8076033261
SPY,strangle,short,2025-06-04,2025-06-05,595.9299926757812,597.6300048828125,608.0,584.0,2.3855432672303465,2.141116148074076,0.15464145222018696,146.65627149376246,1431.325960338208,-1284.6696888444455,71511.59912109375,53609.439207421456,SPY|short|strangle,100000.0,153609.43920742144,0.5360943920742145,153462.78293592768,0.0009556471522805173,153462.78293592768,0.46598659136105064,81951.18381483393
SPY,strangle,short,2025-06-05,2025-06-06,593.0499877929688,598.6599731445312,605.0,581.0,2.2835159829102167,2.7416725391898638,0.15290287503313138,-274.8939337677882,1370.10958974613,-1645.0035235139183,71165.99853515625,53334.54527365366,SPY|short|strangle,100000.0,153334.54527365367,0.5333454527365367,153609.43920742144,-0.0017895640735761963,153609.43920742144,0.4632918322099958,82443.44067226519
SPY,strangle,short,2025-06-06,2025-06-09,599.1400146484375,599.719970703125,611.0,587.0,2.0367500975047363,0.9303892626645904,0.14529876807480954,663.8165009040874,1222.0500585028417,-558.2335575987543,71896.8017578125,53998.36177455775,SPY|short|strangle,100000.0,153998.36177455774,0.5399836177455775,153334.54527365367,0.0043292038315265804,153334.54527365367,0.4688884793019045,81437.74351584117
SPY,strangle,short,2025-06-09,2025-06-10,599.6799926757812,600.219970703125,612.0,588.0,2.0184374940906338,1.7267782705357035,0.1448833345312555,174.99553413295826,1211.0624964543804,-1036.0669623214221,71961.59912109375,54173.35730869071,SPY|short|strangle,100000.0,154173.35730869073,0.5417335730869073,153998.36177455774,0.0011363467254875011,153998.36177455774,0.46728808210596573,82036.76265346399
SPY,strangle,short,2025-06-10,2025-06-11,603.0800170898438,604.1900024414062,615.0,591.0,2.058255730491993,1.8065863926401136,0.1449104548057279,151.0016027111276,1234.9534382951958,-1083.9518355840682,72369.60205078125,54324.35891140184,SPY|short|strangle,100000.0,154324.35891140183,0.5432435891140182,154173.35730869073,0.0009794273494919583,154173.35730869073,0.46940407418047314,81803.75525790948
SPY,strangle,short,2025-06-11,2025-06-12,601.3599853515625,600.010009765625,613.0,589.0,2.074715117800693,1.746893189703627,0.14554213734042964,196.69315685823972,1244.829070680416,-1048.1359138221762,72163.1982421875,54521.052068260076,SPY|short|strangle,100000.0,154521.0520682601,0.545210520682601,154324.35891140183,0.001274543813081135,154324.35891140183,0.46760730937892087,82161.16066921433
SPY,strangle,short,2025-06-12,2025-06-13,603.75,598.5,616.0,592.0,2.0805128927991063,2.243220995768432,0.1454157088849292,-97.62486178159543,1248.3077356794638,-1345.9325974610592,72450.0,54423.42720647848,SPY|short|strangle,100000.0,154423.4272064785,0.5442342720647848,154521.0520682601,-0.0006317900407413054,154521.0520682601,0.4688681511694278,82071.05206826009
SPY,strangle,short,2025-06-13,2025-06-16,597.0,600.4000244140625,609.0,585.0,2.21995225191786,1.3007859050639219,0.1503839589302463,551.4998081123631,1331.9713511507161,-780.471543038353,71640.0,54974.927014590845,SPY|short|strangle,100000.0,154974.92701459085,0.5497492701459086,154423.4272064785,0.0035713480660868675,154423.4272064785,0.4639192465545442,82783.42720647849
SPY,strangle,short,2025-06-16,2025-06-17,602.6799926757812,600.2100219726562,615.0,591.0,2.147773095681444,1.9203252499395944,0.14732030452057002,136.46870744510989,1288.6638574088665,-1152.1951499637566,72321.59912109375,55111.39572203595,SPY|short|strangle,100000.0,155111.39572203596,0.5511139572203596,154974.92701459085,0.0008805857184385794,154974.92701459085,0.46666645059484163,82653.3278934971
SPY,strangle,short,2025-06-17,2025-06-18,597.530029296875,598.4400024414062,609.0,586.0,2.332541723617453,2.0424303426895563,0.14884325951319213,174.06682855673807,1399.5250341704718,-1225.4582056137338,71703.603515625,55285.462550592696,SPY|short|strangle,100000.0,155285.4625505927,0.552854625505927,155111.39572203596,0.0011222052883120902,155111.39572203596,0.46227166728690844,83407.79220641096
SPY,strangle,short,2025-06-18,2025-06-20,597.4400024414062,598.3800048828125,609.0,585.0,2.0472199917703477,1.3774608325065003,0.14574883900965507,401.85549555830835,1228.3319950622085,-826.4764995039002,71692.80029296875,55687.318046151,SPY|short|strangle,100000.0,155687.318046151,0.5568731804615099,155285.4625505927,0.0025878500727483235,155285.4625505927,0.4616839150001625,83592.66225762395
SPY,strangle,short,2025-06-20,2025-06-23,594.280029296875,595.0399780273438,606.0,582.0,2.070087787656547,0.9629342042457552,0.14722737069266117,664.2921500464752,1242.0526725939283,-577.7605225474531,71313.603515625,56351.61019619748,SPY|short|strangle,100000.0,156351.61019619746,0.5635161019619745,155687.318046151,0.004266835336257488,155687.318046151,0.458056599667837,84373.71453052599
SPY,strangle,short,2025-06-23,2025-06-24,600.1500244140625,604.3300170898438,612.0,588.0,2.1702685127862082,2.3352930306341335,0.14831772254278383,-99.01471070875505,1302.161107671725,-1401.17581838048,72018.0029296875,56252.595485488724,SPY|short|strangle,100000.0,156252.5954854887,0.5625259548548871,156351.61019619746,-0.0006332823217139028,156351.61019619746,0.46061567795378555,84333.60726650996
SPY,strangle,short,2025-06-24,2025-06-25,606.780029296875,607.9099731445312,619.0,595.0,2.3121489865834377,2.022480556751148,0.15020458370098452,173.80105789937352,1387.2893919500625,-1213.488334050689,72813.603515625,56426.396543388095,SPY|short|strangle,100000.0,156426.39654338808,0.5642639654338808,156252.5954854887,0.0011123082938837617,156252.5954854887,0.4659993217353452,83438.99196986371
SPY,strangle,short,2025-06-25,2025-06-26,607.1199951171875,608.989990234375,619.0,595.0,1.170078914805437,1.0825803779346757,0.1201031949363768,52.49912212245681,702.0473488832622,-649.5482267608054,72854.3994140625,56478.89566551055,SPY|short|strangle,100000.0,156478.89566551056,0.5647889566551056,156426.39654338808,0.0003356154925418556,156426.39654338808,0.4657423620562328,83571.99712932558
SPY,strangle,short,2025-06-26,2025-06-27,611.8699951171875,612.8800048828125,624.0,600.0,1.2138235595435276,1.04030815015129,0.12061173827008591,104.10924563534252,728.2941357261166,-624.184890090774,73424.3994140625,56583.004911145894,SPY|short|strangle,100000.0,156583.0049111459,0.565830049111459,156478.89566551056,0.0006653245167187691,156478.89566551056,0.4692287678909402,83054.49625144806
SPY,strangle,short,2025-06-27,2025-06-30,614.9099731445312,617.3800048828125,627.0,603.0,1.2500412401271888,0.6150761251010621,0.12105172389403172,380.979069015676,750.0247440763133,-369.0456750606373,73789.19677734375,56963.98398016157,SPY|short|strangle,100000.0,156963.98398016157,0.5696398398016158,156583.0049111459,0.0024330805838849827,156583.0049111459,0.4712465239712058,82793.80813380214
SPY,strangle,short,2025-06-30,2025-07-01,617.8499755859375,616.3599853515625,630.0,605.0,1.1612514003860142,0.941787426401234,0.1210273432928317,131.67838439086802,696.7508402316084,-565.0724558407404,74141.9970703125,57095.66236455244,SPY|short|strangle,100000.0,157095.66236455244,0.5709566236455244,156963.98398016157,0.0008389082708776724,156963.98398016157,0.4723503773941109,82821.98690984907
SPY,strangle,short,2025-07-01,2025-07-02,617.6500244140625,617.239990234375,630.0,605.0,1.129280906849722,0.917814695828703,0.12026509869064733,126.87972661261142,677.5685441098333,-550.6888174972219,74118.0029296875,57222.54209116505,SPY|short|strangle,100000.0,157222.54209116506,0.5722254209116506,157095.66236455244,0.0008076590066387534,157095.66236455244,0.47180171504475427,82977.65943486494
SPY,strangle,short,2025-07-02,2025-07-03,620.4500122070312,622.4500122070312,633.0,608.0,1.1549458928898915,1.0628885994527408,0.12062656307508435,55.234376062290494,692.9675357339349,-637.7331596716444,74454.00146484375,57277.77646722734,SPY|short|strangle,100000.0,157277.77646722735,0.5727777646722734,157222.54209116506,0.00035131333794528646,157222.54209116506,0.4735580564628691,82768.54062632131
SPY,strangle,short,2025-07-03,2025-07-07,625.3400268554688,623.3599853515625,638.0,613.0,1.2027760025294043,0.27384242519925905,0.12115057632341307,557.3601463980872,721.6656015176426,-164.30545511955543,75040.80322265625,57835.13661362543,SPY|short|strangle,100000.0,157835.13661362542,0.5783513661362543,157277.77646722735,0.0035437946728235107,157277.77646722735,0.47712273728827054,82236.9732445711
SPY,strangle,short,2025-07-07,2025-07-08,620.6799926757812,621.3499755859375,633.0,608.0,0.862684555178852,0.7218904747971919,0.11105714322006281,84.4764482289961,517.6107331073113,-433.13428487831516,74481.59912109375,57919.61306185443,SPY|short|strangle,100000.0,157919.61306185444,0.5791961306185445,157835.13661362542,0.0005352195337581348,157835.13661362542,0.4718949197188073,83353.53749253167
SPY,strangle,short,2025-07-08,2025-07-09,620.3400268554688,622.77001953125,633.0,608.0,0.8590491967616387,0.8317893132202236,0.11121606311130365,16.35593012484901,515.4295180569832,-499.07358793213416,74440.80322265625,57935.96899197927,SPY|short|strangle,100000.0,157935.96899197926,0.5793596899197926,157919.61306185444,0.00010357123987153305,157919.61306185444,0.47138415412339596,83478.80983919819
SPY,strangle,short,2025-07-09,2025-07-10,624.0599975585938,624.2000122070312,637.0,612.0,0.7964584324460731,0.6406087189769636,0.10846255930443605,93.50982808146568,477.87505946764384,-384.36523138617815,74887.19970703125,58029.478820060736,SPY|short|strangle,100000.0,158029.47882006073,0.5802947882006073,157935.96899197926,0.0005920742987065509,157935.96899197926,0.4741617769846613,83048.76928494801
SPY,strangle,short,2025-07-10,2025-07-11,625.8200073242188,622.739990234375,638.0,613.0,0.45353921459930646,0.4046536629189532,0.09397538797660988,29.331331008211976,272.1235287595839,-242.79219775137193,75098.40087890625,58058.81015106895,SPY|short|strangle,100000.0,158058.81015106896,0.5805881015106895,158029.47882006073,0.00018560670595901864,158029.47882006073,0.47521767102969803,82931.07794115448
SPY,strangle,short,2025-07-11,2025-07-14,623.6199951171875,623.1599731445312,636.0,611.0,0.4126548563412733,0.10538902020005558,0.09257317488378218,184.35950168473062,247.59291380476398,-63.23341212003335,74834.3994140625,58243.169652753684,SPY|short|strangle,100000.0,158243.16965275368,0.5824316965275369,158058.81015106896,0.00116639813692463,158058.81015106896,0.47345921016701004,83224.41073700646
SPY,strangle,short,2025-07-14,2025-07-15,624.8099975585938,627.52001953125,637.0,612.0,0.41673441071598205,0.49123754880264947,0.09238573346765923,-44.70188285200044,250.04064642958923,-294.74252928158967,74977.19970703125,58198.46776990168,SPY|short|strangle,100000.0,158198.46776990168,0.5819846776990167,158243.16965275368,-0.0002824885456357677,158243.16965275368,0.4738100220790574,83265.96994572243
SPY,strangle,short,2025-07-15,2025-07-16,622.1400146484375,623.739990234375,635.0,610.0,0.42581665257355894,0.3739405464800676,0.09373152052054003,31.125663656094815,255.48999154413536,-224.36432788804055,74656.8017578125,58229.59343355778,SPY|short|strangle,100000.0,158229.59343355778,0.5822959343355778,158198.46776990168,0.0001967507277084809,158198.46776990168,0.47191861470112456,83541.66601208918
SPY,strangle,short,2025-07-16,2025-07-17,624.219970703125,624.4000244140625,637.0,612.0,0.42091319007998607,0.32587265645340224,0.09315646229579774,57.024320175950294,252.54791404799164,-195.52359387204135,74906.396484375,58286.61775373373,SPY|short|strangle,100000.0,158286.61775373374,0.5828661775373374,158229.59343355778,0.0003603897282330779,158229.59343355778,0.473403203907169,83323.19694918278
SPY,strangle,short,2025-07-17,2025-07-18,628.0399780273438,629.2999877929688,641.0,615.0,0.38186690172769744,0.3315383037971351,0.09331720447374521,30.197158758337395,229.12014103661846,-198.92298227828107,75364.79736328125,58316.81491249206,SPY|short|strangle,100000.0,158316.81491249206,0.5831681491249205,158286.61775373374,0.00019077518483160015,158286.61775373374,0.4761286736225275,82921.82039045249
SPY,strangle,short,2025-07-18,2025-07-21,627.5800170898438,628.77001953125,640.0,615.0,0.4417393334617117,0.14316217502502138,0.09341367539398207,179.1462950620142,265.043600077027,-85.89730501501282,75309.60205078125,58495.96120755408,SPY|short|strangle,100000.0,158495.9612075541,0.5849596120755409,158316.81491249206,0.001131568337583316,158316.81491249206,0.47568921906626177,83007.21286171081
SPY,strangle,short,2025-07-21,2025-07-22,628.77001953125,629.0999755859375,641.0,616.0,0.4057568535266718,0.32073611479565756,0.09131366934900614,51.01244323860854,243.45411211600307,-192.44166887739453,75452.40234375,58546.97365079269,SPY|short|strangle,100000.0,158546.97365079267,0.5854697365079267,158495.9612075541,0.0003218532690041646,158495.9612075541,0.4760525237923467,83043.5588638041
SPY,strangle,short,2025-07-22,2025-07-23,628.8599853515625,631.5499877929688,641.0,616.0,0.34358899919581987,0.42147689828092183,0.08799580729924515,-46.73273945106118,206.15339951749192,-252.8861389685531,75463.1982421875,58500.24091134162,SPY|short|strangle,100000.0,158500.24091134162,0.5850024091134163,158546.97365079267,-0.0002947564269122682,158546.97365079267,0.47596744677321196,83083.77540860517
SPY,strangle,short,2025-07-23,2025-07-24,634.2100219726562,634.5999755859375,647.0,622.0,0.3895679102257361,0.30338316895955586,0.09017154644483033,51.71084475970815,233.74074613544167,-182.02990137573352,76105.20263671875,58551.951756101334,SPY|short|strangle,100000.0,158551.95175610133,0.5855195175610133,158500.24091134162,0.00032625089061304977,158500.24091134162,0.48015827735737515,82395.03827462287
SPY,strangle,short,2025-07-24,2025-07-25,634.4199829101562,635.0900268554688,647.0,622.0,0.3798920905129606,0.3052837533585837,0.08954618702854357,44.76500229262612,227.93525430777635,-183.17025201515023,76130.39794921875,58596.71675839396,SPY|short|strangle,100000.0,158596.71675839397,0.5859671675839397,158551.95175610133,0.0002823364947376215,158551.95175610133,0.4801605852593305,82421.55380688258
SPY,strangle,short,2025-07-25,2025-07-28,637.0999755859375,637.47998046875,650.0,624.0,0.3225632092570585,0.07970728294685525,0.08876947854266314,145.71355578612196,193.5379255542351,-47.82436976811315,76451.9970703125,58742.43031418008,SPY|short|strangle,100000.0,158742.4303141801,0.5874243031418009,158596.71675839397,0.0009187677952255582,158596.71675839397,0.4820528358527079,82144.71968808147
SPY,strangle,short,2025-07-28,2025-07-29,636.9400024414062,638.3499755859375,650.0,624.0,0.31969881433057523,0.28207910681562076,0.0887680181281835,22.571824508972696,191.81928859834514,-169.24746408937244,76432.80029296875,58765.00213868905,SPY|short|strangle,100000.0,158765.00213868904,0.5876500213868905,158742.4303141801,0.00014219150144229842,158742.4303141801,0.48148941742730256,82309.63002121134
SPY,strangle,short,2025-07-29,2025-07-30,635.260009765625,635.9199829101562,648.0,623.0,0.22959580960101178,0.1787432794039887,0.08095571748934362,30.511518118213843,137.75748576060707,-107.24596764239323,76231.201171875,58795.51365680727,SPY|short|strangle,100000.0,158795.51365680728,0.5879551365680729,158765.00213868904,0.00019218037796239583,158765.00213868904,0.48015116773206284,82533.80096681404
SPY,strangle,short,2025-07-30,2025-07-31,634.4600219726562,639.4600219726562,647.0,622.0,0.19296805249554438,0.4823024399051916,0.07836584819106847,-173.60063244578834,115.78083149732663,-289.38146394311497,76135.20263671875,58621.91302436148,SPY|short|strangle,100000.0,158621.91302436148,0.5862191302436148,158795.51365680728,-0.001093233860630208,158795.51365680728,0.4794543679695133,82660.31102008853
SPY,strangle,short,2025-07-31,2025-08-01,632.0800170898438,626.2999877929688,645.0,619.0,0.11194428890405561,0.2894519273087457,0.07398403835572166,-106.50458304281406,67.16657334243337,-173.67115638524743,75849.60205078125,58515.408441318665,SPY|short|strangle,100000.0,158515.40844131866,0.5851540844131866,158621.91302436148,-0.0006714367580881266,158621.91302436148,0.4781785858245961,82772.31097358023
SPY,strangle,short,2025-08-01,2025-08-04,621.719970703125,625.6699829101562,634.0,609.0,0.3800995474531277,0.29076205054562854,0.09111695382446586,53.602498144499464,228.0597284718766,-174.45723032737715,74606.396484375,58569.010939463165,SPY|short|strangle,100000.0,158569.01093946316,0.5856901093946316,158515.40844131866,0.0003381532348909964,158515.40844131866,0.4706570624141803,83909.01195694366
SPY,strangle,short,2025-08-04,2025-08-05,631.1699829101562,631.7899780273438,644.0,619.0,0.5333110047093541,0.427886402754055,0.09718276979076657,63.254761173179475,319.98660282561247,-256.731841652433,75740.39794921875,58632.265700636344,SPY|short|strangle,100000.0,158632.26570063634,0.5863226570063635,158569.01093946316,0.00039890998120262113,158569.01093946316,0.4776494316290725,82828.61299024441
SPY,strangle,short,2025-08-05,2025-08-06,627.969970703125,629.0499877929688,641.0,615.0,0.44180530038884314,0.3722830359818765,0.09636044152531162,41.713358644179976,265.0831802333059,-223.3698215891259,75356.396484375,58673.97905928052,SPY|short|strangle,100000.0,158673.97905928054,0.5867397905928053,158632.26570063634,0.00026295633148743863,158632.26570063634,0.4750382663422597,83275.86921626134
SPY,strangle,short,2025-08-06,2025-08-07,632.780029296875,636.239990234375,645.0,620.0,0.4748483550078717,0.6343697714973278,0.09395329841819497,-95.71284989367365,284.909013004723,-380.62186289839667,75933.603515625,58578.26620938685,SPY|short|strangle,100000.0,158578.26620938684,0.5857826620938684,158673.97905928054,-0.0006032044476423911,158673.97905928054,0.47855107665294155,82740.37554365554
SPY,strangle,short,2025-08-07,2025-08-08,632.25,634.0599975585938,645.0,620.0,0.4681791031988709,0.42819850228161727,0.09414889012682916,23.988360550352184,280.90746191932254,-256.91910136897036,75870.0,58602.2545699372,SPY|short|strangle,100000.0,158602.25456993718,0.5860225456993717,158578.26620938684,0.00015127142655651146,158578.26620938684,0.47843882906262325,82708.26620938684
SPY,strangle,short,2025-08-08,2025-08-11,637.1799926757812,637.4600219726562,650.0,624.0,0.4281858734021107,0.11581614251956118,0.09413341197033374,187.42183852952968,256.9115240412664,-69.48968551173671,76461.59912109375,58789.67640846673,SPY|short|strangle,100000.0,158789.67640846674,0.5878967640846673,158602.25456993718,0.0011817098000134936,158602.25456993718,0.48209654603224616,82140.65544884343
SPY,strangle,short,2025-08-11,2025-08-12,635.9199829101562,638.2899780273438,649.0,623.0,0.41645469659925993,0.4262837796819561,0.09397141384139757,-5.897449849617686,249.87281795955596,-255.77026780917365,76310.39794921875,58783.77895861711,SPY|short|strangle,100000.0,158783.77895861713,0.5878377895861713,158789.67640846674,-3.71400079841918e-05,158789.67640846674,0.4805753099018838,82479.27845924799
SPY,strangle,short,2025-08-12,2025-08-13,642.6900024414062,644.9099731445312,656.0,630.0,0.5106695688822711,0.48585425776186497,0.09738750710605931,14.889186672243682,306.40174132936266,-291.512554657119,77122.80029296875,58798.66814528936,SPY|short|strangle,100000.0,158798.66814528935,0.5879866814528936,158783.77895861713,9.377019976407138e-05,158783.77895861713,0.48570956554113004,81660.97866564838
SPY,strangle,short,2025-08-13,2025-08-14,644.8900146484375,642.7899780273438,658.0,632.0,0.5218882723738218,0.4378290809527776,0.0974444232357854,50.43551485262657,313.1329634242931,-262.69744857166654,77386.8017578125,58849.103660141984,SPY|short|strangle,100000.0,158849.103660142,0.58849103660142,158798.66814528935,0.00031760666157780177,158798.66814528935,0.48732651641013225,81411.86638747685
SPY,strangle,short,2025-08-14,2025-08-15,644.9500122070312,645.989990234375,658.0,632.0,0.514268683369707,0.4318309481201261,0.09707106629154764,49.46264114974849,308.5612100218242,-259.0985688720757,77394.00146484375,58898.566301291736,SPY|short|strangle,100000.0,158898.56630129175,0.5889856630129175,158849.103660142,0.0003113813047102483,158849.103660142,0.4872171115955957,81455.10219529824
SPY,strangle,short,2025-08-15,2025-08-18,643.4400024414062,642.8599853515625,656.0,631.0,0.5423120202524885,0.1554299875451406,0.09556989498242786,232.12921962440873,325.3872121514931,-93.25799252708435,77212.80029296875,59130.69552091614,SPY|short|strangle,100000.0,159130.69552091614,0.5913069552091614,158898.56630129175,0.001460864153955061,158898.56630129175,0.4859250910204157,81685.766008323
SPY,strangle,short,2025-08-18,2025-08-19,643.2999877929688,643.1199951171875,656.0,630.0,0.4107459826898072,0.31104122665368195,0.09226331783616111,59.822853621675165,246.44758961388433,-186.62473599220917,77195.99853515625,59190.518374537816,SPY|short|strangle,100000.0,159190.51837453782,0.5919051837453781,159130.69552091614,0.00037593534940474167,159130.69552091614,0.4851106713412788,81934.69698575989
SPY,strangle,short,2025-08-19,2025-08-20,639.8099975585938,639.4000244140625,653.0,627.0,0.4304853867645022,0.3284011929723576,0.09413592949739018,61.25051627528677,258.2912320587013,-197.04071578341456,76777.19970703125,59251.7688908131,SPY|short|strangle,100000.0,159251.7688908131,0.5925176889081312,159190.51837453782,0.0003847623394954888,159190.51837453782,0.48229756703469345,82413.31866750657
SPY,strangle,short,2025-08-20,2025-08-21,638.1099853515625,636.280029296875,651.0,625.0,0.41687550023406317,0.3285058106296326,0.0935174711678074,53.021813762658354,250.1253001404379,-197.10348637777955,76573.1982421875,59304.79070457576,SPY|short|strangle,100000.0,159304.79070457577,0.5930479070457577,159251.7688908131,0.0003329433269844017,159251.7688908131,0.4808310687882403,82678.57064862561
SPY,strangle,short,2025-08-21,2025-08-22,635.5499877929688,637.760009765625,648.0,623.0,0.48670892855452763,0.4916439125864116,0.09429556443123131,-2.9609904191303826,292.0253571327166,-294.98634755184696,76265.99853515625,59301.82971415663,SPY|short|strangle,100000.0,159301.82971415663,0.5930182971415663,159304.79070457577,-1.858695150368339e-05,159304.79070457577,0.4787426554960825,83038.79216941952
SPY,strangle,short,2025-08-22,2025-08-25,645.3099975585938,644.0399780273438,658.0,632.0,0.6608964339713808,0.19885999785307718,0.10262797903031216,277.22186167098215,396.53786038282846,-119.3159987118463,77437.19970703125,59579.051575827616,SPY|short|strangle,100000.0,159579.05157582762,0.5957905157582761,159301.82971415663,0.001740230241977857,159301.82971415663,0.4861036426636201,81864.63000712538
SPY,strangle,short,2025-08-25,2025-08-26,642.469970703125,642.2000122070312,655.0,630.0,0.7573633172076413,0.6018917922549534,0.10384380347306846,93.28291497161274,454.41799032458476,-361.135075352972,77096.396484375,59672.33449079923,SPY|short|strangle,100000.0,159672.33449079923,0.5967233449079923,159579.05157582762,0.0005845561434941055,159579.05157582762,0.4831235411105379,82482.65509145262
SPY,strangle,short,2025-08-26,2025-08-27,645.1599731445312,644.5700073242188,658.0,632.0,0.667463716200281,0.5196286297545498,0.10304624105532628,88.70105186743871,400.4782297201686,-311.7771778527299,77419.19677734375,59761.035542666665,SPY|short|strangle,100000.0,159761.03554266668,0.5976103554266667,159672.33449079923,0.0005555192272368881,159672.33449079923,0.4848629352369421,82253.13771345548
SPY,strangle,short,2025-08-27,2025-08-28,646.6300048828125,647.239990234375,660.0,634.0,0.6621276959081257,0.5344028176025191,0.10290169234306092,76.63492698336398,397.2766175448754,-320.64169056151144,77595.6005859375,59837.67046965003,SPY|short|strangle,100000.0,159837.67046965004,0.5983767046965003,159761.03554266668,0.0004796847161327859,159761.03554266668,0.4856979070169734,82165.43495672918
SPY,strangle,short,2025-08-28,2025-08-29,648.9199829101562,647.469970703125,662.0,636.0,0.6536713311502496,0.5241689525299478,0.1021000906636765,77.70142717218107,392.20279869014973,-314.50137151796866,77870.39794921875,59915.37189682221,SPY|short|strangle,100000.0,159915.3718968222,0.5991537189682221,159837.67046965004,0.00048612712475020094,159837.67046965004,0.48718426463807085,81967.27252043129
SPY,strangle,short,2025-08-29,2025-09-02,645.0499877929688,637.5,658.0,632.0,0.6908301503802647,0.6104389389569337,0.10402954473145824,48.234726853998666,414.49809022815884,-366.2633633741602,77405.99853515625,59963.606623676205,SPY|short|strangle,100000.0,159963.6066236762,0.5996360662367619,159915.3718968222,0.0003016265808712863,159915.3718968222,0.48404351387244243,82509.37336166596
SPY,strangle,short,2025-09-02,2025-09-03,640.27001953125,642.6699829101562,653.0,627.0,0.748583182051064,0.7560082008526798,0.10674687324463528,-4.455011280969529,449.1499092306384,-453.60492051160793,76832.40234375,59959.15161239524,SPY|short|strangle,100000.0,159959.15161239525,0.5995915161239525,159963.6066236762,-2.7850155263441924e-05,159963.6066236762,0.4803117656911972,83131.2042799262
SPY,strangle,short,2025-09-03,2025-09-04,643.739990234375,644.4199829101562,657.0,631.0,0.7800145515488381,0.6391430275516257,0.1076350369349536,84.52291439832749,468.0087309293029,-383.4858165309754,77248.798828125,60043.67452679357,SPY|short|strangle,100000.0,160043.67452679356,0.6004367452679356,159959.15161239525,0.0005284031175855386,159959.15161239525,0.4829282854369614,82710.35278427025
SPY,strangle,short,2025-09-04,2025-09-05,649.1199951171875,651.47998046875,662.0,636.0,0.8093398134101832,0.7956349940679175,0.10754343229259929,8.22289160535945,485.60388804610994,-477.3809964407505,77894.3994140625,60051.89741839893,SPY|short|strangle,100000.0,160051.89741839893,0.6005189741839894,160043.67452679356,5.137904781099501e-05,160043.67452679356,0.4867071419371959,82149.27511273106
SPY,strangle,short,2025-09-05,2025-09-08,647.239990234375,648.6199951171875,660.0,634.0,0.8183652803208261,0.31741123272136207,0.10806579417286417,300.57242855967843,491.01916819249567,-190.44673963281724,77668.798828125,60352.46984695861,SPY|short|strangle,100000.0,160352.46984695861,0.6035246984695861,160051.89741839893,0.0018779685427529696,160051.89741839893,0.4852725902092086,82383.09859027393
SPY,strangle,short,2025-09-08,2025-09-09,648.8300170898438,648.969970703125,662.0,636.0,0.8068560203758324,0.6489610272209347,0.10768303453956164,94.73699589293858,484.1136122254994,-389.37661633256084,77859.60205078125,60447.20684285154,SPY|short|strangle,100000.0,160447.20684285153,0.6044720684285154,160352.46984695861,0.0005908047190252583,160352.46984695861,0.48555287065482017,82492.86779617736
SPY,strangle,short,2025-09-09,2025-09-10,650.3300170898438,653.6199951171875,663.0,637.0,0.8270831597933537,0.9432292428108973,0.10776114925698801,-69.68764981052612,496.2498958760122,-565.9375456865383,78039.60205078125,60377.519193041015,SPY|short|strangle,100000.0,160377.51919304102,0.6037751919304102,160447.20684285153,-0.00043433382968630313,160447.20684285153,0.48638803745095033,82407.60479207028
SPY,strangle,short,2025-09-10,2025-09-11,652.2100219726562,654.1799926757812,665.0,639.0,0.8242283053272672,0.777885531090849,0.10746529412847855,27.805664541850888,494.5369831963603,-466.73131865450944,78265.20263671875,60405.32485758287,SPY|short|strangle,100000.0,160405.32485758286,0.6040532485758285,160377.51919304102,0.00017337632282727946,160377.51919304102,0.48800606862183443,82112.31655632227
SPY,strangle,short,2025-09-11,2025-09-12,657.6300048828125,657.5999755859375,671.0,644.0,0.8145703201876344,0.6509827104301564,0.10935417696780814,98.1525658544868,488.74219211258065,-390.58962625809386,78915.6005859375,60503.477423437354,SPY|short|strangle,100000.0,160503.47742343735,0.6050347742343736,160405.32485758286,0.0006119034136904889,160405.32485758286,0.49197619004234017,81489.72427164536
SPY,strangle,short,2025-09-12,2025-09-15,657.4099731445312,659.6400146484375,671.0,644.0,0.783422422796967,0.3279298138356648,0.10845292085702893,273.2955653767814,470.05345367818023,-196.75788830139885,78889.19677734375,60776.77298881413,SPY|short|strangle,100000.0,160776.77298881413,0.6077677298881414,160503.47742343735,0.0017027392163957793,160503.47742343735,0.4915108260814793,81614.2806460936
SPY,strangle,short,2025-09-15,2025-09-16,660.9099731445312,661.469970703125,674.0,648.0,0.5170155833741532,0.41515855571624627,0.09486097763755406,61.114216594744164,310.2093500244919,-249.09513342974776,79309.19677734375,60837.88720540888,SPY|short|strangle,100000.0,160837.8872054089,0.6083788720540888,160776.77298881413,0.0003801184428486826,160776.77298881413,0.49328765158672266,81467.57621147038
SPY,strangle,short,2025-09-16,2025-09-17,660.0,660.010009765625,673.0,647.0,0.34295665539882947,0.25950213184675164,0.08684516514697689,50.0727141312467,205.77399323929768,-155.70127910805098,79200.0,60887.959919540124,SPY|short|strangle,100000.0,160887.95991954012,0.6088795991954012,160837.8872054089,0.00031132412270062936,160837.8872054089,0.4924212906306851,81637.88720540889
SPY,strangle,short,2025-09-17,2025-09-18,659.1799926757812,661.8900146484375,672.0,646.0,0.30998164662525696,0.370683192101378,0.08501406449107726,-36.42092728567263,185.98898797515417,-222.4099152608268,79101.59912109375,60851.53899225446,SPY|short|strangle,100000.0,160851.53899225447,0.6085153899225446,160887.95991954012,-0.00022637447391269487,160887.95991954012,0.49165642451214103,81786.36079844637
SPY,strangle,short,2025-09-18,2025-09-19,662.260009765625,662.3300170898438,676.0,649.0,0.24400973052163266,0.1800918513372487,0.08361304181102831,38.35072751063038,146.4058383129796,-108.05511080234922,79471.201171875,60889.88971976509,SPY|short|strangle,100000.0,160889.88971976508,0.6088988971976508,160851.53899225447,0.00023842313073844503,160851.53899225447,0.4940655319169921,81380.33782037947
SPY,strangle,short,2025-09-19,2025-09-22,663.7000122070312,662.2000122070312,677.0,650.0,0.24809349261843394,0.05310426844045857,0.08333071827003116,116.99353450678522,148.85609557106037,-31.86256106427514,79644.00146484375,61006.88325427187,SPY|short|strangle,100000.0,161006.88325427187,0.6100688325427188,160889.88971976508,0.0007271652352460575,160889.88971976508,0.4950217916338071,81245.88825492133
SPY,strangle,short,2025-09-22,2025-09-23,666.8400268554688,666.719970703125,680.0,654.0,0.2662161303472388,0.19659274299773344,0.08183123039685099,41.77403240970321,159.72967820834327,-117.95564579864006,80020.80322265625,61048.65728668158,SPY|short|strangle,100000.0,161048.65728668158,0.6104865728668158,161006.88325427187,0.00025945494730017916,161006.88325427187,0.49700237409280523,80986.08003161562
SPY,strangle,short,2025-09-23,2025-09-24,663.2100219726562,664.510009765625,676.0,650.0,0.29669005926142944,0.2657147712039265,0.08372217006665703,18.585172834501748,178.01403555685766,-159.42886272235592,79585.20263671875,61067.24245951608,SPY|short|strangle,100000.0,161067.24245951607,0.6106724245951607,161048.65728668158,0.00011540097972638426,161048.65728668158,0.494168681549761,81463.45464996283
SPY,strangle,short,2025-09-24,2025-09-25,661.0999755859375,657.9400024414062,674.0,648.0,0.22926226050647003,0.22403154888423238,0.08002206628904104,3.138426973342604,137.55735630388202,-134.4189293305394,79331.9970703125,61070.380886489416,SPY|short|strangle,100000.0,161070.3808864894,0.6107038088648942,161067.24245951607,1.948519714759158e-05,161067.24245951607,0.4925396117727193,81735.24538920357
SPY,strangle,short,2025-09-25,2025-09-26,658.0499877929688,659.510009765625,671.0,645.0,0.24164637890438456,0.22053486978198222,0.08124471356447543,12.666905473441403,144.98782734263074,-132.32092186918933,78965.99853515625,61083.04779196286,SPY|short|strangle,100000.0,161083.04779196286,0.6108304779196285,161070.3808864894,7.864205326718703e-05,161070.3808864894,0.4902577252288594,82104.38235133316
SPY,strangle,short,2025-09-26,2025-09-29,661.8200073242188,664.3599853515625,675.0,649.0,0.2670951544004474,0.10893697565988925,0.08251850830360953,94.89490724433489,160.25709264026844,-65.36218539593355,79418.40087890625,61177.9426992072,SPY|short|strangle,100000.0,161177.9426992072,0.611779426992072,161083.04779196286,0.0005891054865493401,161083.04779196286,0.49302767713629503,81664.64691305661
SPY,strangle,short,2025-09-29,2025-09-30,663.6799926757812,662.9299926757812,677.0,650.0,0.229258212851839,0.16180976738817066,0.08212962261469416,40.46906727820101,137.5549277111034,-97.0858604329024,79641.59912109375,61218.4117664854,SPY|short|strangle,100000.0,161218.4117664854,0.6121841176648539,161177.9426992072,0.000251083160638953,161177.9426992072,0.49412219679290825,81536.34357811345
SPY,strangle,short,2025-09-30,2025-10-01,666.1799926757812,663.1699829101562,680.0,653.0,0.23248320557751256,0.2411191952782925,0.08241210945291418,-5.181593820467953,139.48992334650754,-144.6715171669755,79941.59912109375,61213.230172664924,SPY|short|strangle,100000.0,161213.23017266492,0.6121323017266491,161218.4117664854,-3.214021130522711e-05,161218.4117664854,0.49585899181840387,81276.81264539165
SPY,strangle,short,2025-10-01,2025-10-02,668.4500122070312,670.4500122070312,682.0,655.0,0.20645533965812746,0.20849957618752235,0.08020915228251897,-1.2265419176369363,123.87320379487647,-125.09974571251341,80214.00146484375,61212.00363074729,SPY|short|strangle,100000.0,161212.0036307473,0.6121200363074728,161213.23017266492,-7.608196401270961e-06,161213.23017266492,0.49756463150655683,80999.22870782117
SPY,strangle,short,2025-10-02,2025-10-03,669.219970703125,669.989990234375,683.0,656.0,0.19242626608927083,0.14901513915032005,0.07926288669262588,26.046676163370464,115.4557596535625,-89.40908349019203,80306.396484375,61238.05030691066,SPY|short|strangle,100000.0,161238.05030691065,0.6123805030691065,161212.0036307473,0.00016156784592188201,161212.0036307473,0.4981415445236641,80905.60714637229
SPY,strangle,short,2025-10-03,2025-10-06,669.2100219726562,671.6199951171875,683.0,656.0,0.1707663182430288,0.05935650740021314,0.07763436025094321,66.84588650568939,102.45979094581728,-35.61390444012788,80305.20263671875,61304.89619341635,SPY|short|strangle,100000.0,161304.89619341635,0.6130489619341635,161238.05030691065,0.0004145788564079678,161238.05030691065,0.49805366961372194,80932.8476701919
SPY,strangle,short,2025-10-06,2025-10-07,671.6099853515625,672.5399780273438,685.0,658.0,0.06741041668221293,0.05584153960282867,0.06655386027722761,6.941326247630556,40.446250009327755,-33.5049237616972,80593.1982421875,61311.83751966398,SPY|short|strangle,100000.0,161311.83751966397,0.6131183751966396,161304.89619341635,4.3032334488516695e-05,161304.89619341635,0.49963268409131467,80711.69795122885
SPY,strangle,short,2025-10-07,2025-10-08,669.1199951171875,670.25,683.0,656.0,0.05956201422704943,0.04770426737432665,0.06606054122234505,7.11464811163367,35.73720853622966,-28.62256042459599,80294.3994140625,61318.95216777561,SPY|short|strangle,100000.0,161318.9521677756,0.6131895216777561,161311.83751966397,4.410493501920708e-05,161311.83751966397,0.49775887900523474,81017.43810560147
SPY,strangle,short,2025-10-08,2025-10-09,673.1099853515625,673.530029296875,687.0,660.0,0.0680817295001308,0.04716885639040136,0.06690991377336457,12.547723865837668,40.84903770007848,-28.301313834240815,80773.1982421875,61331.499891641455,SPY|short|strangle,100000.0,161331.49989164146,0.6133149989164146,161318.9521677756,7.778208138116179e-05,161318.9521677756,0.5007049522500086,80545.7539255881
SPY,strangle,short,2025-10-09,2025-10-10,671.1599731445312,672.1300048828125,685.0,658.0,0.07489431570329508,0.05815624054362889,0.06800367146271363,10.042845095799713,44.93658942197705,-34.893744326177334,80539.19677734375,61341.542736737254,SPY|short|strangle,100000.0,161341.54273673726,0.6134154273673726,161331.49989164146,6.224974727529964e-05,161331.49989164146,0.4992155706197365,80792.30311429771
SPY,strangle,short,2025-10-10,2025-10-13,653.02001953125,660.6500244140625,666.0,640.0,0.8075491286290131,1.1838528440115084,0.1069096959570804,-225.7822292294972,484.52947717740784,-710.311706406905,78362.40234375,61115.76050750775,SPY|short|strangle,100000.0,161115.76050750774,0.6111576050750775,161341.54273673726,-0.001399405419086072,161341.54273673726,0.48569265555874086,82979.14039298726
SPY,strangle,short,2025-10-13,2025-10-14,663.0399780273438,657.1699829101562,676.0,650.0,1.0750514195994825,1.3323433370259181,0.11369265538235988,-154.37515045586133,645.0308517596895,-799.4060022155509,79564.79736328125,60961.38535705189,SPY|short|strangle,100000.0,160961.38535705188,0.6096138535705189,161115.76050750774,-0.000958162938061343,161115.76050750774,0.49383621510804127,81550.9631442265
SPY,strangle,short,2025-10-14,2025-10-15,662.22998046875,666.8200073242188,675.0,649.0,0.9898693843350514,1.2992055099978117,0.11112176753263452,-185.6016753976561,593.9216306010309,-779.523305998687,79467.59765625,60775.78368165424,SPY|short|strangle,100000.0,160775.78368165425,0.6077578368165426,160961.38535705188,-0.0011530819953241953,160961.38535705188,0.4937059747589234,81493.78770080188
SPY,strangle,short,2025-10-15,2025-10-16,665.1699829101562,666.8200073242188,678.0,652.0,0.9948895806106606,0.8991263296614491,0.11083088021409458,57.457950569526815,596.9337483663963,-539.4757977968695,79820.39794921875,60833.24163222376,SPY|short|strangle,100000.0,160833.24163222377,0.6083324163222377,160775.78368165425,0.00035737938421931143,160775.78368165425,0.4964702775591376,80955.3857324355
SPY,strangle,short,2025-10-16,2025-10-17,660.6400146484375,659.5,674.0,647.0,0.8768360442425092,0.6966228942153592,0.11094301355647856,108.12789001629,526.1016265455055,-417.9737365292155,79276.8017578125,60941.36952224006,SPY|short|strangle,100000.0,160941.36952224007,0.6094136952224007,160833.24163222377,0.0006722981450783992,160833.24163222377,0.4929130380838446,81556.43987441127
SPY,strangle,short,2025-10-17,2025-10-20,664.3900146484375,667.3200073242188,678.0,651.0,0.9046579177410052,0.43783342394225855,0.11137856771763878,280.094696279248,542.7947506446031,-262.70005436535513,79726.8017578125,61221.4642185193,SPY|short|strangle,100000.0,161221.4642185193,0.6122146421851931,160941.36952224007,0.0017403523849133299,160941.36952224007,0.4953779254798454,81214.56776442757
SPY,strangle,short,2025-10-20,2025-10-21,671.2999877929688,671.4400024414062,685.0,658.0,1.0460968231342207,0.8524296669720428,0.11465390618337003,116.20029369730673,627.6580938805324,-511.4578001832257,80555.99853515625,61337.66451221661,SPY|short|strangle,100000.0,161337.6645122166,0.613376645122166,161221.4642185193,0.000720749524640274,161221.4642185193,0.49966050690353975,80665.46568336306
SPY,strangle,short,2025-10-21,2025-10-22,671.2899780273438,672.0,685.0,658.0,1.0456193365012467,0.868342884130513,0.1146449176946238,106.36587142244025,627.371601900748,-521.0057304783078,80554.79736328125,61444.03038363905,SPY|short|strangle,100000.0,161444.03038363904,0.6144403038363904,161337.6645122166,0.0006592748924686842,161337.6645122166,0.49929319112699555,80782.86714893536
SPY,strangle,short,2025-10-22,2025-10-23,667.7999877929688,668.1199951171875,681.0,654.0,1.0784433717421962,0.8899729550740432,0.11591798512161919,113.0822500008918,647.0660230453177,-533.9837730444259,80135.99853515625,61557.11263363994,SPY|short|strangle,100000.0,161557.11263363995,0.6155711263363994,161444.03038363904,0.0007004424365036895,161444.03038363904,0.49637015592790446,81308.03184848279
SPY,strangle,short,2025-10-23,2025-10-24,671.760009765625,676.4600219726562,685.0,658.0,1.062407295916067,1.3720489799473938,0.11478813781203269,-185.7850104187961,637.4443775496402,-823.2293879684363,80611.201171875,61371.32762322114,SPY|short|strangle,100000.0,161371.32762322115,0.6137132762322115,161557.11263363995,-0.0011499649095617183,161557.11263363995,0.49896411156267395,80945.91146176495
SPY,strangle,short,2025-10-24,2025-10-27,677.25,682.72998046875,691.0,664.0,1.1513470402646533,0.8818186695596939,0.11672986944421662,161.71702242297567,690.808224158792,-529.0912017358163,81270.0,61533.04464564412,SPY|short|strangle,100000.0,161533.0446456441,0.6153304464564411,161371.32762322115,0.001002142231862662,161371.32762322115,0.5036210657555831,80101.32762322115
SPY,strangle,short,2025-10-27,2025-10-28,685.239990234375,687.0499877929688,699.0,672.0,1.3286878627542649,1.1769893361644037,0.12022366724517695,91.01911595391675,797.2127176525589,-706.1936016986422,82228.798828125,61624.06376159804,SPY|short|strangle,100000.0,161624.06376159802,0.6162406376159801,161533.0446456441,0.0005634705651316476,161533.0446456441,0.5090524914484881,79304.24581751911
SPY,strangle,short,2025-10-28,2025-10-29,687.0599975585938,688.719970703125,701.0,673.0,1.224350002241735,1.0866040640487924,0.12003858253435609,82.64756291576566,734.610001345041,-651.9624384292754,82447.19970703125,61706.7113245138,SPY|short|strangle,100000.0,161706.7113245138,0.617067113245138,161624.06376159802,0.0005113567929938584,161624.06376159802,0.5101171062537084,79176.86405456677
SPY,strangle,short,2025-10-29,2025-10-30,687.3900146484375,683.9000244140625,701.0,674.0,1.3296444878063198,1.2343473618836498,0.11982010279216067,57.17827555360202,797.7866926837919,-740.6084171301899,82486.8017578125,61763.88960006741,SPY|short|strangle,100000.0,161763.8896000674,0.617638896000674,161706.7113245138,0.0003535924704996095,161706.7113245138,0.510101288203664,79219.9095667013
SPY,strangle,short,2025-10-30,2025-10-31,679.8300170898438,685.0399780273438,693.0,666.0,1.4733908326588647,1.8766090738565957,0.12466291822850899,-241.93094471863867,884.0344995953188,-1125.9654443139575,81579.60205078125,61521.95865534877,SPY|short|strangle,100000.0,161521.95865534878,0.6152195865534877,161763.8896000674,-0.0014955806596686698,161763.8896000674,0.5043128120402668,80184.28754928615
SPY,strangle,short,2025-10-31,2025-11-03,682.0599975585938,685.6699829101562,696.0,668.0,1.3658104307917966,0.7590650084871307,0.12480368612678926,364.04725338279957,819.486258475078,-455.4390050922784,81847.19970703125,61886.00590873157,SPY|short|strangle,100000.0,161886.00590873157,0.6188600590873157,161521.95865534878,0.002253856109803583,161521.95865534878,0.5067249084174036,79674.75894831753
SPY,strangle,short,2025-11-03,2025-11-04,683.3400268554688,676.1099853515625,697.0,670.0,1.4740730571575966,2.001189752424132,0.12432035843137838,-316.2700171599213,884.443834294558,-1200.7138514544793,82000.80322265625,61569.73589157165,SPY|short|strangle,100000.0,161569.73589157165,0.6156973589157164,161886.00590873157,-0.001953658782206466,161886.00590873157,0.5065342292087114,79885.20268607532
SPY,strangle,short,2025-11-04,2025-11-05,675.239990234375,674.97998046875,689.0,662.0,1.578053438658074,1.3109434195469163,0.1284978076124348,160.26601146669464,946.8320631948444,-786.5660517281498,81028.798828125,61730.00190303834,SPY|short|strangle,100000.0,161730.00190303836,0.6173000190303835,161569.73589157165,0.000991930887194419,161569.73589157165,0.5015097560257379,80540.93706344665
SPY,strangle,short,2025-11-05,2025-11-06,677.5800170898438,676.469970703125,691.0,664.0,1.5909707241421671,1.3166114446673873,0.12823976525993305,164.61556768486787,954.5824344853003,-789.9668668004324,81309.60205078125,61894.617470723206,SPY|short|strangle,100000.0,161894.6174707232,0.618946174707232,161730.00190303836,0.0010178418706973088,161730.00190303836,0.5027490329192515,80420.3998522571
SPY,strangle,short,2025-11-06,2025-11-07,670.3099975585938,667.9099731445312,684.0,657.0,1.66918120386093,1.4522330684909832,0.1317107703527626,130.16888122196804,1001.508722316558,-871.3398410945899,80437.19970703125,62024.78635194517,SPY|short|strangle,100000.0,162024.78635194516,0.6202478635194517,161894.6174707232,0.0008040346446076726,161894.6174707232,0.49684912916624546,81457.41776369195
SPY,strangle,short,2025-11-07,2025-11-10,670.969970703125,677.239990234375,684.0,658.0,1.7794355503755241,1.5165922817303432,0.13083058961967453,157.70596118710864,1067.6613302253145,-909.9553690382058,80516.396484375,62182.49231313229,SPY|short|strangle,100000.0,162182.49231313227,0.6218249231313226,162024.78635194516,0.0009733446637266022,162024.78635194516,0.4969387604034842,81508.38986757016
SPY,strangle,short,2025-11-10,2025-11-11,681.4400024414062,679.9500122070312,695.0,668.0,2.0204071427454124,1.709870781688025,0.13778295956026138,186.3218166344327,1212.2442856472476,-1025.9224690128149,81772.80029296875,62368.81412976672,SPY|short|strangle,100000.0,162368.81412976672,0.6236881412976671,162182.49231313227,0.0011488405066232036,162182.49231313227,0.5042023903238995,80409.69202016352
SPY,strangle,short,2025-11-11,2025-11-12,683.0,684.7899780273438,697.0,669.0,1.8810729481366195,1.676625652985038,0.13758143324336455,122.66837709094887,1128.6437688819717,-1005.9753917910228,81960.0,62491.48250685767,SPY|short|strangle,100000.0,162491.48250685766,0.6249148250685765,162368.81412976672,0.000755492227669478,162368.81412976672,0.5047767358484049,80408.81412976672
SPY,strangle,short,2025-11-12,2025-11-13,683.3800048828125,680.5,697.0,670.0,2.0183619708859197,1.789988598166886,0.13736645547313353,137.02402363142028,1211.017182531552,-1073.9931589001317,82005.6005859375,62628.50653048909,SPY|short|strangle,100000.0,162628.50653048907,0.6262850653048908,162491.48250685766,0.0008432689610400805,162491.48250685766,0.5046763025408215,80485.88192092016
SPY,strangle,short,2025-11-13,2025-11-14,672.0399780273438,665.3800048828125,685.0,659.0,2.4836676586848654,2.7646898527721078,0.1463808702844411,-168.61331645234532,1490.2005952109193,-1658.8139116632647,80644.79736328125,62459.89321403674,SPY|short|strangle,100000.0,162459.89321403674,0.6245989321403673,162628.50653048907,-0.0010368004973392178,162628.50653048907,0.4958835267183753,81983.70916720782
SPY,strangle,short,2025-11-14,2025-11-17,671.9299926757812,669.7000122070312,685.0,658.0,2.3277017398775257,1.058088803062148,0.14638287511871173,761.7677620892267,1396.6210439265155,-634.8532818372888,80631.59912109375,63221.66097612597,SPY|short|strangle,100000.0,163221.66097612598,0.6322166097612598,162459.89321403674,0.004688958899447368,162459.89321403674,0.49631695260850434,81828.29409294299
SPY,strangle,short,2025-11-17,2025-11-18,665.6699829101562,662.0999755859375,679.0,652.0,2.3545636858673618,2.1178962379510295,0.1485254513315246,142.0004687497992,1412.738211520417,-1270.7377427706178,79880.39794921875,63363.66144487577,SPY|short|strangle,100000.0,163363.66144487576,0.6336366144487575,163221.66097612598,0.0008699854412740554,163221.66097612598,0.4893982665750636,83341.26302690723
SPY,strangle,short,2025-11-18,2025-11-19,660.0800170898438,660.780029296875,673.0,647.0,2.5333507133229176,2.197109104176434,0.15009047868121303,201.7449654878901,1520.0104279937505,-1318.2654625058603,79209.60205078125,63565.406410363656,SPY|short|strangle,100000.0,163565.40641036365,0.6356540641036366,163363.66144487576,0.0012349439508367378,163363.66144487576,0.48486671607509946,84154.05939409451
SPY,strangle,short,2025-11-19,2025-11-20,662.6300048828125,672.9099731445312,676.0,649.0,2.3639429262931344,4.209205890662137,0.14943711800459725,-1107.1577786214011,1418.3657557758806,-2525.5235343972818,79515.6005859375,62458.24863174225,SPY|short|strangle,100000.0,162458.24863174226,0.6245824863174225,163565.40641036365,-0.006768899383551134,163565.40641036365,0.48613947368824145,84049.80582442615
SPY,strangle,short,2025-11-20,2025-11-21,652.530029296875,655.0499877929688,666.0,639.0,2.5257551893568575,2.3381898724367574,0.15540316252680716,112.5391901520602,1515.4531136141145,-1402.9139234620543,78303.603515625,62570.787821894315,SPY|short|strangle,100000.0,162570.7878218943,0.6257078782189431,162458.24863174226,0.0006927268458197049,162458.24863174226,0.4819921682962516,84154.64511611726
SPY,strangle,short,2025-11-21,2025-11-24,659.030029296875,662.6900024414062,672.0,646.0,1.926171862741029,1.1232407869961492,0.1366944709595967,481.75864544692786,1155.7031176446174,-673.9444721976895,79083.603515625,63052.54646734124,SPY|short|strangle,100000.0,163052.54646734125,0.6305254646734124,162570.7878218943,0.002963377688584017,162570.7878218943,0.48645642046260895,83487.18430626931
SPY,strangle,short,2025-11-24,2025-11-25,668.72998046875,668.6300048828125,682.0,655.0,1.8451407041484913,1.5465827761201325,0.13612036947318257,179.13475681701527,1107.0844224890948,-927.9496656720795,80247.59765625,63231.68122415826,SPY|short|strangle,100000.0,163231.68122415827,0.6323168122415828,163052.54646734125,0.0010986320710599587,163052.54646734125,0.4921578926234265,82804.94881109125
SPY,strangle,short,2025-11-25,2025-11-26,675.02001953125,677.6300048828125,689.0,662.0,1.9922923457715598,1.822496652078648,0.13853716461394072,101.87741621574719,1195.375407462936,-1093.4979912471888,81002.40234375,63333.558640374,SPY|short|strangle,100000.0,163333.558640374,0.6333355864037398,163231.68122415827,0.0006241277149859395,163231.68122415827,0.49624191661980904,82229.27888040827
SPY,strangle,short,2025-11-26,2025-11-28,679.6799926757812,680.8599853515625,693.0,666.0,2.0764956240744255,1.3776378418174673,0.1392997941167295,419.31466935417484,1245.8973744446553,-826.5827050904804,81561.59912109375,63752.87330972818,SPY|short|strangle,100000.0,163752.87330972817,0.6375287330972816,163333.558640374,0.0025672291282002693,163333.558640374,0.49935604048568594,81771.95951928024
SPY,strangle,short,2025-11-28,2025-12-01,683.3900146484375,678.8099975585938,697.0,670.0,2.048982673607128,1.170362321461944,0.13805438508371531,527.1722112871103,1229.3896041642768,-702.2173928771665,82006.8017578125,64280.04552101529,SPY|short|strangle,100000.0,164280.0455210153,0.6428004552101529,163752.87330972817,0.0032193157935616647,163752.87330972817,0.5007961087968321,81746.07155191567
SPY,strangle,short,2025-12-01,2025-12-02,680.27001953125,681.9199829101562,694.0,667.0,2.031306957519064,1.7914099712036347,0.13832201437968836,143.93819178925742,1218.7841745114383,-1074.845982722181,81632.40234375,64423.98371280455,SPY|short|strangle,100000.0,164423.98371280456,0.6442398371280456,164280.0455210153,0.0008761757481424871,164280.0455210153,0.49691002997261335,82647.6431772653
SPY,strangle,short,2025-12-02,2025-12-03,681.530029296875,680.5700073242188,695.0,668.0,1.9183152960260799,1.6055417330594963,0.13538024479277366,187.66413777995,1150.9891776156478,-963.3250398356978,81783.603515625,64611.6478505845,SPY|short|strangle,100000.0,164611.6478505845,0.6461164785058451,164423.98371280456,0.0011413428475722767,164423.98371280456,0.49739461159434295,82640.38019717956
SPY,strangle,short,2025-12-03,2025-12-04,683.8900146484375,685.2999877929688,698.0,670.0,1.8050416302746868,1.5737214986220636,0.1356382551631164,138.79207899157404,1083.0249781648122,-944.2328991732381,82066.8017578125,64750.439929576074,SPY|short|strangle,100000.0,164750.43992957607,0.6475043992957608,164611.6478505845,0.0008431485912683014,164611.6478505845,0.4985479632176655,82544.846092772
SPY,strangle,short,2025-12-04,2025-12-05,684.3900146484375,685.469970703125,698.0,671.0,1.9025528635830113,1.6438519228237993,0.13450658405546026,155.2205644555271,1141.5317181498067,-986.3111536942796,82126.8017578125,64905.660494031596,SPY|short|strangle,100000.0,164905.6604940316,0.6490566049403159,164750.43992957607,0.0009421556902784442,164750.43992957607,0.49849215451514595,82623.63817176357
SPY,strangle,short,2025-12-05,2025-12-08,685.6900024414062,686.5900268554688,699.0,672.0,1.8843845726192114,0.8309792814339119,0.13368603135846133,632.0431747111797,1130.6307435715269,-498.5875688603471,82282.80029296875,65537.70366874278,SPY|short|strangle,100000.0,165537.7036687428,0.6553770366874279,164905.6604940316,0.003832756091074601,164905.6604940316,0.4989689259086822,82622.86020106284
SPY,strangle,short,2025-12-08,2025-12-09,683.6300048828125,683.1500244140625,697.0,670.0,1.8015874808152859,1.500940030808394,0.13217978451001255,180.38847000413523,1080.9524884891716,-900.5640184850364,82035.6005859375,65718.09213874691,SPY|short|strangle,100000.0,165718.09213874693,0.6571809213874693,165537.7036687428,0.001089712289141755,165537.7036687428,0.49557048797836895,83502.10308280529
SPY,strangle,short,2025-12-09,2025-12-10,683.0399780273438,682.5599975585938,697.0,669.0,1.4817798081694775,1.2185620824230483,0.12769136649829524,157.93063544785753,889.0678849016865,-731.137249453829,81964.79736328125,65876.02277419477,SPY|short|strangle,100000.0,165876.02277419477,0.6587602277419478,165718.09213874693,0.000953007806266745,165718.09213874693,0.49460379555091966,83753.29477546568
SPY,strangle,short,2025-12-10,2025-12-11,687.5700073242188,685.1400146484375,701.0,674.0,1.6961968883743879,1.4554792849374536,0.12894371768366356,144.43056206216056,1017.7181330246327,-873.2875709624722,82508.40087890625,66020.45333625693,SPY|short|strangle,100000.0,166020.45333625693,0.6602045333625692,165876.02277419477,0.000870713920231692,165876.02277419477,0.4974100505847312,83367.62189528852
SPY,strangle,short,2025-12-11,2025-12-12,689.1699829101562,688.1699829101562,703.0,675.0,1.5855839049384315,1.3049580656902577,0.12911098062904386,168.37550354890425,951.3503429630589,-782.9748394141546,82700.39794921875,66188.82883980584,SPY|short|strangle,100000.0,166188.82883980585,0.6618882883980586,166020.45333625693,0.0010141853016620633,166020.45333625693,0.49813379187513607,83320.05538703818
SPY,strangle,short,2025-12-12,2025-12-15,681.760009765625,685.739990234375,695.0,668.0,1.6551844682027195,1.018514347683066,0.12892623301372205,382.00207231179206,993.1106809216317,-611.1086086098396,81811.201171875,66570.83091211763,SPY|short|strangle,100000.0,166570.8309121176,0.6657083091211762,166188.82883980585,0.00229860258946776,166188.82883980585,0.49227858300111826,84377.62766793085
SPY,strangle,short,2025-12-15,2025-12-16,680.72998046875,679.22998046875,694.0,667.0,1.635044373028009,1.3547732301711477,0.1286463003429745,168.16268571411683,981.0266238168055,-812.8639381026886,81687.59765625,66738.99359783175,SPY|short|strangle,100000.0,166738.99359783175,0.6673899359783175,166570.8309121176,0.0010095566240096328,166570.8309121176,0.490407577418811,84883.23325586761
SPY,strangle,short,2025-12-16,2025-12-17,678.8699951171875,679.8900146484375,692.0,665.0,1.6286106410068868,1.4146061789018702,0.1287361719660116,128.40267726300988,977.1663846041321,-848.7637073411222,81464.3994140625,66867.39627509475,SPY|short|strangle,100000.0,166867.39627509477,0.6686739627509477,166738.99359783175,0.0007700818776243327,166738.99359783175,0.4885743739736825,85274.59418376925
SPY,strangle,short,2025-12-17,2025-12-18,671.4000244140625,677.5999755859375,685.0,658.0,1.534791446560277,2.0738317646427546,0.12807919807149726,-323.42419084948654,920.8748679361662,-1244.2990587856527,80568.0029296875,66543.97208424527,SPY|short|strangle,100000.0,166543.97208424527,0.6654397208424527,166867.39627509477,-0.0019382108073184943,166867.39627509477,0.4828265121178283,86299.39334540727
SPY,strangle,short,2025-12-18,2025-12-19,676.469970703125,676.5900268554688,690.0,663.0,1.6355165898941237,1.3673090609499639,0.1296175628012334,160.92451736649593,981.3099539364742,-820.3854365699783,81176.396484375,66704.89660161176,SPY|short|strangle,100000.0,166704.89660161175,0.6670489660161174,166543.97208424527,0.0009662584322481107,166543.97208424527,0.4874171996048732,85367.57559987027
SPY,strangle,short,2025-12-19,2025-12-22,680.5900268554688,683.9400024414062,694.0,667.0,1.5509786410553659,0.8521768748524181,0.1266632920813577,419.28105972176866,930.5871846332195,-511.30612491145087,81670.80322265625,67124.17766133354,SPY|short|strangle,100000.0,167124.17766133352,0.6712417766133352,166704.89660161175,0.0025151094435081813,166704.89660161175,0.4899124434108952,85034.0933789555
SPY,strangle,short,2025-12-22,2025-12-23,684.8300170898438,683.9199829101562,699.0,671.0,1.4929301658162188,1.2337759353985973,0.1277354620945751,155.49253825057292,895.7580994897313,-740.2655612391584,82179.60205078125,67279.6701995841,SPY|short|strangle,100000.0,167279.6701995841,0.672796701995841,167124.17766133352,0.0009304012167866496,167124.17766133352,0.491727787090824,84944.57561055227
SPY,strangle,short,2025-12-23,2025-12-24,687.9600219726562,687.9500122070312,702.0,674.0,1.2429615028926833,1.0180931382925493,0.12045137136060584,134.92101876008041,745.77690173561,-610.8558829755295,82555.20263671875,67414.59121834418,SPY|short|strangle,100000.0,167414.59121834417,0.6741459121834417,167279.6701995841,0.0008065595693672994,167279.6701995841,0.49351605331491144,84724.46756286535
SPY,strangle,short,2025-12-24,2025-12-26,690.3800048828125,690.6400146484375,704.0,677.0,1.3820867454512893,0.830142349730842,0.12067746845307324,331.1666374322684,829.2520472707736,-498.0854098385052,82845.6005859375,67745.75785577645,SPY|short|strangle,100000.0,167745.75785577646,0.6774575785577646,167414.59121834417,0.001978122904474657,167414.59121834417,0.4948529275915338,84568.99063240667
SPY,strangle,short,2025-12-26,2025-12-29,690.3099975585938,687.5399780273438,704.0,677.0,1.3808326163099736,0.617634257978235,0.12068314501241054,457.91901499904316,828.4995697859841,-370.580554786941,82837.19970703125,68203.6768707755,SPY|short|strangle,100000.0,168203.6768707755,0.6820367687077549,167745.75785577646,0.002729839614738575,167745.75785577646,0.49382589918162084,84908.55814874521
SPY,strangle,short,2025-12-29,2025-12-30,687.8499755859375,687.4500122070312,702.0,674.0,0.8903704278069426,0.710584897132648,0.11006781647021999,107.87131840457675,534.2222566841656,-426.35093827958883,82541.9970703125,68311.54818918007,SPY|short|strangle,100000.0,168311.5481891801,0.6831154818918008,168203.6768707755,0.0006413136764391316,168203.6768707755,0.4907264728447428,85661.679800463
SPY,strangle,short,2025-12-30,2025-12-31,687.010009765625,687.1400146484375,701.0,673.0,0.8925363346254613,0.7194183790881112,0.11018890986376209,103.87077332241006,535.5218007752768,-431.65102745286674,82441.201171875,68415.41896250249,SPY|short|strangle,100000.0,168415.4189625025,0.6841541896250249,168311.5481891801,0.0006171339663851265,168311.5481891801,0.4898130999259309,85870.34701730509
SPY,strangle,short,2025-12-31,2026-01-02,681.9199829101562,685.7100219726562,696.0,668.0,0.8233992762581508,0.6918615327258397,0.10878891926905364,78.92264611938668,494.0395657548905,-415.1169196355038,81830.39794921875,68494.34160862188,SPY|short|strangle,100000.0,168494.34160862188,0.6849434160862189,168415.4189625025,0.00046861888659350555,168415.4189625025,0.48588424060767377,86585.02101328375
SPY,strangle,short,2026-01-02,2026-01-05,683.1699829101562,686.5399780273438,697.0,670.0,0.8065849637906553,0.40764369942025525,0.10522490225957538,239.36475862224,483.95097827439315,-244.58621965215315,81980.39794921875,68733.70636724411,SPY|short|strangle,100000.0,168733.70636724413,0.6873370636724412,168494.34160862188,0.0014206100711573787,168494.34160862188,0.4865468903379709,86513.94365940313
SPY,strangle,short,2026-01-05,2026-01-06,687.719970703125,687.9299926757812,701.0,674.0,0.8660088576171248,0.7020448896385716,0.10615239246576148,98.37838078713196,519.6053145702749,-421.22693378314295,82526.396484375,68832.08474803124,SPY|short|strangle,100000.0,168832.08474803122,0.6883208474803122,168733.70636724413,0.0005830392925347957,168733.70636724413,0.4890925367617934,86207.30988286913
SPY,strangle,short,2026-01-06,2026-01-07,691.8099975585938,692.1900024414062,706.0,678.0,0.4813275038187328,0.37709900274126795,0.09452078701744786,62.537100646478905,288.7965022912397,-226.25940164476077,83017.19970703125,68894.62184867772,SPY|short|strangle,100000.0,168894.62184867772,0.6889462184867772,168832.08474803122,0.00037041004818373635,168832.08474803122,0.4917145922288881,85814.88504099997
SPY,strangle,short,2026-01-07,2026-01-08,689.5800170898438,688.8200073242188,703.0,676.0,0.49450469865874425,0.37566334631222986,0.09255265707911327,71.30481140790863,296.70281919524655,-225.39800778733792,82749.60205078125,68965.92666008564,SPY|short|strangle,100000.0,168965.92666008562,0.6896592666008563,168894.62184867772,0.00042218521008794855,168894.62184867772,0.48994811761928875,86145.01979789647
SPY,strangle,short,2026-01-08,2026-01-09,689.510009765625,690.6300048828125,703.0,676.0,0.30901047056149267,0.26100329755011664,0.08387167892713239,28.80430380682563,185.4062823368956,-156.60197853006997,82741.201171875,68994.73096389246,SPY|short|strangle,100000.0,168994.73096389248,0.6899473096389248,168965.92666008562,0.0001704740380276327,168965.92666008562,0.48969163669506116,86224.72548821062
SPY,strangle,short,2026-01-09,2026-01-12,694.0700073242188,690.6799926757812,708.0,680.0,0.24221294563011142,0.08939044485979375,0.08183695208094197,91.6935004621906,145.32776737806685,-53.63426691587625,83288.40087890625,69086.42446435464,SPY|short|strangle,100000.0,169086.42446435464,0.6908642446435465,168994.73096389248,0.0005425820079667566,168994.73096389248,0.4928461402545249,85706.33008498623
SPY,strangle,short,2026-01-12,2026-01-13,695.1599731445312,695.489990234375,709.0,681.0,0.21583171887721875,0.16258624488340345,0.07990522750703,31.947284396289177,129.49903132633125,-97.55174693004207,83419.19677734375,69118.37174875094,SPY|short|strangle,100000.0,169118.37174875094,0.6911837174875095,169086.42446435464,0.0001889405639600832,169086.42446435464,0.49335242046548494,85667.22768701089
SPY,strangle,short,2026-01-13,2026-01-14,693.77001953125,691.0,708.0,680.0,0.19608297512182205,0.18697868006187157,0.07901409006380808,5.462577035970284,117.64978507309323,-112.18720803712294,83252.40234375,69123.83432578691,SPY|short|strangle,100000.0,169123.8343257869,0.691238343257869,169118.37174875094,3.2300317106208356e-05,169118.37174875094,0.49227296527803094,85865.96940500094
SPY,strangle,short,2026-01-14,2026-01-15,690.3599853515625,694.5700073242188,704.0,677.0,0.2292272036026759,0.39356552719250804,0.07921666470706613,-98.60299415389926,137.53632216160554,-236.1393163155048,82843.1982421875,69025.23133163301,SPY|short|strangle,100000.0,169025.231331633,0.6902523133163299,169123.8343257869,-0.0005830224613046449,169123.8343257869,0.48983751209545573,86280.63608359941
SPY,strangle,short,2026-01-15,2026-01-16,692.239990234375,693.6599731445312,706.0,678.0,0.20463874453280795,0.18740736023958782,0.07938614098998542,10.338830575932079,122.78324671968477,-112.44441614375269,83068.798828125,69035.57016220894,SPY|short|strangle,100000.0,169035.57016220893,0.6903557016220891,169025.231331633,6.11673801270945e-05,169025.231331633,0.4914579804073234,85956.432503508
SPY,strangle,short,2026-01-16,2026-01-20,691.6599731445312,681.489990234375,705.0,678.0,0.2319314460908899,0.684334689206345,0.07898026106540734,-271.44194586927307,139.15886765453394,-410.600813523807,82999.19677734375,68764.12821633967,SPY|short|strangle,100000.0,168764.12821633968,0.6876412821633968,169035.57016220893,-0.0016058273747282512,169035.57016220893,0.49101616125941155,86036.37338486518
SPY,strangle,short,2026-01-20,2026-01-21,677.5800170898438,679.6500244140625,691.0,664.0,0.6289118978982913,0.5990692726879168,0.09958369574946604,17.905575126224676,377.34713873897476,-359.4415636127501,81309.60205078125,68782.03379146589,SPY|short|strangle,100000.0,168782.0337914659,0.6878203379146588,168764.12821633968,0.0001060982290221736,168764.12821633968,0.4817943416657242,87454.52616555843
SPY,strangle,short,2026-01-21,2026-01-22,685.4000244140625,689.8499755859375,699.0,672.0,0.817757572085462,1.040818813846652,0.10516058709820021,-133.83674505671405,490.6545432512772,-624.4912883079912,82248.0029296875,68648.19704640917,SPY|short|strangle,100000.0,168648.1970464092,0.6864819704640919,168782.0337914659,-0.0007929561106134818,168782.0337914659,0.4873030682359641,86534.03086177839
SPY,strangle,short,2026-01-22,2026-01-23,688.97998046875,688.1500244140625,703.0,675.0,0.7695499121098734,0.6060429455248908,0.10582233770537054,98.10417995098959,461.72994726592407,-363.6257673149345,82677.59765625,68746.30122636017,SPY|short|strangle,100000.0,168746.30122636017,0.6874630122636016,168648.1970464092,0.0005817090349563177,168648.1970464092,0.49023706807549505,85970.59939015919
SPY,strangle,short,2026-01-23,2026-01-26,689.22998046875,690.489990234375,703.0,675.0,0.7744132041938983,0.28096666191979125,0.10576889483416659,296.0679253644642,464.64792251633895,-168.57999715187475,82707.59765625,69042.36915172463,SPY|short|strangle,100000.0,169042.36915172462,0.6904236915172461,168746.30122636017,0.0017545150513688112,168746.30122636017,0.4901298402108626,86038.70357011017
